"fish","event","fl","circ","wt","size","clip","dna","acoustic","pit","date","lat","long"
"CK01","CT2019_001",84,50,16.0186367126625,"large","N",401,7689,"989.001030620028","11/7/2019",48.7902166666667,-126.025983333333
"CK02","CT2019_002",77,43,10.8601017366281,"large","N",402,7690,"989.001030620046","11/7/2019",48.7955666666667,-126.08185
"CK03","CT2019_003",71,43,10.0138600428649,"medium","N",403,NA,"989.001030620047","11/7/2019",48.7961333333333,-126.12025
"CK04","CT2019_007",68,44,10.0420070759457,"medium","N",404,7691,"989.001030620024","11/7/2019",48.7787666666667,-126.10955
"CK05","CT2019_007",52,30,3.5698676102505,"sublegal","N",405,NA,NA,"11/7/2019",48.7787666666667,-126.10955
"CK06","CT2019_012",84,45,12.9750957372566,"large","N",406,7692,"989.001030620005","11/7/2019",48.7815333333333,-125.898116666667
"CK07","CT2019_013",38,23,1.53336492951401,"sublegal","N",407,NA,"989.001030619985","11/7/2019",48.7752,-125.855516666667
"CK08","CT2019_015",70,42,9.41895838704555,"medium","Y",408,7693,"989.001030620029","11/7/2019",48.7669666666667,-125.793016666667
"CK09","CT2019_015",72,43,10.1549003251587,"medium","N",409,NA,"989.001030619968","11/7/2019",48.7669666666667,-125.793016666667
"CK10","CT2019_016",61,38,6.71897902951507,"medium","Y",410,7694,"989.001030619981","12/7/2019",48.6446166666667,-125.633733333333
"CK11","CT2019_016",81,44,11.9618025463471,"large","N",411,7695,"989.001030619996","12/7/2019",48.6446166666667,-125.633733333333
"CK12","CT2019_017",65,46,10.4914442545695,"medium","Y",412,NA,"989.001030620023","12/7/2019",48.6232,-125.639083333333
"CK13","CT2019_017",66,41,8.46287461296692,"medium","Y",413,7696,"989.001030620050","12/7/2019",48.6232,-125.639083333333
"CK14","CT2019_019",61,34,5.37890564966718,"medium","Y",414,NA,"989.001030620015","12/7/2019",48.6084,-125.653316666667
"CK15","CT2019_019",67,40,8.177132645702,"medium","N",415,7697,"989.001030620027","12/7/2019",48.6084,-125.653316666667
"CK16","CT2019_020",80,49,14.6517130465153,"large","N",416,7698,"989.001030619980","12/7/2019",48.6302666666667,-125.623833333333
"CK17","CT2019_020",56,36,5.53604084789616,"medium","N",417,NA,"989.001030620040","12/7/2019",48.6302666666667,-125.623833333333
"CK18","CT2019_021",59,38,6.49868463510473,"medium","N",418,7699,"989.001030620042","12/7/2019",48.6221333333333,-125.622183333333
"CK19","CT2019_021",73,47,12.3005585732086,"medium","Y",419,7700,"989.001030620025","12/7/2019",48.6221333333333,-125.622183333333
"CK20","CT2019_021",78,45,12.0483031845954,"large","N",420,7701,"989.001030620004","12/7/2019",48.6221333333333,-125.622183333333
"CK21","CT2019_021",65,37,6.78770660893463,"medium","N",421,NA,"989.001030619972","12/7/2019",48.6221333333333,-125.622183333333
"CK22","CT2019_021",77,46,12.4283262707977,"large","N",422,7702,"989.001030619991","12/7/2019",48.6221333333333,-125.622183333333
"CK23","CT2019_021",70,43,9.87281976057099,"medium","N",423,NA,"989.001030620058","12/7/2019",48.6221333333333,-125.622183333333
"CK24","CT2019_022",54,33,4.48567595488015,"sublegal","N",424,NA,"989.001030620056","12/7/2019",48.6195666666667,-125.631466666667
"CK25","CT2019_022",64,39,7.42532462932104,"medium","N",425,7703,"989.001030620018","12/7/2019",48.6195666666667,-125.631466666667
"CK26","CT2019_022",72,46,11.6212920973693,"medium","N",426,7704,"989.001030620045","12/7/2019",48.6195666666667,-125.631466666667
"CK27","CT2019_022",59,35,5.51308080194134,"medium","N",427,NA,"989.001030619964","12/7/2019",48.6195666666667,-125.631466666667
"CK28","CT2019_022",53,30,3.63851891044762,"sublegal","N",428,NA,NA,"12/7/2019",48.6195666666667,-125.631466666667
"CK29","CT2019_023",54,31,3.95843396936623,"sublegal","N",429,NA,NA,"12/7/2019",48.63725,-125.621483333333
"CK30","CT2019_023",68,42,9.14984529027282,"medium","N",430,7705,"989.001030620007","12/7/2019",48.63725,-125.621483333333
"CK31","CT2019_023",71,48,12.4780603238294,"medium","N",431,7706,"989.001030619994","12/7/2019",48.63725,-125.621483333333
"CK32","CT2019_023",71,43,10.0138600428649,"medium","N",432,NA,"989.001030619982","12/7/2019",48.63725,-125.621483333333
"CK33","CT2019_024",57,32,4.45226565545088,"medium","N",433,NA,NA,"12/7/2019",48.6238333333333,-125.63405
"CK34","CT2019_024",63,38,6.93927342392539,"medium","N",434,7707,"989.001030619986","12/7/2019",48.6238333333333,-125.63405
"CK35","CT2019_025",62,34,5.46708443080927,"medium","N",435,7708,"989.001030619976","12/7/2019",48.6373333333333,-125.626033333333
"CK36","CT2019_025",72,47,12.1320577708359,"medium","N",436,NA,"989.001030620048","12/7/2019",48.6373333333333,-125.626033333333
"CK37","CT2019_025",72,42,9.68807148381828,"medium","N",437,NA,"989.001030620035","12/7/2019",48.6373333333333,-125.626033333333
"CK38","CT2019_026",76,44,11.2234196731158,"large","N",438,7709,"989.001030620054","15/7/2019",48.9131333333333,-125.539916666667
"CK39","CT2019_026",93,56,22.2466826665457,"large","N",439,NA,"989.001030620011","15/7/2019",48.9131333333333,-125.539916666667
"CK40","CT2019_027",56,33,4.65181210135719,"medium","N",440,NA,"989.001030620052","15/7/2019",48.9272,-125.572383333333
"CK41","CT2019_027",75,47,12.6375601779541,"medium","N",441,NA,"989.001030620041","15/7/2019",48.9272,-125.572383333333
"CK42","CT2019_029",72,41,9.23222685050937,"medium","N",442,NA,"989.001030620049","15/7/2019",48.9123,-125.540366666667
"CK43","CT2019_030",70,42,9.41895838704555,"medium","Y",443,NA,"989.001030619989","15/7/2019",48.9293666666667,-125.57445
"CK44","CT2019_030",67,39,7.77338672132046,"medium","Y",444,NA,"989.001030620020","15/7/2019",48.9293666666667,-125.57445
"CK45","CT2019_030",77,45,11.8938377591519,"large","Y",445,NA,"989.001030620044","15/7/2019",48.9293666666667,-125.57445
"CK46","CT2019_030",71,44,10.4850367998845,"medium","Y",446,7711,"989.001030620016","15/7/2019",48.9293666666667,-125.57445
"CK47","CT2019_033",71,43,10.0138600428649,"medium","N",447,NA,"989.001030619992","15/7/2019",48.91725,-125.55285
"CK48","CT2019_033",63,34,5.55526321195136,"medium","Y",448,NA,"989.001030619983","15/7/2019",48.91725,-125.55285
"CK49","CT2019_034",56,31,4.10504263489831,"medium","N",449,NA,"989.001030619998","15/7/2019",48.9032,-125.622116666667
"CK50","CT2019_035",76,45,11.7393723337084,"large","Y",450,7710,"989.001030620021","15/7/2019",48.8861,-125.668583333333
"CK51","CT2019_036",82,46,13.2353604442262,"large","N",451,7712,"989.001030620022","15/7/2019",48.8742833333333,-125.700566666667
"CK52","CT2019_037",78,46,12.5897331054834,"large","Y",452,NA,"989.001030619974","15/7/2019",48.8562166666667,-125.6898
"CK53","CT2019_040",54,29,3.46414460794693,"sublegal","Y",453,NA,"989.001030619993","15/7/2019",48.8155333333333,-125.611133333333
"CK54","CT2019_041",51,28,3.04994843009094,"sublegal","Y",454,NA,"989.001030620012","15/7/2019",48.82185,-125.572016666667
"CK55","CT2019_042",65,40,7.93303913389,"medium","Y",455,7713,"989.001030620051","15/7/2019",48.83405,-125.5406
"CK56","CT2019_043",64,41,8.20642386711944,"medium","Y",456,NA,"989.001030620059","15/7/2019",48.8516166666667,-125.527533333333
"CK57","CT2019_044",69,43,9.73177947827712,"medium","N",457,NA,"989.001030619962","15/7/2019",48.8700333333333,-125.525133333333
"CK58","CT2019_046",60,35,5.60652284943188,"medium","N",458,NA,"989.001030619977","16/7/2019",48.6461833333333,-125.628783333333
"CK59","CT2019_047",54,30,3.70717021064475,"sublegal","Y",459,NA,"989.001030620010","16/7/2019",48.6246166666667,-125.652883333333
"CK60","CT2019_047",59,31,4.32495563319643,"medium","Y",460,NA,"989.001030619965","16/7/2019",48.6246166666667,-125.652883333333
"CK61","CT2019_047",60,34,5.2907268685251,"medium","N",461,NA,"989.001030620006","16/7/2019",48.6246166666667,-125.652883333333
"CK62","CT2019_047",75,46,12.1055126014264,"medium","Y",462,7714,"989.001030619978","16/7/2019",48.6246166666667,-125.652883333333
"CK63","CT2019_048",62,35,5.79340694441294,"medium","N",463,NA,"989.001030619973","16/7/2019",48.6029833333333,-125.6563
"CK64","CT2019_048",58,34,5.11436930624093,"medium","N",464,NA,"989.001030620017","16/7/2019",48.6029833333333,-125.6563
"CK65","CT2019_048",77,45,11.8938377591519,"large","N",465,7715,"989.001030619968","16/7/2019",48.6029833333333,-125.6563
"CK66","CT2019_048",79,42,10.6299673225228,"large","N",466,7716,"989.001030619997","16/7/2019",48.6029833333333,-125.6563
"CK67","CT2019_048",69,42,9.28440183865918,"medium","Y",467,7717,"989.001030620043","16/7/2019",48.6029833333333,-125.6563
"CK68","CT2019_049",61,35,5.69996489692241,"medium","N",468,NA,"989.001030620033","16/7/2019",48.5883833333333,-125.6697
"CK69","CT2019_049",81,50,15.4465425443531,"large","Y",469,7718,"989.001030620003","16/7/2019",48.5883833333333,-125.6697
"CK70","CT2019_049",68,42,9.14984529027282,"medium","N",470,NA,"989.001030619984","16/7/2019",48.5883833333333,-125.6697
"CK71","CT2019_050",87,49,15.9337379380854,"large","N",471,NA,"989.001030620055","16/7/2019",48.5721,-125.695083333333
"CK72","CT2019_051",83,50,15.8279386565594,"large","N",472,7719,"989.001030620038","16/7/2019",48.5590333333333,-125.726166666667
"CK73","CT2019_052",76,48,13.3567969663526,"large","N",473,7720,"989.001030620001","16/7/2019",48.5503,-125.749983333333
"CK74","CT2019_052",74,44,10.9280665238232,"medium","Y",474,NA,"989.001030620053","16/7/2019",48.5503,-125.749983333333
"CK75","CT2019_052",84,51,16.6657896358541,"large","N",475,7721,"989.001030619961","16/7/2019",48.5503,-125.749983333333
"CK76","CT2019_053",61,33,5.0671524675498,"medium","N",476,NA,"989.001030620000","16/7/2019",48.5394333333333,-125.776166666667
"CK77","CT2019_053",88,55,20.3055290138608,"large","N",477,7722,"989.001030619990","16/7/2019",48.5394333333333,-125.776166666667
"CK78","CT2019_054",81,46,13.0739536095405,"large","N",478,NA,"989.001030619988","16/7/2019",48.5303666666667,-125.811733333333
"CK79","CT2019_054",68,39,7.88940741865361,"medium","N",479,7723,"989.001030619979","16/7/2019",48.5303666666667,-125.811733333333
"CK80","CT2019_055",85,53,18.2128085461851,"large","N",480,7724,"989.001030620057","16/7/2019",48.5245333333333,-125.849033333333
"CK81","CT2019_055",78,49,14.2854202203524,"large","Y",481,NA,"989.001030619987","16/7/2019",48.5245333333333,-125.849033333333
"CK82","CT2019_057",81,48,14.2355336088758,"large","N",482,7725,"989.001030620009","16/7/2019",48.527,-125.910166666667
"CK83","CT2019_058",82,44,12.1094791209933,"large","N",483,NA,"989.001030619999","16/7/2019",48.5396166666667,-125.882983333333
"CK84","CT2019_059",88,51,17.4593986661328,"large","Y",484,NA,"989.001030620032","16/7/2019",48.5513833333333,-125.861416666667
"CK85","CT2019_060",79,44,11.6664493970545,"large","N",485,7726,"989.001030619963","16/7/2019",48.5679666666667,-125.826483333333
"CK86","CT2019_061",78,43,11.001142018922,"large","Y",486,NA,"989.001030619967","17/7/2019",48.9143333333333,-125.545533333333
"CK87","CT2019_062",70,41,8.97577610466189,"medium","Y",487,NA,"989.001030620030","17/7/2019",48.9327166666667,-125.5801
"CK88","CT2019_062",67,39,7.77338672132046,"medium","Y",488,NA,"989.001030620015","17/7/2019",48.9327166666667,-125.5801
"CK89","CT2019_062",79,47,13.311563387445,"large","Y",489,NA,"989.001030620034","17/7/2019",48.9327166666667,-125.5801
"CK90","CT2019_063",80,46,12.9125467748548,"large","N",490,7727,"989.001030619971","17/7/2019",48.9355166666667,-125.586633333333
"CK91","CT2019_064",82,50,15.6372406004562,"large","Y",491,7728,"989.001030620008","17/7/2019",48.9206833333333,-125.560533333333
"CK92","CT2019_067",77,48,13.5325442948573,"large","Y",492,NA,"989.001030619966","17/7/2019",48.9311166666667,-125.57855
"CK93","CT2019_068",60,36,5.9314723370316,"medium","Y",493,NA,"989.001030620026","17/7/2019",48.9141333333333,-125.544833333333
"CK94","CT2019_069",78,42,10.4954107741365,"large","N",494,7729,"989.001030620031","17/7/2019",48.9202166666667,-125.56055
"CK95","CT2019_074",65,36,6.4257616984509,"medium","Y",495,NA,"989.001030619975","17/7/2019",48.8951666666667,-125.5255
"CK96","CT2019_074",63,33,5.23328861402684,"medium","Y",496,NA,"989.001030620014","17/7/2019",48.8951666666667,-125.5255
"CK97","CT2019_075",67,40,8.177132645702,"medium","Y",497,7730,"989.001030620039","17/7/2019",48.8801,-125.4999
"CK98","CT2019_076",71,40,8.665319669326,"medium","Y",498,NA,"989.001030620060","17/7/2019",48.8589333333333,-125.473933333333
"CK99","CT2019_076",70,40,8.54327291342,"medium","N",499,7731,"989.001030620019","17/7/2019",48.8589333333333,-125.473933333333
"CK100","CT2019_077",69,37,7.20541163102292,"medium","N",500,NA,"989.001030619970","17/7/2019",48.8749833333333,-125.485833333333
"CK101","CT2019_078",73,41,9.36045222343311,"medium","N",501,7732,"989.001030620062","23/7/2019",48.86755,-125.539866666667
"CK102","CT2019_079",66,34,5.81979955537761,"medium","Y",502,NA,"989.001030620088","23/7/2019",48.8347333333333,-125.542366666667
"CK103","CT2019_079",62,33,5.15022054078832,"medium","N",503,NA,"989.001030620117","23/7/2019",48.8347333333333,-125.542366666667
"CK104","CT2019_082",68,39,7.88940741865361,"medium","Y",504,NA,"989.001030620145","23/7/2019",48.8049,-125.63325
"CK105","CT2019_084",71,39,8.23746951065303,"medium","Y",505,NA,"989.001030620153","23/7/2019",48.8014666666667,-125.702833333333
"CK106","CT2019_088",56,30,3.844472811039,"medium","Y",506,NA,"989.001030620140","23/7/2019",48.8319666666667,-125.829033333333
"CK107","CT2019_092",61,32,4.76470535057024,"medium","N",507,NA,"989.001030620144","23/7/2019",48.8586666666667,-125.757066666667
"CK108","CT2019_096",36,21,1.21100893547728,"sublegal","Y",508,NA,NA,"23/7/2019",48.8978333333333,-125.626666666667
"CK109","CT2019_099",61,33,5.0671524675498,"medium","N",509,NA,"989.001030620113","24/7/2019",48.6364166666667,-125.637233333333
"CK110","CT2019_099",57,31,4.17834696766435,"medium","N",510,NA,"989.001030620141","24/7/2019",48.6364166666667,-125.637233333333
"CK111","CT2019_099",74,46,11.9441057667407,"medium","Y",511,7733,"989.001030620098","24/7/2019",48.6364166666667,-125.637233333333
"CK112","CT2019_100",60,32,4.6865954267904,"medium","Y",512,NA,"989.001030620157","24/7/2019",48.6063666666667,-125.652333333333
"CK113","CT2019_100",81,47,13.6485649921904,"large","Y",513,7734,"989.001030620096","24/7/2019",48.6063666666667,-125.652333333333
"CK114","CT2019_100",65,39,7.54134532665418,"medium","Y",514,7735,"989.001030620129","24/7/2019",48.6063666666667,-125.652333333333
"CK115","CT2019_100",78,50,14.8744483760438,"large","N",515,7736,"989.001030620126","24/7/2019",48.6063666666667,-125.652333333333
"CK116","CT2019_100",70,38,7.71030380436155,"medium","Y",516,7737,"989.001030620104","24/7/2019",48.6063666666667,-125.652333333333
"CK117","CT2019_100",78,47,13.1430625850723,"large","N",517,NA,"989.001030620112","24/7/2019",48.6063666666667,-125.652333333333
"CK118","CT2019_101",79,47,13.311563387445,"large","Y",518,7738,"989.001030620135","24/7/2019",48.58035,-125.67295
"CK119","CT2019_102",55,30,3.77582151084188,"medium","N",519,NA,"989.001030620107","24/7/2019",48.56015,-125.706133333333
"CK120","CT2019_103",64,36,6.32690382616704,"medium","N",520,7910,"989.001030620076","24/7/2019",48.5514166666667,-125.723933333333
"CK121","CT2019_103",82,48,14.4112809373805,"large","Y",521,NA,"989.001030620127","24/7/2019",48.5514166666667,-125.723933333333
"CK122","CT2019_104",75,43,10.5780211720403,"medium","N",522,7911,"989.001030620125","24/7/2019",48.54,-125.756933333333
"CK123","CT2019_104",84,51,16.6657896358541,"large","N",523,7912,"989.001030620101","24/7/2019",48.54,-125.756933333333
"CK124","CT2019_105",86,51,17.0625941509934,"large","Y",524,NA,"989.001030620085","24/7/2019",48.5349,-125.791516666667
"CK125","CT2019_105",74,43,10.4369808897465,"medium","N",525,NA,"989.001030620130","24/7/2019",48.5349,-125.791516666667
"CK126","CT2019_106",71,36,7.01890893215406,"medium","Y",526,7913,"989.001030620136","24/7/2019",48.5298666666667,-125.824816666667
"CK127","CT2019_107",79,44,11.6664493970545,"large","Y",527,7914,"989.001030620092","24/7/2019",48.5274333333333,-125.842416666667
"CK128","CT2019_107",83,48,14.5870282658851,"large","Y",528,7915,"989.001030620087","24/7/2019",48.5274333333333,-125.842416666667
"CK129","CT2019_107",76,45,11.7393723337084,"large","N",529,NA,"989.001030620106","24/7/2019",48.5274333333333,-125.842416666667
"CK130","CT2019_108",82,46,13.2353604442262,"large","N",530,7916,"989.001030620133","24/7/2019",48.51805,-125.866516666667
"CK131","CT2019_108",75,45,11.5849069082648,"medium","N",531,7917,"989.001030620158","24/7/2019",48.51805,-125.866516666667
"CK132","CT2019_108",81,48,14.2355336088758,"large","N",532,7918,"989.001030620159","24/7/2019",48.51805,-125.866516666667
"CK133","CT2019_108",77,43,10.8601017366281,"large","N",533,7919,"989.001030620080","24/7/2019",48.51805,-125.866516666667
"CK134","CT2019_110",86,48,15.114270251399,"large","N",534,7920,"989.001030620155","24/7/2019",48.50455,-125.8924
"CK135","CT2019_110",80,48,14.0597862803712,"large","N",535,7921,"989.001030620132","24/7/2019",48.50455,-125.8924
"CK136","CT2019_110",85,49,15.5674451119225,"large","N",536,7922,"989.001030620139","24/7/2019",48.50455,-125.8924
"CK137","CT2019_111",83,47,13.9855665969359,"large","Y",537,NA,"989.001030620150","24/7/2019",48.5157833333333,-125.835416666667
"CK138","CT2019_111",83,54,18.4617076490109,"large","N",538,7923,"989.001030620114","24/7/2019",48.5157833333333,-125.835416666667
"CK139","CT2019_111",79,48,13.8840389518666,"large","Y",539,NA,"989.001030620071","24/7/2019",48.5157833333333,-125.835416666667
"CK140","CT2019_112",72,43,10.1549003251587,"medium","Y",540,NA,"989.001030620094","24/7/2019",48.5222166666667,-125.796883333333
"CK141","CT2019_113",63,34,5.55526321195136,"medium","N",541,NA,"989.001030620082","24/7/2019",48.5292166666667,-125.77395
"CK142","CT2019_113",75,45,11.5849069082648,"medium","Y",542,NA,"989.001030620120","24/7/2019",48.5292166666667,-125.77395
"CK143","CT2019_113",66,36,6.52461957073476,"medium","N",543,NA,"989.001030620074","24/7/2019",48.5292166666667,-125.77395
"CK144","CT2019_115",76,45,11.7393723337084,"large","N",544,7924,"989.001030620066","24/7/2019",48.5553666666667,-125.705916666667
"CK145","CT2019_115",79,47,13.311563387445,"large","Y",545,NA,"989.001030620079","24/7/2019",48.5553666666667,-125.705916666667
"CK146","CT2019_115",52,27,2.8915927643029,"sublegal","Y",546,NA,"989.001030620068","24/7/2019",48.5553666666667,-125.705916666667
"CK147","CT2019_116",73,43,10.2959406074526,"medium","Y",547,7925,"989.001030620109","24/7/2019",48.5697333333333,-125.675183333333
"CK148","CT2019_116",64,39,7.42532462932104,"medium","Y",548,NA,"989.001030620064","24/7/2019",48.5697333333333,-125.675183333333
"CK149","CT2019_117",78,47,13.1430625850723,"large","N",549,NA,"989.001030620147","24/7/2019",48.5831166666667,-125.664083333333
"CK150","CT2019_117",78,47,13.1430625850723,"large","N",550,7926,"989.001030620149","24/7/2019",48.5831166666667,-125.664083333333
"CK151","CT2019_117",68,37,7.10098537550085,"medium","Y",551,NA,"989.001030620091","24/7/2019",48.5831166666667,-125.664083333333
"CK152","CT2019_117",61,31,4.47156429872852,"medium","N",552,NA,"989.001030620148","24/7/2019",48.5831166666667,-125.664083333333
"CK153","CT2019_117",52,28,3.10975134048488,"sublegal","Y",553,NA,"989.001030620083","24/7/2019",48.5831166666667,-125.664083333333
"CK154","CT2019_118",71,42,9.55351493543191,"medium","Y",554,NA,"989.001030620134","25/7/2019",48.5977166666667,-125.688183333333
"CK155","CT2019_118",70,42,9.41895838704555,"medium","Y",555,NA,"989.001030620142","25/7/2019",48.5977166666667,-125.688183333333
"CK156","CT2019_118",63,32,4.92092519812992,"medium","Y",556,NA,"989.001030620128","25/7/2019",48.5977166666667,-125.688183333333
"CK157","CT2019_118",79,43,11.1421823012158,"large","N",557,7927,"989.001030620138","25/7/2019",48.5977166666667,-125.688183333333
"CK158","CT2019_118",65,38,7.15956781833572,"medium","Y",558,NA,"989.001030620151","25/7/2019",48.5977166666667,-125.688183333333
"CK159","CT2019_119",63,36,6.22804595388318,"medium","N",559,NA,"989.001030620084","25/7/2019",48.5808666666667,-125.684833333333
"CK160","CT2019_119",71,44,10.4850367998845,"medium","N",560,7928,"989.001030620093","25/7/2019",48.5808666666667,-125.684833333333
"CK161","CT2019_119",69,42,9.28440183865918,"medium","N",561,NA,"989.001030620065","25/7/2019",48.5808666666667,-125.684833333333
"CK162","CT2019_119",67,39,7.77338672132046,"medium","Y",562,NA,"989.001030620110","25/7/2019",48.5808666666667,-125.684833333333
"CK163","CT2019_119",62,33,5.15022054078832,"medium","Y",563,NA,"989.001030620099","25/7/2019",48.5808666666667,-125.684833333333
"CK164","CT2019_120",61,32,4.76470535057024,"medium","N",564,NA,"989.001030620154","25/7/2019",48.58245,-125.682566666667
"CK165","CT2019_120",66,38,7.26971501554089,"medium","N",565,NA,"989.001030620152","25/7/2019",48.58245,-125.682566666667
"CK166","CT2019_120",76,42,10.2262976773637,"large","N",566,NA,"989.001030620121","25/7/2019",48.58245,-125.682566666667
"CK167","CT2019_120",67,40,8.177132645702,"medium","Y",567,NA,"989.001030620118","25/7/2019",48.58245,-125.682566666667
"CK168","CT2019_120",70,40,8.54327291342,"medium","N",568,NA,"989.001030620069","25/7/2019",48.58245,-125.682566666667
"CK169","CT2019_120",92,57,22.8004698214692,"large","N",569,NA,"989.001030620089","25/7/2019",48.58245,-125.682566666667
"CK170","CT2019_120",79,50,15.0651464321469,"large","Y",570,NA,"989.001030620146","25/7/2019",48.58245,-125.682566666667
"CK171","CT2019_122",67,40,8.177132645702,"medium","N",571,NA,"989.001030620137","25/7/2019",48.6130833333333,-125.75425
"CK172","CT2019_123",83,49,15.2011522857596,"large","N",572,NA,"989.001030620160","25/7/2019",48.62125,-125.779166666667
"CK173","CT2019_123",78,46,12.5897331054834,"large","N",573,NA,"989.001030620105","25/7/2019",48.62125,-125.779166666667
"CK174","CT2019_123",78,42,10.4954107741365,"large","N",574,7929,"989.001030620078","25/7/2019",48.62125,-125.779166666667
"CK175","CT2019_124",72,44,10.6327133745307,"medium","Y",575,NA,"989.001030620089","25/7/2019",48.62915,-125.816916666667
"CK176","CT2019_124",60,34,5.2907268685251,"medium","Y",576,NA,"989.001030620124","25/7/2019",48.62915,-125.816916666667
"CK177","CT2019_124",72,40,8.787366425232,"medium","N",577,NA,"989.001030620119","25/7/2019",48.62915,-125.816916666667
"CK178","CT2019_124",76,47,12.8060609803268,"large","Y",578,NA,"989.001030620123","25/7/2019",48.62915,-125.816916666667
"CK179","CT2019_125",79,42,10.6299673225228,"large","Y",579,NA,"989.001030620111","25/7/2019",48.6349666666667,-125.846783333333
"CK180","CT2019_125",69,42,9.28440183865918,"medium","N",580,NA,"989.001030620075","25/7/2019",48.6349666666667,-125.846783333333
"CK181","CT2019_125",78,44,11.5187728224083,"large","N",581,NA,"989.001030620116","25/7/2019",48.6349666666667,-125.846783333333
"CK182","CT2019_125",72,41,9.23222685050937,"medium","N",582,NA,"989.001030620067","25/7/2019",48.6349666666667,-125.846783333333
"CK183","CT2019_125",63,38,6.93927342392539,"medium","N",583,NA,"989.001030620100","25/7/2019",48.6349666666667,-125.846783333333
"CK184","CT2019_126",71,45,10.9670452064907,"medium","N",584,NA,"989.001030620122","25/7/2019",48.6553166666667,-125.856316666667
"CK185","CT2019_129",73,45,11.2759760573778,"medium","N",585,NA,"989.001030620095","25/7/2019",48.67155,-125.9377
"CK186","CT2019_129",82,54,18.2392774363722,"large","Y",586,7930,"989.001030620115","25/7/2019",48.67155,-125.9377
"CK187","CT2019_130",63,38,6.93927342392539,"medium","Y",587,NA,"989.001030620070","25/7/2019",48.6891,-125.918066666667
"CK188","CT2019_130",83,48,14.5870282658851,"large","N",588,NA,"989.001030620097","25/7/2019",48.6891,-125.918066666667
"CK189","CT2019_133",64,37,6.68328035341256,"medium","Y",589,NA,"989.001030620086","25/7/2019",48.74215,-125.851933333333
"CK190","CT2019_134",63,35,5.88684899190347,"medium","N",801,NA,"989.001030620131","14/8/2019",48.8378333333333,-125.7794
"CK191","CT2019_134",77,44,11.371096247762,"large","N",802,7931,"989.001030620663","14/8/2019",48.8378333333333,-125.7794
"CK192","CT2019_135",76,44,11.2234196731158,"large","Y",803,NA,"989.001030620143","14/8/2019",48.8323666666667,-125.815316666667
"CK193","CT2019_136",74,45,11.4304414828213,"medium","Y",804,NA,"989.001030620108","14/8/2019",48.8285,-125.856066666667
"CK194","CT2019_141",80,47,13.4800641898177,"large","Y",805,7932,"989.001030620102","14/8/2019",48.8039833333333,-126.022566666667
"CK195","CT2019_148",78,47,13.1430625850723,"large","Y",806,7933,"989.001030620090","14/8/2019",48.7644833333333,-125.882266666667
"CK196","CT2019_148",77,47,12.9745617826995,"large","N",807,7934,"989.001030620061","14/8/2019",48.7644833333333,-125.882266666667
"CK197","CT2019_149",77,49,14.102273807271,"large","Y",808,7935,"989.001030620156","14/8/2019",48.7654666666667,-125.851116666667
"CK198","CT2019_153",88,49,16.1168843511668,"large","N",809,7936,"989.001030620073","15/8/2019",48.8332,-125.547283333333
"CK199","CT2019_155",66,39,7.65736602398732,"medium","N",810,NA,"989.001030620103","15/8/2019",48.8326,-125.548466666667
"CK200","CT2019_156",78,45,12.0483031845954,"large","N",811,7937,"989.001030620077","15/8/2019",48.8152833333333,-125.595733333333
"CK201","CT2019_157",55,30,3.77582151084188,"medium","Y",812,NA,"989.001030620072","15/8/2019",48.8126,-125.608116666667
"CK202","CT2019_158",82,48,14.4112809373805,"large","Y",813,7938,"989.001030619950","15/8/2019",48.8042166666667,-125.641116666667
"CK203","CT2019_158",80,49,14.6517130465153,"large","N",814,7939,"989.001030619932","15/8/2019",48.8042166666667,-125.641116666667
"CK204","CT2019_158",87,54,19.3514284995656,"large","N",815,8190,"989.001030619907","15/8/2019",48.8042166666667,-125.641116666667
"CK205","CT2019_158",70,38,7.71030380436155,"medium","Y",816,NA,"989.001030619837","15/8/2019",48.8042166666667,-125.641116666667
"CK206","CT2019_161",61,34,5.37890564966718,"medium","Y",817,NA,"989.001030619876","15/8/2019",48.7998,-125.682816666667
"CK207","CT2019_161",61,36,6.03033020931546,"medium","N",818,NA,"989.001030619874","15/8/2019",48.7998,-125.682816666667
"CK208","CT2019_162",77,47,12.9745617826995,"large","N",819,8191,"989.001030619946","15/8/2019",48.8020333333333,-125.708983333333
"CK209","CT2019_164",65,37,6.78770660893463,"medium","Y",820,NA,"989.001030619866","15/8/2019",48.8127666666667,-125.70095
"CK210","CT2019_167",80,49,14.6517130465153,"large","N",821,8192,"989.001030619863","15/8/2019",48.7943333333333,-125.6772
"CK211","CT2019_168",81,48,14.2355336088758,"large","N",822,NA,"989.001030619916","15/8/2019",48.794,-125.638816666667
"CK212","CT2019_168",75,45,11.5849069082648,"medium","Y",823,NA,"989.001030619938","15/8/2019",48.794,-125.638816666667
"CK213","CT2019_169",62,37,6.47442784236842,"medium","Y",824,NA,"989.001030619915","15/8/2019",48.796,-125.60585
"CK214","CT2019_169",53,29,3.39999378187384,"sublegal","Y",825,NA,"989.001030619917","15/8/2019",48.796,-125.60585
"CK215","CT2019_171",79,45,12.202768610039,"large","N",826,8193,"989.001030619908","16/8/2019",48.8650333333333,-125.533683333333
"CK216","CT2019_171",65,39,7.54134532665418,"medium","N",827,NA,"989.001030619960","16/8/2019",48.8650333333333,-125.533683333333
"CK217","CT2019_172",80,46,12.9125467748548,"large","N",828,NA,"989.001030619873","16/8/2019",48.8342833333333,-125.538283333333
"CK218","CT2019_172",62,36,6.12918808159932,"medium","N",829,NA,"989.001030619869","16/8/2019",48.8342833333333,-125.538283333333
"CK219","CT2019_174",80,47,13.4800641898177,"large","N",830,NA,"989.001030619878","16/8/2019",48.806,-125.594416666667
"CK220","CT2019_175",71,44,10.4850367998845,"medium","Y",831,NA,"989.001030619924","16/8/2019",48.7955,-125.619883333333
"CK221","CT2019_177",72,43,10.1549003251587,"medium","N",832,NA,"989.001030619862","16/8/2019",48.7983333333333,-125.605383333333
"CK222","CT2019_177",54,28,3.22935716127276,"sublegal","Y",833,NA,"989.001030619910","16/8/2019",48.7983333333333,-125.605383333333
"CK223","CT2019_178",79,46,12.7511399401691,"large","N",834,8194,"989.001030619922","16/8/2019",48.8127166666667,-125.5768
"CK224","CT2019_179",79,47,13.311563387445,"large","Y",835,8195,"989.001030619942","16/8/2019",48.8090666666667,-125.585
"CK225","CT2019_179",54,31,3.95843396936623,"sublegal","N",836,NA,"989.001030619983","16/8/2019",48.8090666666667,-125.585
"CK226","CT2019_180",77,45,11.8938377591519,"large","Y",837,8196,"989.001030619904","16/8/2019",48.7995666666667,-125.607766666667
"CK227","CT2019_182",76,45,11.7393723337084,"large","Y",838,NA,"989.001030619913","16/8/2019",48.79165,-125.621716666667
"CK228","CT2019_182",76,47,12.8060609803268,"large","N",839,NA,"989.001030619899","16/8/2019",48.79165,-125.621716666667
"CK229","CT2019_184",70,39,8.12144881331989,"medium","N",840,NA,"989.001030619893","16/8/2019",48.81495,-125.574916666667
"CK230","CT2019_186",83,48,14.5870282658851,"large","N",841,8197,"989.001030619861","16/8/2019",48.8149333333333,-125.5749
"CK231","CT2019_187",60,37,6.26557533132428,"medium","Y",301,NA,"989.001030619894","23/8/2019",48.6379666666667,-125.621533333333
"CK232","CT2019_187",66,36,6.52461957073476,"medium","Y",302,NA,"989.001030619881","23/8/2019",48.6379666666667,-125.621533333333
"CK233","CT2019_187",55,29,3.52829543402002,"medium","Y",303,NA,"989.001030619948","23/8/2019",48.6379666666667,-125.621533333333
"CK234","CT2019_187",62,33,5.15022054078832,"medium","Y",304,NA,"989.001030619928","23/8/2019",48.6379666666667,-125.621533333333
"CK235","CT2019_187",57,31,4.17834696766435,"medium","N",305,NA,"989.001030619921","23/8/2019",48.6379666666667,-125.621533333333
"CK236","CT2019_187",61,33,5.0671524675498,"medium","Y",306,NA,"989.001030619912","23/8/2019",48.6379666666667,-125.621533333333
"CK237","CT2019_187",62,35,5.79340694441294,"medium","N",307,NA,"989.001030619875","23/8/2019",48.6379666666667,-125.621533333333
"CK238","CT2019_187",60,32,4.6865954267904,"medium","Y",308,NA,"989.001030619949","23/8/2019",48.6379666666667,-125.621533333333
"CK239","CT2019_187",60,30,4.1190780118275,"medium","Y",309,NA,"989.001030619889","23/8/2019",48.6379666666667,-125.621533333333
"CK240","CT2019_188",54,29,3.46414460794693,"sublegal","Y",310,NA,"989.001030619897","23/8/2019",48.6080333333333,-125.6508
"CK241","CT2019_188",64,35,5.980291039394,"medium","N",311,NA,"989.001030619920","23/8/2019",48.6080333333333,-125.6508
"CK242","CT2019_188",72,47,12.1320577708359,"medium","Y",312,8198,"989.001030619944","23/8/2019",48.6080333333333,-125.6508
"CK243","CT2019_188",63,33,5.23328861402684,"medium","Y",313,NA,"989.001030619864","23/8/2019",48.6080333333333,-125.6508
"CK244","CT2019_189",73,45,11.2759760573778,"medium","N",314,8199,"989.001030619951","23/8/2019",48.5898666666667,-125.67605
"CK245","CT2019_189",65,37,6.78770660893463,"medium","N",315,NA,"989.001030619958","23/8/2019",48.5898666666667,-125.67605
"CK246","CT2019_191",63,36,6.22804595388318,"medium","N",316,NA,"989.001030619939","23/8/2019",48.5562,-125.73355
"CK247","CT2019_192",80,47,13.4800641898177,"large","N",317,8200,"989.001030619895","23/8/2019",48.5484,-125.76115
"CK248","CT2019_192",74,42,9.95718458059101,"medium","N",318,8201,"989.001030619933","23/8/2019",48.5484,-125.76115
"CK249","CT2019_193",63,37,6.57885409789049,"medium","N",319,NA,"989.001030619884","23/8/2019",48.5424,-125.796683333333
"CK250","CT2019_193",73,43,10.2959406074526,"medium","N",320,8202,"989.001030619901","23/8/2019",48.5424,-125.796683333333
"CK251","CT2019_194",62,33,5.15022054078832,"medium","N",321,NA,"989.001030619937","23/8/2019",48.5361833333333,-125.829816666667
"CK252","CT2019_194",81,44,11.9618025463471,"large","N",322,8203,"989.001030619914","23/8/2019",48.5361833333333,-125.829816666667
"CK253","CT2019_194",58,32,4.53037557923072,"medium","N",323,NA,"989.001030619955","23/8/2019",48.5361833333333,-125.829816666667
"CK254","CT2019_194",84,47,14.1540673993086,"large","N",324,8204,"989.001030619872","23/8/2019",48.5361833333333,-125.829816666667
"CK255","CT2019_195",72,43,10.1549003251587,"medium","N",325,NA,"989.001030619953","23/8/2019",48.5286166666667,-125.855916666667
"CK256","CT2019_195",91,55,20.9977629575151,"large","N",326,8205,"989.001030619879","23/8/2019",48.5286166666667,-125.855916666667
"CK257","CT2019_195",82,48,14.4112809373805,"large","Y",327,NA,"989.001030619935","23/8/2019",48.5286166666667,-125.855916666667
"CK258","CT2019_196",65,40,7.93303913389,"medium","N",328,NA,"989.001030619926","23/8/2019",48.51895,-125.897333333333
"CK259","CT2019_196",84,51,16.6657896358541,"large","N",329,NA,"989.001030619896","23/8/2019",48.51895,-125.897333333333
"CK260","CT2019_201",69,38,7.60015660715638,"medium","Y",330,NA,"989.001030619885","23/8/2019",48.5629333333333,-125.8073
"CK261","CT2019_201",78,48,13.7082916233619,"large","Y",331,8206,"989.001030619945","23/8/2019",48.5629333333333,-125.8073
"CK262","CT2019_203",85,50,16.2093347687656,"large","N",332,8207,"989.001030619927","23/8/2019",48.6107,-125.800333333333
"CK263","CT2019_203",73,41,9.36045222343311,"medium","N",333,NA,"989.001030619919","23/8/2019",48.6107,-125.800333333333
"CK264","CT2019_204",63,37,6.57885409789049,"medium","Y",334,NA,"989.001030619980","23/8/2019",48.6346666666667,-125.7999
"CK265","CT2019_204",70,41,8.97577610466189,"medium","Y",335,NA,"989.001030619868","23/8/2019",48.6346666666667,-125.7999
"CK266","CT2019_205",57,30,3.91312411123613,"medium","Y",336,NA,"989.001030619898","24/8/2019",48.6663666666667,-125.818116666667
"CK267","CT2019_206",87,49,15.9337379380854,"large","N",337,8208,"989.001030619957","24/8/2019",48.6523833333333,-125.82345
"CK268","CT2019_208",81,47,13.6485649921904,"large","Y",338,NA,"989.001030619947","24/8/2019",48.6674833333333,-125.783233333333
"CK269","CT2019_208",75,44,11.0757430984695,"medium","N",339,NA,"989.001030619886","24/8/2019",48.6674833333333,-125.783233333333
"CK270","CT2019_209",60,30,4.1190780118275,"medium","Y",340,NA,"989.001030619882","24/8/2019",48.6908666666667,-125.7771
"CK271","CT2019_209",70,41,8.97577610466189,"medium","N",341,NA,"989.001030619870","24/8/2019",48.6908666666667,-125.7771
"CK272","CT2019_209",67,39,7.77338672132046,"medium","N",342,NA,"989.001030619931","24/8/2019",48.6908666666667,-125.7771
"CK273","CT2019_209",65,39,7.54134532665418,"medium","Y",343,NA,"989.001030619943","24/8/2019",48.6908666666667,-125.7771
"CK274","CT2019_210",65,36,6.4257616984509,"medium","Y",344,NA,"989.001030619952","24/8/2019",48.7093,-125.792216666667
"CK275","CT2019_210",63,34,5.55526321195136,"medium","Y",345,NA,"989.001030619956","24/8/2019",48.7093,-125.792216666667
"CK276","CT2019_211",51,28,3.04994843009094,"sublegal","Y",346,NA,"989.001030619902","24/8/2019",48.7176833333333,-125.81935
"CK277","CT2019_211",61,34,5.37890564966718,"medium","Y",347,NA,"989.001030619871","24/8/2019",48.7176833333333,-125.81935
"CK278","CT2019_212",76,42,10.2262976773637,"large","N",348,NA,"989.001030619903","24/8/2019",48.7299166666667,-125.848166666667
"CK279","CT2019_213",76,45,11.7393723337084,"large","Y",349,NA,"989.001030619891","24/8/2019",48.7482333333333,-125.849183333333
"CK280","CT2019_213",55,29,3.52829543402002,"medium","N",350,NA,"989.001030619867","24/8/2019",48.7482333333333,-125.849183333333
"CK281","CT2019_213",65,37,6.78770660893463,"medium","N",351,NA,"989.001030619954","24/8/2019",48.7482333333333,-125.849183333333
"CK282","CT2019_213",63,37,6.57885409789049,"medium","N",352,NA,"989.001030619890","24/8/2019",48.7482333333333,-125.849183333333
"CK283","CT2019_214",65,38,7.15956781833572,"medium","N",353,NA,"989.001030619941","24/8/2019",48.7548333333333,-125.815833333333
"CK284","CT2019_214",63,34,5.55526321195136,"medium","N",354,NA,"989.001030619930","24/8/2019",48.7548333333333,-125.815833333333
"CK285","CT2019_214",59,32,4.60848550301056,"medium","Y",355,NA,NA,"24/8/2019",48.7548333333333,-125.815833333333
"CK286","CT2019_214",59,33,4.90101632107275,"medium","Y",356,NA,"989.001030619918","24/8/2019",48.7548333333333,-125.815833333333
"CK287","CT2019_214",68,38,7.49000940995122,"medium","N",357,NA,"989.001030619940","24/8/2019",48.7548333333333,-125.815833333333
"CK288","CT2019_215",71,40,8.665319669326,"medium","N",358,NA,"989.001030619959","24/8/2019",48.7579833333333,-125.787583333333
"CK289","CT2019_215",66,39,7.65736602398732,"medium","N",359,NA,"989.001030619923","24/8/2019",48.7579833333333,-125.787583333333
"CK290","CT2019_219",70,39,8.12144881331989,"medium","Y",360,NA,"989.001030619925","24/8/2019",48.7924166666667,-125.635283333333
"CK291","CT2019_219",66,36,6.52461957073476,"medium","N",361,NA,"989.001030619900","24/8/2019",48.7924166666667,-125.635283333333
"CK292","CT2019_219",72,47,12.1320577708359,"medium","Y",362,NA,"989.001030619906","24/8/2019",48.7924166666667,-125.635283333333
"CK293","CT2019_219",74,43,10.4369808897465,"medium","Y",363,NA,"989.001030619929","24/8/2019",48.7924166666667,-125.635283333333
