"catchReg","year","month","jDay","sumCatch","sumEffort","sumCPUE"
"NWVI",2009,1,6,5,2,2.5
"NWVI",2009,1,7,21,5,4.2
"NWVI",2009,1,8,6,4,1.5
"NWVI",2009,1,9,7,2,3.5
"NWVI",2007,1,10,15,1,15
"NWVI",2009,1,10,3,1,3
"NWVI",2013,1,10,13,1,13
"NWVI",2007,1,11,120,3,40
"NWVI",2009,1,11,145,8,18.125
"NWVI",2013,1,11,25,2,12.5
"NWVI",2015,1,11,12,1,12
"NWVI",2007,1,12,444,9,49.3333333333333
"NWVI",2009,1,12,405,11,36.8181818181818
"NWVI",2013,1,12,16,2,8
"NWVI",2015,1,12,12,1,12
"NWVI",2007,1,13,577,11,52.4545454545455
"NWVI",2009,1,13,318,14,22.7142857142857
"NWVI",2012,1,13,23,2,11.5
"NWVI",2013,1,13,131,6,21.8333333333333
"NWVI",2007,1,14,203,9,22.5555555555556
"NWVI",2009,1,14,382,17,22.4705882352941
"NWVI",2012,1,14,5,2,2.5
"NWVI",2013,1,14,125,6,20.8333333333333
"NWVI",2015,1,14,7,1,7
"NWVI",2007,1,15,36,2,18
"NWVI",2008,1,15,49,7,7
"NWVI",2009,1,15,263,21,12.5238095238095
"NWVI",2012,1,15,43,2,21.5
"NWVI",2013,1,15,124,6,20.6666666666667
"NWVI",2007,1,16,148,14,10.5714285714286
"NWVI",2008,1,16,98,12,8.16666666666667
"NWVI",2009,1,16,189,14,13.5
"NWVI",2012,1,16,13,1,13
"NWVI",2013,1,16,59,5,11.8
"NWVI",2007,1,17,221,16,13.8125
"NWVI",2008,1,17,130,13,10
"NWVI",2009,1,17,164,18,9.11111111111111
"NWVI",2007,1,18,47,2,23.5
"NWVI",2008,1,18,116,12,9.66666666666667
"NWVI",2009,1,18,123,13,9.46153846153846
"NWVI",2013,1,18,40,4,10
"NWVI",2007,1,19,209,12,17.4166666666667
"NWVI",2008,1,19,54,8,6.75
"NWVI",2009,1,19,98,12,8.16666666666667
"NWVI",2013,1,19,54,5,10.8
"NWVI",2007,1,20,269,13,20.6923076923077
"NWVI",2008,1,20,19,3,6.33333333333333
"NWVI",2009,1,20,40,9,4.44444444444444
"NWVI",2013,1,20,51,3,17
"NWVI",2015,1,20,6,2,3
"NWVI",2007,1,21,22,4,5.5
"NWVI",2008,1,21,71,5,14.2
"NWVI",2009,1,21,41,4,10.25
"NWVI",2013,1,21,15,3,5
"NWVI",2007,1,22,1,1,1
"NWVI",2008,1,22,138,9,15.3333333333333
"NWVI",2009,1,22,70,8,8.75
"NWVI",2008,1,23,90,8,11.25
"NWVI",2009,1,23,83,10,8.3
"NWVI",2008,1,24,59,10,5.9
"NWVI",2009,1,24,133,8,16.625
"NWVI",2007,1,25,252,13,19.3846153846154
"NWVI",2008,1,25,68,5,13.6
"NWVI",2009,1,25,124,13,9.53846153846154
"NWVI",2007,1,26,416,13,32
"NWVI",2008,1,26,33,5,6.6
"NWVI",2009,1,26,54,12,4.5
"NWVI",2013,1,26,17,1,17
"NWVI",2007,1,27,459,16,28.6875
"NWVI",2008,1,27,55,5,11
"NWVI",2009,1,27,16,1,16
"NWVI",2013,1,27,0,1,0
"NWVI",2015,1,27,6,1,6
"NWVI",2007,1,28,399,16,24.9375
"NWVI",2008,1,28,53,7,7.57142857142857
"NWVI",2009,1,28,64,6,10.6666666666667
"NWVI",2015,1,28,5,1,5
"NWVI",2007,1,29,473,20,23.65
"NWVI",2008,1,29,44,5,8.8
"NWVI",2009,1,29,22,4,5.5
"NWVI",2013,1,29,30,1,30
"NWVI",2015,1,29,9,1,9
"NWVI",2007,1,30,165,19,8.68421052631579
"NWVI",2008,1,30,42,5,8.4
"NWVI",2009,1,30,80,7,11.4285714285714
"NWVI",2013,1,30,46,1,46
"NWVI",2015,1,30,8,1,8
"NWVI",2007,1,31,228,12,19
"NWVI",2008,1,31,51,6,8.5
"NWVI",2009,1,31,77,7,11
"NWVI",2013,1,31,26,1,26
"NWVI",2015,1,31,2,1,2
"NWVI",2007,2,32,452,21,21.5238095238095
"NWVI",2008,2,32,26,8,3.25
"NWVI",2009,2,32,35,6,5.83333333333333
"NWVI",2013,2,32,21,1,21
"NWVI",2007,2,33,331,21,15.7619047619048
"NWVI",2008,2,33,16,3,5.33333333333333
"NWVI",2009,2,33,72,7,10.2857142857143
"NWVI",2013,2,33,53,1,53
"NWVI",2007,2,34,18,2,9
"NWVI",2008,2,34,82,8,10.25
"NWVI",2009,2,34,48,7,6.85714285714286
"NWVI",2013,2,34,23,1,23
"NWVI",2007,2,35,9,2,4.5
"NWVI",2008,2,35,71,9,7.88888888888889
"NWVI",2009,2,35,59,10,5.9
"NWVI",2007,2,36,60,8,7.5
"NWVI",2008,2,36,4,1,4
"NWVI",2009,2,36,66,9,7.33333333333333
"NWVI",2012,2,36,21,1,21
"NWVI",2007,2,37,99,7,14.1428571428571
"NWVI",2008,2,37,10,4,2.5
"NWVI",2009,2,37,3,3,1
"NWVI",2012,2,37,0,1,0
"NWVI",2014,2,37,32,1,32
"NWVI",2007,2,38,23,4,5.75
"NWVI",2009,2,38,29,4,7.25
"NWVI",2013,2,38,19,2,9.5
"NWVI",2014,2,38,31,1,31
"NWVI",2009,2,39,37,7,5.28571428571429
"NWVI",2013,2,39,19,3,6.33333333333333
"NWVI",2014,2,39,44,1,44
"NWVI",2007,2,40,11,2,5.5
"NWVI",2009,2,40,53,9,5.88888888888889
"NWVI",2013,2,40,24,4,6
"NWVI",2007,2,41,9,2,4.5
"NWVI",2009,2,41,10,1,10
"NWVI",2013,2,41,31,3,10.3333333333333
"NWVI",2007,2,42,3,1,3
"NWVI",2009,2,42,49,7,7
"NWVI",2013,2,42,31,2,15.5
"NWVI",2007,2,43,18,2,9
"NWVI",2008,2,43,3,1,3
"NWVI",2009,2,43,49,8,6.125
"NWVI",2012,2,43,62,3,20.6666666666667
"NWVI",2013,2,43,7,1,7
"NWVI",2007,2,44,5,1,5
"NWVI",2008,2,44,28,5,5.6
"NWVI",2009,2,44,53,10,5.3
"NWVI",2012,2,44,66,3,22
"NWVI",2008,2,45,72,6,12
"NWVI",2009,2,45,42,10,4.2
"NWVI",2012,2,45,40,3,13.3333333333333
"NWVI",2015,2,45,0,1,0
"NWVI",2008,2,46,8,1,8
"NWVI",2009,2,46,41,12,3.41666666666667
"NWVI",2012,2,46,30,1,30
"NWVI",2015,2,46,9,2,4.5
"NWVI",2008,2,47,62,8,7.75
"NWVI",2009,2,47,64,8,8
"NWVI",2015,2,47,7,2,3.5
"NWVI",2008,2,48,168,9,18.6666666666667
"NWVI",2009,2,48,56,9,6.22222222222222
"NWVI",2013,2,48,6,1,6
"NWVI",2015,2,48,4,2,2
"NWVI",2008,2,49,168,10,16.8
"NWVI",2009,2,49,27,8,3.375
"NWVI",2013,2,49,9,1,9
"NWVI",2015,2,49,7,2,3.5
"NWVI",2009,2,50,45,8,5.625
"NWVI",2013,2,50,55,5,11
"NWVI",2015,2,50,7,1,7
"NWVI",2007,2,51,8,1,8
"NWVI",2009,2,51,82,9,9.11111111111111
"NWVI",2011,2,51,107,3,35.6666666666667
"NWVI",2012,2,51,14,3,4.66666666666667
"NWVI",2013,2,51,31,4,7.75
"NWVI",2007,2,52,36,4,9
"NWVI",2009,2,52,78,9,8.66666666666667
"NWVI",2011,2,52,210,9,23.3333333333333
"NWVI",2012,2,52,20,1,20
"NWVI",2013,2,52,12,2,6
"NWVI",2007,2,53,81,6,13.5
"NWVI",2008,2,53,75,11,6.81818181818182
"NWVI",2009,2,53,26,4,6.5
"NWVI",2011,2,53,43,6,7.16666666666667
"NWVI",2012,2,53,5,1,5
"NWVI",2007,2,54,154,12,12.8333333333333
"NWVI",2008,2,54,37,7,5.28571428571429
"NWVI",2009,2,54,61,7,8.71428571428571
"NWVI",2011,2,54,160,10,16
"NWVI",2012,2,54,28,1,28
"NWVI",2014,2,54,81,1,81
"NWVI",2008,2,55,90,15,6
"NWVI",2009,2,55,98,10,9.8
"NWVI",2011,2,55,145,11,13.1818181818182
"NWVI",2007,2,56,18,1,18
"NWVI",2008,2,56,126,15,8.4
"NWVI",2009,2,56,62,11,5.63636363636364
"NWVI",2011,2,56,282,12,23.5
"NWVI",2007,2,57,41,4,10.25
"NWVI",2009,2,57,65,13,5
"NWVI",2011,2,57,334,12,27.8333333333333
"NWVI",2014,2,57,35,1,35
"NWVI",2015,2,57,9,1,9
"NWVI",2007,2,58,84,7,12
"NWVI",2009,2,58,0,1,0
"NWVI",2011,2,58,84,4,21
"NWVI",2014,2,58,74,1,74
"NWVI",2015,2,58,12,1,12
"NWVI",2007,2,59,83,5,16.6
"NWVI",2008,2,59,12,1,12
"NWVI",2011,2,59,37,4,9.25
"NWVI",2014,2,59,130,4,32.5
"NWVI",2015,2,59,15,1,15
"NWVI",2012,2,60,14,4,3.5
"NWVI",2007,3,60,151,9,16.7777777777778
"NWVI",2011,3,60,22,2,11
"NWVI",2014,3,60,95,4,23.75
"NWVI",2015,3,60,23,2,11.5
"NWVI",2007,3,61,20,1,20
"NWVI",2012,3,61,25,3,8.33333333333333
"NWVI",2013,3,61,3,1,3
"NWVI",2014,3,61,187,3,62.3333333333333
"NWVI",2015,3,61,27,3,9
"NWVI",2007,3,62,11,3,3.66666666666667
"NWVI",2009,3,62,3,3,1
"NWVI",2011,3,62,30,1,30
"NWVI",2012,3,62,19,2,9.5
"NWVI",2013,3,62,30,2,15
"NWVI",2014,3,62,86,3,28.6666666666667
"NWVI",2015,3,62,31,4,7.75
"NWVI",2007,3,63,25,3,8.33333333333333
"NWVI",2009,3,63,39,11,3.54545454545455
"NWVI",2012,3,63,2,1,2
"NWVI",2013,3,63,16,2,8
"NWVI",2014,3,63,59,3,19.6666666666667
"NWVI",2015,3,63,40,3,13.3333333333333
"NWVI",2007,3,64,3,1,3
"NWVI",2009,3,64,52,12,4.33333333333333
"NWVI",2011,3,64,191,9,21.2222222222222
"NWVI",2012,3,64,5,1,5
"NWVI",2014,3,64,29,2,14.5
"NWVI",2015,3,64,3,1,3
"NWVI",2009,3,65,46,12,3.83333333333333
"NWVI",2011,3,65,255,12,21.25
"NWVI",2012,3,65,3,1,3
"NWVI",2013,3,65,17,4,4.25
"NWVI",2014,3,65,25,3,8.33333333333333
"NWVI",2015,3,65,42,2,21
"NWVI",2009,3,66,4,1,4
"NWVI",2011,3,66,179,12,14.9166666666667
"NWVI",2012,3,66,51,6,8.5
"NWVI",2013,3,66,98,9,10.8888888888889
"NWVI",2015,3,66,46,4,11.5
"NWVI",2009,3,67,14,3,4.66666666666667
"NWVI",2011,3,67,62,9,6.88888888888889
"NWVI",2012,3,67,51,5,10.2
"NWVI",2013,3,67,98,9,10.8888888888889
"NWVI",2015,3,67,60,5,12
"NWVI",2009,3,68,50,9,5.55555555555556
"NWVI",2012,3,68,12,1,12
"NWVI",2013,3,68,76,10,7.6
"NWVI",2014,3,68,49,3,16.3333333333333
"NWVI",2015,3,68,56,5,11.2
"NWVI",2009,3,69,96,16,6
"NWVI",2011,3,69,1,1,1
"NWVI",2012,3,69,4,3,1.33333333333333
"NWVI",2013,3,69,60,8,7.5
"NWVI",2014,3,69,182,5,36.4
"NWVI",2015,3,69,98,5,19.6
"NWVI",2009,3,70,105,16,6.5625
"NWVI",2011,3,70,51,2,25.5
"NWVI",2012,3,70,0,1,0
"NWVI",2013,3,70,52,7,7.42857142857143
"NWVI",2014,3,70,96,2,48
"NWVI",2009,3,71,84,14,6
"NWVI",2011,3,71,5,1,5
"NWVI",2012,3,71,28,2,14
"NWVI",2013,3,71,2,1,2
"NWVI",2014,3,71,84,2,42
"NWVI",2009,3,72,16,9,1.77777777777778
"NWVI",2014,3,72,126,3,42
"NWVI",2009,3,73,0,1,0
"NWVI",2014,3,73,99,3,33
"NWVI",2007,3,76,91,13,7
"NWVI",2007,3,77,265,19,13.9473684210526
"NWVI",2007,3,78,0,1,0
"NWVI",2007,3,79,14,4,3.5
"NWVI",2007,3,81,21,2,10.5
"NWVI",2007,3,82,0,1,0
"NWVI",2007,3,84,97,9,10.7777777777778
"NWVI",2007,3,85,82,6,13.6666666666667
"NWVI",2007,3,86,150,14,10.7142857142857
"NWVI",2007,3,87,15,1,15
"NWVI",2007,3,89,122,9,13.5555555555556
"NWVI",2007,3,90,23,3,7.66666666666667
"NWVI",2007,4,97,39,12,3.25
"NWVI",2007,4,98,8,3,2.66666666666667
"NWVI",2007,4,99,93,14,6.64285714285714
"NWVI",2007,4,100,53,18,2.94444444444444
"NWVI",2007,4,101,63,17,3.70588235294118
"NWVI",2007,4,102,54,9,6
"NWVI",2007,4,107,49,8,6.125
"NWVI",2007,4,108,248,19,13.0526315789474
"NWVI",2007,4,109,345,21,16.4285714285714
"NWVI",2010,4,109,36,5,7.2
"NWVI",2011,4,109,2116,37,57.1891891891892
"NWVI",2015,4,109,795,44,18.0681818181818
"NWVI",2007,4,110,346,23,15.0434782608696
"NWVI",2009,4,110,76,10,7.6
"NWVI",2010,4,110,370,21,17.6190476190476
"NWVI",2011,4,110,1915,45,42.5555555555556
"NWVI",2015,4,110,663,47,14.1063829787234
"NWVI",2007,4,111,10,4,2.5
"NWVI",2008,4,111,152,30,5.06666666666667
"NWVI",2009,4,111,248,27,9.18518518518519
"NWVI",2010,4,111,598,27,22.1481481481481
"NWVI",2011,4,111,1640,51,32.156862745098
"NWVI",2012,4,111,991,32,30.96875
"NWVI",2014,4,111,2547,43,59.2325581395349
"NWVI",2015,4,111,273,12,22.75
"NWVI",2007,4,112,34,8,4.25
"NWVI",2008,4,112,396,37,10.7027027027027
"NWVI",2009,4,112,190,27,7.03703703703704
"NWVI",2010,4,112,1023,30,34.1
"NWVI",2011,4,112,1785,52,34.3269230769231
"NWVI",2012,4,112,2599,53,49.0377358490566
"NWVI",2014,4,112,2381,51,46.6862745098039
"NWVI",2015,4,112,465,28,16.6071428571429
"NWVI",2007,4,113,14,4,3.5
"NWVI",2008,4,113,344,39,8.82051282051282
"NWVI",2009,4,113,313,31,10.0967741935484
"NWVI",2010,4,113,100,9,11.1111111111111
"NWVI",2011,4,113,894,42,21.2857142857143
"NWVI",2012,4,113,2712,58,46.7586206896552
"NWVI",2014,4,113,1678,54,31.0740740740741
"NWVI",2015,4,113,303,27,11.2222222222222
"NWVI",2007,4,114,58,9,6.44444444444444
"NWVI",2008,4,114,229,38,6.02631578947368
"NWVI",2009,4,114,416,30,13.8666666666667
"NWVI",2010,4,114,214,16,13.375
"NWVI",2012,4,114,2337,60,38.95
"NWVI",2014,4,114,386,17,22.7058823529412
"NWVI",2015,4,114,499,45,11.0888888888889
"NWVI",2008,4,115,147,28,5.25
"NWVI",2009,4,115,155,16,9.6875
"NWVI",2010,4,115,187,12,15.5833333333333
"NWVI",2012,4,115,1515,50,30.3
"NWVI",2013,4,115,617,60,10.2833333333333
"NWVI",2014,4,115,1653,50,33.06
"NWVI",2015,4,115,318,36,8.83333333333333
"NWVI",2007,4,116,4,3,1.33333333333333
"NWVI",2008,4,116,105,13,8.07692307692308
"NWVI",2009,4,116,156,19,8.21052631578947
"NWVI",2010,4,116,18,1,18
"NWVI",2013,4,116,137,41,3.34146341463415
"NWVI",2014,4,116,997,43,23.1860465116279
"NWVI",2007,4,117,53,11,4.81818181818182
"NWVI",2009,4,117,426,29,14.6896551724138
"NWVI",2010,4,117,446,17,26.2352941176471
"NWVI",2013,4,117,70,24,2.91666666666667
"NWVI",2014,4,117,1420,52,27.3076923076923
"NWVI",2007,4,118,166,16,10.375
"NWVI",2009,4,118,342,29,11.7931034482759
"NWVI",2010,4,118,1711,33,51.8484848484849
"NWVI",2013,4,118,36,13,2.76923076923077
"NWVI",2014,4,118,349,26,13.4230769230769
"NWVI",2015,4,118,66,5,13.2
"NWVI",2007,4,119,212,22,9.63636363636364
"NWVI",2008,4,119,24,5,4.8
"NWVI",2009,4,119,566,32,17.6875
"NWVI",2010,4,119,1793,36,49.8055555555556
"NWVI",2013,4,119,12,6,2
"NWVI",2014,4,119,252,6,42
"NWVI",2015,4,119,155,8,19.375
"NWVI",2007,4,120,131,21,6.23809523809524
"NWVI",2008,4,120,198,22,9
"NWVI",2009,4,120,439,37,11.8648648648649
"NWVI",2010,4,120,1551,34,45.6176470588235
"NWVI",2013,4,120,191,31,6.16129032258065
"NWVI",2014,4,120,1605,55,29.1818181818182
"NWVI",2015,4,120,266,22,12.0909090909091
"NWVI",2008,4,121,124,25,4.96
"NWVI",2007,5,121,2,1,2
"NWVI",2009,5,121,153,26,5.88461538461539
"NWVI",2010,5,121,559,27,20.7037037037037
"NWVI",2011,5,121,1279,35,36.5428571428571
"NWVI",2013,5,121,222,23,9.65217391304348
"NWVI",2014,5,121,1767,60,29.45
"NWVI",2015,5,121,467,31,15.0645161290323
"NWVI",2008,5,122,6,3,2
"NWVI",2009,5,122,2,2,1
"NWVI",2010,5,122,238,9,26.4444444444444
"NWVI",2011,5,122,1193,11,108.454545454545
"NWVI",2012,5,122,2076,61,34.0327868852459
"NWVI",2013,5,122,386,25,15.44
"NWVI",2014,5,122,1268,55,23.0545454545455
"NWVI",2015,5,122,655,37,17.7027027027027
"NWVI",2007,5,123,113,18,6.27777777777778
"NWVI",2008,5,123,1,1,1
"NWVI",2009,5,123,1,1,1
"NWVI",2010,5,123,11,1,11
"NWVI",2011,5,123,2126,34,62.5294117647059
"NWVI",2012,5,123,3050,70,43.5714285714286
"NWVI",2013,5,123,162,21,7.71428571428571
"NWVI",2014,5,123,540,40,13.5
"NWVI",2015,5,123,780,42,18.5714285714286
"NWVI",2007,5,124,102,20,5.1
"NWVI",2008,5,124,63,13,4.84615384615385
"NWVI",2010,5,124,1501,30,50.0333333333333
"NWVI",2011,5,124,2108,34,62
"NWVI",2012,5,124,2112,78,27.0769230769231
"NWVI",2013,5,124,166,15,11.0666666666667
"NWVI",2014,5,124,967,42,23.0238095238095
"NWVI",2015,5,124,118,16,7.375
"NWVI",2007,5,125,40,7,5.71428571428571
"NWVI",2008,5,125,57,15,3.8
"NWVI",2010,5,125,1233,39,31.6153846153846
"NWVI",2011,5,125,3818,42,90.9047619047619
"NWVI",2012,5,125,1770,72,24.5833333333333
"NWVI",2013,5,125,189,12,15.75
"NWVI",2014,5,125,866,44,19.6818181818182
"NWVI",2015,5,125,435,32,13.59375
"NWVI",2007,5,126,30,6,5
"NWVI",2008,5,126,138,18,7.66666666666667
"NWVI",2009,5,126,17,5,3.4
"NWVI",2010,5,126,1241,45,27.5777777777778
"NWVI",2011,5,126,1676,32,52.375
"NWVI",2012,5,126,1330,60,22.1666666666667
"NWVI",2013,5,126,65,9,7.22222222222222
"NWVI",2014,5,126,958,43,22.2790697674419
"NWVI",2015,5,126,400,32,12.5
"NWVI",2007,5,127,11,3,3.66666666666667
"NWVI",2008,5,127,101,11,9.18181818181818
"NWVI",2009,5,127,131,25,5.24
"NWVI",2010,5,127,1277,39,32.7435897435897
"NWVI",2011,5,127,1708,44,38.8181818181818
"NWVI",2012,5,127,274,13,21.0769230769231
"NWVI",2013,5,127,197,24,8.20833333333333
"NWVI",2014,5,127,863,36,23.9722222222222
"NWVI",2015,5,127,689,37,18.6216216216216
"NWVI",2007,5,128,15,2,7.5
"NWVI",2008,5,128,45,10,4.5
"NWVI",2009,5,128,236,33,7.15151515151515
"NWVI",2010,5,128,702,24,29.25
"NWVI",2011,5,128,1458,45,32.4
"NWVI",2012,5,128,198,6,33
"NWVI",2013,5,128,242,29,8.3448275862069
"NWVI",2014,5,128,210,9,23.3333333333333
"NWVI",2015,5,128,892,39,22.8717948717949
"NWVI",2007,5,129,59,12,4.91666666666667
"NWVI",2008,5,129,61,13,4.69230769230769
"NWVI",2009,5,129,106,25,4.24
"NWVI",2010,5,129,882,18,49
"NWVI",2011,5,129,1594,34,46.8823529411765
"NWVI",2013,5,129,187,18,10.3888888888889
"NWVI",2014,5,129,1021,35,29.1714285714286
"NWVI",2015,5,129,876,34,25.7647058823529
"NWVI",2007,5,130,231,21,11
"NWVI",2008,5,130,101,17,5.94117647058824
"NWVI",2009,5,130,348,28,12.4285714285714
"NWVI",2010,5,130,492,20,24.6
"NWVI",2011,5,130,479,13,36.8461538461538
"NWVI",2013,5,130,392,19,20.6315789473684
"NWVI",2014,5,130,1657,47,35.2553191489362
"NWVI",2015,5,130,447,30,14.9
"NWVI",2007,5,131,279,25,11.16
"NWVI",2008,5,131,24,7,3.42857142857143
"NWVI",2009,5,131,328,27,12.1481481481481
"NWVI",2010,5,131,987,26,37.9615384615385
"NWVI",2013,5,131,3,2,1.5
"NWVI",2014,5,131,1345,54,24.9074074074074
"NWVI",2015,5,131,335,21,15.952380952381
"NWVI",2007,5,132,119,19,6.26315789473684
"NWVI",2008,5,132,33,11,3
"NWVI",2009,5,132,300,19,15.7894736842105
"NWVI",2010,5,132,885,33,26.8181818181818
"NWVI",2013,5,132,37,3,12.3333333333333
"NWVI",2014,5,132,940,42,22.3809523809524
"NWVI",2015,5,132,449,30,14.9666666666667
"NWVI",2007,5,133,94,18,5.22222222222222
"NWVI",2008,5,133,3,3,1
"NWVI",2009,5,133,7,3,2.33333333333333
"NWVI",2010,5,133,614,30,20.4666666666667
"NWVI",2012,5,133,5264,60,87.7333333333333
"NWVI",2013,5,133,157,4,39.25
"NWVI",2014,5,133,1450,56,25.8928571428571
"NWVI",2015,5,133,481,38,12.6578947368421
"NWVI",2007,5,134,27,4,6.75
"NWVI",2009,5,134,30,10,3
"NWVI",2010,5,134,496,16,31
"NWVI",2012,5,134,1509,59,25.5762711864407
"NWVI",2013,5,134,101,4,25.25
"NWVI",2014,5,134,1517,55,27.5818181818182
"NWVI",2015,5,134,665,40,16.625
"NWVI",2007,5,135,112,10,11.2
"NWVI",2008,5,135,6,2,3
"NWVI",2009,5,135,132,17,7.76470588235294
"NWVI",2010,5,135,1064,24,44.3333333333333
"NWVI",2011,5,135,818,27,30.2962962962963
"NWVI",2012,5,135,1646,58,28.3793103448276
"NWVI",2013,5,135,214,9,23.7777777777778
"NWVI",2014,5,135,1541,43,35.8372093023256
"NWVI",2015,5,135,1038,38,27.3157894736842
"NWVI",2007,5,136,88,15,5.86666666666667
"NWVI",2008,5,136,95,14,6.78571428571429
"NWVI",2009,5,136,96,10,9.6
"NWVI",2010,5,136,800,21,38.0952380952381
"NWVI",2011,5,136,1662,45,36.9333333333333
"NWVI",2012,5,136,1013,47,21.5531914893617
"NWVI",2014,5,136,674,30,22.4666666666667
"NWVI",2015,5,136,1082,39,27.7435897435897
"NWVI",2007,5,137,135,16,8.4375
"NWVI",2008,5,137,216,23,9.39130434782609
"NWVI",2009,5,137,153,16,9.5625
"NWVI",2010,5,137,1684,30,56.1333333333333
"NWVI",2011,5,137,2616,47,55.6595744680851
"NWVI",2014,5,137,1653,53,31.188679245283
"NWVI",2015,5,137,1066,41,26
"NWVI",2007,5,138,62,9,6.88888888888889
"NWVI",2008,5,138,95,22,4.31818181818182
"NWVI",2009,5,138,167,18,9.27777777777778
"NWVI",2010,5,138,693,19,36.4736842105263
"NWVI",2011,5,138,2836,45,63.0222222222222
"NWVI",2014,5,138,2842,60,47.3666666666667
"NWVI",2015,5,138,805,31,25.9677419354839
"NWVI",2008,5,139,130,26,5
"NWVI",2009,5,139,229,15,15.2666666666667
"NWVI",2010,5,139,386,9,42.8888888888889
"NWVI",2014,5,139,2532,58,43.6551724137931
"NWVI",2015,5,139,544,27,20.1481481481481
"NWVI",2007,5,140,95,13,7.30769230769231
"NWVI",2008,5,140,4,1,4
"NWVI",2009,5,140,239,14,17.0714285714286
"NWVI",2010,5,140,23,5,4.6
"NWVI",2014,5,140,2178,64,34.03125
"NWVI",2015,5,140,505,30,16.8333333333333
"NWVI",2007,5,141,188,17,11.0588235294118
"NWVI",2008,5,141,29,7,4.14285714285714
"NWVI",2009,5,141,119,14,8.5
"NWVI",2010,5,141,494,29,17.0344827586207
"NWVI",2014,5,141,1166,48,24.2916666666667
"NWVI",2015,5,141,501,31,16.1612903225806
"NWVI",2007,5,142,183,18,10.1666666666667
"NWVI",2009,5,142,104,17,6.11764705882353
"NWVI",2010,5,142,553,27,20.4814814814815
"NWVI",2014,5,142,88,8,11
"NWVI",2015,5,142,713,41,17.390243902439
"NWVI",2007,5,143,237,22,10.7727272727273
"NWVI",2008,5,143,8,1,8
"NWVI",2009,5,143,75,15,5
"NWVI",2014,5,143,1357,57,23.8070175438597
"NWVI",2015,5,143,633,42,15.0714285714286
"NWVI",2007,5,144,180,18,10
"NWVI",2008,5,144,128,10,12.8
"NWVI",2009,5,144,95,16,5.9375
"NWVI",2014,5,144,2157,67,32.1940298507463
"NWVI",2015,5,144,865,40,21.625
"NWVI",2007,5,145,486,27,18
"NWVI",2008,5,145,290,20,14.5
"NWVI",2014,5,145,1252,60,20.8666666666667
"NWVI",2015,5,145,821,30,27.3666666666667
"NWVI",2007,5,146,215,16,13.4375
"NWVI",2008,5,146,256,25,10.24
"NWVI",2014,5,146,1443,60,24.05
"NWVI",2015,5,146,587,27,21.7407407407407
"NWVI",2007,5,147,66,7,9.42857142857143
"NWVI",2008,5,147,240,30,8
"NWVI",2014,5,147,1064,49,21.7142857142857
"NWVI",2015,5,147,537,31,17.3225806451613
"NWVI",2007,5,148,481,23,20.9130434782609
"NWVI",2008,5,148,153,19,8.05263157894737
"NWVI",2014,5,148,398,23,17.304347826087
"NWVI",2015,5,148,817,37,22.0810810810811
"NWVI",2007,5,149,609,29,21
"NWVI",2008,5,149,161,14,11.5
"NWVI",2014,5,149,779,29,26.8620689655172
"NWVI",2015,5,149,1138,38,29.9473684210526
"NWVI",2007,5,150,385,28,13.75
"NWVI",2008,5,150,274,22,12.4545454545455
"NWVI",2014,5,150,725,23,31.5217391304348
"NWVI",2015,5,150,1525,37,41.2162162162162
"NWVI",2007,5,151,491,22,22.3181818181818
"NWVI",2008,5,151,336,28,12
"NWVI",2015,5,151,1156,35,33.0285714285714
"NWVI",2008,5,152,427,28,15.25
"NWVI",2007,6,152,665,26,25.5769230769231
"NWVI",2010,6,152,703,19,37
"NWVI",2007,6,153,341,11,31
"NWVI",2008,6,153,411,26,15.8076923076923
"NWVI",2009,6,153,475,24,19.7916666666667
"NWVI",2010,6,153,449,19,23.6315789473684
"NWVI",2007,6,154,843,26,32.4230769230769
"NWVI",2008,6,154,26,5,5.2
"NWVI",2009,6,154,597,24,24.875
"NWVI",2010,6,154,534,20,26.7
"NWVI",2011,6,154,3220,33,97.5757575757576
"NWVI",2007,6,155,527,31,17
"NWVI",2008,6,155,47,7,6.71428571428571
"NWVI",2009,6,155,433,22,19.6818181818182
"NWVI",2010,6,155,873,23,37.9565217391304
"NWVI",2011,6,155,2351,34,69.1470588235294
"NWVI",2007,6,156,582,24,24.25
"NWVI",2008,6,156,242,16,15.125
"NWVI",2009,6,156,628,26,24.1538461538462
"NWVI",2010,6,156,762,24,31.75
"NWVI",2011,6,156,1521,27,56.3333333333333
"NWVI",2007,6,157,644,28,23
"NWVI",2008,6,157,20,3,6.66666666666667
"NWVI",2009,6,157,328,17,19.2941176470588
"NWVI",2010,6,157,1013,24,42.2083333333333
"NWVI",2011,6,157,777,26,29.8846153846154
"NWVI",2007,6,158,1108,33,33.5757575757576
"NWVI",2008,6,158,156,16,9.75
"NWVI",2009,6,158,761,21,36.2380952380952
"NWVI",2010,6,158,593,21,28.2380952380952
"NWVI",2007,6,159,1001,34,29.4411764705882
"NWVI",2008,6,159,364,27,13.4814814814815
"NWVI",2009,6,159,651,22,29.5909090909091
"NWVI",2008,6,160,410,27,15.1851851851852
"NWVI",2011,6,160,1490,23,64.7826086956522
"NWVI",2007,6,161,63,7,9
"NWVI",2008,6,161,170,11,15.4545454545455
"NWVI",2011,6,161,1930,23,83.9130434782609
"NWVI",2008,6,162,8,2,4
"NWVI",2008,6,163,100,14,7.14285714285714
"NWVI",2008,6,164,237,18,13.1666666666667
"NWVI",2008,6,165,150,21,7.14285714285714
"NWVI",2008,6,166,250,22,11.3636363636364
"NWVI",2008,6,167,261,20,13.05
"NWVI",2007,6,169,1551,33,47
"NWVI",2007,6,170,1690,38,44.4736842105263
"NWVI",2007,6,171,1508,40,37.7
"NWVI",2007,6,172,1335,40,33.375
"NWVI",2007,6,173,789,32,24.65625
"NWVI",2011,7,205,4316,75,57.5466666666667
"NWVI",2014,7,205,5430,58,93.6206896551724
"NWVI",2011,7,206,4224,77,54.8571428571429
"NWVI",2014,7,206,6681,58,115.189655172414
"NWVI",2011,7,207,3884,80,48.55
"NWVI",2014,7,207,4973,57,87.2456140350877
"NWVI",2011,7,208,3196,68,47
"NWVI",2014,7,208,3366,61,55.1803278688525
"NWVI",2014,7,209,1854,49,37.8367346938776
"NWVI",2014,7,210,1632,44,37.0909090909091
"NWVI",2014,7,211,1336,52,25.6923076923077
"NWVI",2014,7,212,1222,40,30.55
"NWVI",2010,8,213,1021,20,51.05
"NWVI",2011,8,213,2610,32,81.5625
"NWVI",2014,8,213,430,17,25.2941176470588
"NWVI",2010,8,214,710,21,33.8095238095238
"NWVI",2011,8,214,1800,31,58.0645161290323
"NWVI",2014,8,214,356,13,27.3846153846154
"NWVI",2008,8,215,180,9,20
"NWVI",2010,8,215,843,21,40.1428571428571
"NWVI",2011,8,215,1660,32,51.875
"NWVI",2014,8,215,566,14,40.4285714285714
"NWVI",2008,8,216,169,8,21.125
"NWVI",2014,8,216,925,22,42.0454545454545
"NWVI",2008,8,217,160,9,17.7777777777778
"NWVI",2014,8,217,1563,23,67.9565217391304
"NWVI",2012,8,218,787,17,46.2941176470588
"NWVI",2014,8,218,1406,23,61.1304347826087
"NWVI",2014,8,219,1876,25,75.04
"NWVI",2009,8,220,1073,29,37
"NWVI",2014,8,220,2249,23,97.7826086956522
"NWVI",2015,8,220,7041,35,201.171428571429
"NWVI",2009,8,221,650,22,29.5454545454545
"NWVI",2015,8,221,5511,35,157.457142857143
"NWVI",2009,8,222,475,20,23.75
"NWVI",2008,9,246,486,24,20.25
"NWVI",2008,9,247,345,22,15.6818181818182
"NWVI",2008,9,248,351,13,27
"NWVI",2008,9,249,429,15,28.6
"NWVI",2008,9,250,292,12,24.3333333333333
"NWVI",2014,9,250,426,48,8.875
"NWVI",2008,9,251,39,2,19.5
"NWVI",2014,9,251,132,24,5.5
"NWVI",2008,9,252,23,3,7.66666666666667
"NWVI",2014,9,252,157,16,9.8125
"NWVI",2008,9,253,14,1,14
"NWVI",2014,9,253,324,23,14.0869565217391
"NWVI",2008,9,254,286,16,17.875
"NWVI",2014,9,254,396,26,15.2307692307692
"NWVI",2008,9,255,339,20,16.95
"NWVI",2014,9,255,178,14,12.7142857142857
"NWVI",2008,9,256,118,15,7.86666666666667
"NWVI",2014,9,256,287,15,19.1333333333333
"NWVI",2008,9,257,185,13,14.2307692307692
"NWVI",2014,9,257,281,20,14.05
"NWVI",2008,9,258,148,8,18.5
"NWVI",2013,9,258,748,29,25.7931034482759
"NWVI",2014,9,258,240,20,12
"NWVI",2015,9,258,124,13,9.53846153846154
"NWVI",2012,9,259,420,11,38.1818181818182
"NWVI",2013,9,259,769,29,26.5172413793103
"NWVI",2014,9,259,174,19,9.1578947368421
"NWVI",2015,9,259,53,10,5.3
"NWVI",2012,9,260,403,14,28.7857142857143
"NWVI",2013,9,260,612,29,21.1034482758621
"NWVI",2014,9,260,80,12,6.66666666666667
"NWVI",2015,9,260,63,10,6.3
"NWVI",2007,9,261,79,16,4.9375
"NWVI",2012,9,261,320,13,24.6153846153846
"NWVI",2014,9,261,97,12,8.08333333333333
"NWVI",2015,9,261,23,5,4.6
"NWVI",2007,9,262,227,16,14.1875
"NWVI",2012,9,262,177,9,19.6666666666667
"NWVI",2014,9,262,45,5,9
"NWVI",2015,9,262,18,3,6
"NWVI",2007,9,263,208,16,13
"NWVI",2012,9,263,201,7,28.7142857142857
"NWVI",2014,9,263,19,3,6.33333333333333
"NWVI",2007,9,264,27,6,4.5
"NWVI",2012,9,264,226,5,45.2
"NWVI",2014,9,264,9,4,2.25
"NWVI",2015,9,264,8,1,8
"NWVI",2007,9,265,43,9,4.77777777777778
"NWVI",2012,9,265,303,7,43.2857142857143
"NWVI",2013,9,265,13,1,13
"NWVI",2014,9,265,23,2,11.5
"NWVI",2015,9,265,47,2,23.5
"NWVI",2007,9,266,37,3,12.3333333333333
"NWVI",2008,9,266,192,9,21.3333333333333
"NWVI",2010,9,266,55,2,27.5
"NWVI",2012,9,266,342,7,48.8571428571429
"NWVI",2013,9,266,70,7,10
"NWVI",2015,9,266,81,3,27
"NWVI",2007,9,267,8,1,8
"NWVI",2008,9,267,108,9,12
"NWVI",2012,9,267,318,6,53
"NWVI",2013,9,267,129,10,12.9
"NWVI",2015,9,267,63,4,15.75
"NWVI",2007,9,268,181,9,20.1111111111111
"NWVI",2012,9,268,365,7,52.1428571428571
"NWVI",2013,9,268,40,7,5.71428571428571
"NWVI",2015,9,268,70,4,17.5
"NWVI",2007,9,269,117,7,16.7142857142857
"NWVI",2008,9,269,112,5,22.4
"NWVI",2010,9,269,17,2,8.5
"NWVI",2012,9,269,317,8,39.625
"NWVI",2013,9,269,118,3,39.3333333333333
"NWVI",2015,9,269,154,6,25.6666666666667
"NWVI",2007,9,270,56,6,9.33333333333333
"NWVI",2008,9,270,86,5,17.2
"NWVI",2012,9,270,207,6,34.5
"NWVI",2013,9,270,32,3,10.6666666666667
"NWVI",2015,9,270,91,5,18.2
"NWVI",2007,9,271,63,7,9
"NWVI",2008,9,271,33,2,16.5
"NWVI",2010,9,271,363,11,33
"NWVI",2012,9,271,27,3,9
"NWVI",2015,9,271,2,2,1
"NWVI",2008,9,272,56,2,28
"NWVI",2010,9,272,973,15,64.8666666666667
"NWVI",2012,9,272,142,4,35.5
"NWVI",2014,9,272,4,1,4
"NWVI",2015,9,272,81,4,20.25
"NWVI",2010,9,273,884,12,73.6666666666667
"NWVI",2012,9,273,224,4,56
"NWVI",2014,9,273,3,1,3
"NWVI",2015,9,273,105,4,26.25
"NWVI",2012,9,274,129,4,32.25
"NWVI",2015,10,277,73,5,14.6
"NWVI",2015,10,278,38,5,7.6
"NWVI",2015,10,279,5,3,1.66666666666667
"NWVI",2012,10,284,83,3,27.6666666666667
"NWVI",2012,10,285,69,3,23
"NWVI",2015,10,287,3,1,3
"NWVI",2015,10,288,18,1,18
"NWVI",2007,10,290,39,3,13
"NWVI",2008,10,290,53,4,13.25
"NWVI",2015,10,290,1,1,1
"NWVI",2007,10,291,17,3,5.66666666666667
"NWVI",2008,10,291,106,5,21.2
"NWVI",2007,10,292,33,6,5.5
"NWVI",2008,10,292,192,4,48
"NWVI",2015,10,292,2,1,2
"NWVI",2007,10,293,46,3,15.3333333333333
"NWVI",2008,10,293,53,4,13.25
"NWVI",2007,10,294,12,1,12
"NWVI",2008,10,294,213,4,53.25
"NWVI",2007,10,295,10,1,10
"NWVI",2007,10,297,158,5,31.6
"NWVI",2007,10,298,235,6,39.1666666666667
"NWVI",2007,10,299,286,6,47.6666666666667
"NWVI",2007,10,300,236,5,47.2
"NWVI",2015,11,305,0,1,0
"NWVI",2015,11,307,0,1,0
"NWVI",2015,11,308,0,1,0
"NWVI",2008,11,312,31,1,31
"NWVI",2008,11,313,16,1,16
"NWVI",2008,11,314,76,2,38
"NWVI",2008,11,315,85,1,85
"NWVI",2008,11,316,57,1,57
"NWVI",2014,11,317,3,1,3
"NWVI",2008,11,318,183,2,91.5
"NWVI",2014,11,318,6,2,3
"NWVI",2011,11,319,14,2,7
"NWVI",2014,11,319,7,2,3.5
"NWVI",2008,11,320,269,3,89.6666666666667
"NWVI",2011,11,320,0,1,0
"NWVI",2014,11,320,7,2,3.5
"NWVI",2008,11,321,127,2,63.5
"NWVI",2011,11,321,4,1,4
"NWVI",2014,11,321,1,1,1
"NWVI",2008,11,322,181,3,60.3333333333333
"NWVI",2011,11,322,10,1,10
"NWVI",2011,11,323,12,1,12
"NWVI",2012,11,324,24,1,24
"NWVI",2012,11,326,35,1,35
"NWVI",2011,11,334,13,1,13
"NWVI",2011,12,335,11,1,11
"NWVI",2011,12,336,8,1,8
"NWVI",2008,12,337,296,9,32.8888888888889
"NWVI",2011,12,337,15,1,15
"NWVI",2008,12,338,759,10,75.9
"NWVI",2011,12,338,9,1,9
"NWVI",2011,12,340,0,1,0
"NWVI",2012,12,340,5,1,5
"NWVI",2011,12,341,11,1,11
"NWVI",2012,12,341,10,1,10
"NWVI",2011,12,342,2,1,2
"NWVI",2012,12,342,15,1,15
"NWVI",2011,12,343,24,1,24
"NWVI",2012,12,343,9,1,9
"NWVI",2011,12,344,14,1,14
"NWVI",2012,12,344,11,1,11
"NWVI",2011,12,345,1,1,1
"NWVI",2012,12,345,7,1,7
"NWVI",2012,12,355,2,1,2
"NWVI",2012,12,357,0,1,0
"NWVI",2012,12,358,1,1,1
"NWVI",2015,12,365,1,1,1
"SWVI",2007,1,1,0,1,0
"SWVI",2013,1,1,9,2,4.5
"SWVI",2015,1,1,6,1,6
"SWVI",2013,1,2,3,1,3
"SWVI",2015,1,2,8,1,8
"SWVI",2014,1,3,0,1,0
"SWVI",2015,1,3,4,1,4
"SWVI",2014,1,4,1,1,1
"SWVI",2007,1,5,55,1,55
"SWVI",2013,1,5,1,1,1
"SWVI",2014,1,5,7,1,7
"SWVI",2015,1,5,7,1,7
"SWVI",2007,1,6,19,2,9.5
"SWVI",2009,1,6,20,5,4
"SWVI",2012,1,6,0,1,0
"SWVI",2013,1,6,7,2,3.5
"SWVI",2015,1,6,17,1,17
"SWVI",2007,1,7,20,1,20
"SWVI",2009,1,7,16,1,16
"SWVI",2012,1,7,0,1,0
"SWVI",2013,1,7,1,1,1
"SWVI",2007,1,8,21,2,10.5
"SWVI",2009,1,8,37,3,12.3333333333333
"SWVI",2012,1,8,15,2,7.5
"SWVI",2013,1,8,16,1,16
"SWVI",2009,1,9,58,4,14.5
"SWVI",2012,1,9,15,1,15
"SWVI",2013,1,9,7,1,7
"SWVI",2007,1,10,15,1,15
"SWVI",2009,1,10,26,4,6.5
"SWVI",2013,1,10,7,1,7
"SWVI",2007,1,11,26,2,13
"SWVI",2009,1,11,45,6,7.5
"SWVI",2012,1,11,2,2,1
"SWVI",2013,1,11,10,2,5
"SWVI",2007,1,12,14,2,7
"SWVI",2009,1,12,10,5,2
"SWVI",2012,1,12,3,2,1.5
"SWVI",2013,1,12,14,2,7
"SWVI",2014,1,12,5,1,5
"SWVI",2007,1,13,21,4,5.25
"SWVI",2009,1,13,14,4,3.5
"SWVI",2013,1,13,4,1,4
"SWVI",2014,1,13,12,1,12
"SWVI",2007,1,14,44,4,11
"SWVI",2009,1,14,16,3,5.33333333333333
"SWVI",2013,1,14,22,2,11
"SWVI",2014,1,14,9,1,9
"SWVI",2007,1,15,26,4,6.5
"SWVI",2008,1,15,33,2,16.5
"SWVI",2009,1,15,24,4,6
"SWVI",2012,1,15,7,2,3.5
"SWVI",2013,1,15,25,2,12.5
"SWVI",2014,1,15,8,1,8
"SWVI",2007,1,16,13,3,4.33333333333333
"SWVI",2008,1,16,66,8,8.25
"SWVI",2009,1,16,16,5,3.2
"SWVI",2013,1,16,2,2,1
"SWVI",2014,1,16,0,1,0
"SWVI",2007,1,17,36,5,7.2
"SWVI",2008,1,17,38,7,5.42857142857143
"SWVI",2009,1,17,9,3,3
"SWVI",2013,1,17,12,1,12
"SWVI",2008,1,18,43,5,8.6
"SWVI",2009,1,18,20,3,6.66666666666667
"SWVI",2013,1,18,8,1,8
"SWVI",2014,1,18,0,1,0
"SWVI",2007,1,19,0,1,0
"SWVI",2008,1,19,14,1,14
"SWVI",2009,1,19,5,2,2.5
"SWVI",2012,1,19,0,2,0
"SWVI",2013,1,19,12,3,4
"SWVI",2014,1,19,0,1,0
"SWVI",2007,1,20,10,1,10
"SWVI",2008,1,20,30,3,10
"SWVI",2009,1,20,22,4,5.5
"SWVI",2012,1,20,3,1,3
"SWVI",2013,1,20,5,2,2.5
"SWVI",2014,1,20,1,1,1
"SWVI",2007,1,21,14,1,14
"SWVI",2008,1,21,41,3,13.6666666666667
"SWVI",2009,1,21,21,4,5.25
"SWVI",2013,1,21,2,1,2
"SWVI",2014,1,21,2,1,2
"SWVI",2007,1,22,6,1,6
"SWVI",2008,1,22,58,5,11.6
"SWVI",2009,1,22,23,4,5.75
"SWVI",2014,1,22,1,1,1
"SWVI",2008,1,23,34,6,5.66666666666667
"SWVI",2009,1,23,28,5,5.6
"SWVI",2013,1,23,16,1,16
"SWVI",2014,1,23,1,1,1
"SWVI",2007,1,24,11,1,11
"SWVI",2008,1,24,16,4,4
"SWVI",2009,1,24,5,2,2.5
"SWVI",2013,1,24,12,1,12
"SWVI",2014,1,24,2,1,2
"SWVI",2007,1,25,12,1,12
"SWVI",2008,1,25,38,4,9.5
"SWVI",2009,1,25,21,5,4.2
"SWVI",2013,1,25,8,1,8
"SWVI",2007,1,26,74,4,18.5
"SWVI",2008,1,26,8,1,8
"SWVI",2009,1,26,11,4,2.75
"SWVI",2013,1,26,10,2,5
"SWVI",2007,1,27,10,2,5
"SWVI",2008,1,27,17,2,8.5
"SWVI",2009,1,27,6,2,3
"SWVI",2013,1,27,4,2,2
"SWVI",2007,1,28,77,5,15.4
"SWVI",2008,1,28,12,3,4
"SWVI",2009,1,28,1,2,0.5
"SWVI",2015,1,28,25,2,12.5
"SWVI",2007,1,29,73,6,12.1666666666667
"SWVI",2008,1,29,3,1,3
"SWVI",2013,1,29,18,2,9
"SWVI",2015,1,29,28,2,14
"SWVI",2007,1,30,81,5,16.2
"SWVI",2008,1,30,8,2,4
"SWVI",2013,1,30,6,2,3
"SWVI",2015,1,30,24,2,12
"SWVI",2007,1,31,58,5,11.6
"SWVI",2008,1,31,5,1,5
"SWVI",2009,1,31,7,2,3.5
"SWVI",2013,1,31,5,2,2.5
"SWVI",2007,2,32,80,8,10
"SWVI",2008,2,32,15,2,7.5
"SWVI",2009,2,32,4,1,4
"SWVI",2013,2,32,0,1,0
"SWVI",2014,2,32,4,1,4
"SWVI",2015,2,32,1,1,1
"SWVI",2007,2,33,56,5,11.2
"SWVI",2008,2,33,37,3,12.3333333333333
"SWVI",2009,2,33,13,2,6.5
"SWVI",2013,2,33,0,1,0
"SWVI",2014,2,33,11,1,11
"SWVI",2007,2,34,98,3,32.6666666666667
"SWVI",2008,2,34,65,6,10.8333333333333
"SWVI",2009,2,34,8,1,8
"SWVI",2012,2,34,2,1,2
"SWVI",2013,2,34,0,1,0
"SWVI",2007,2,35,56,4,14
"SWVI",2008,2,35,98,7,14
"SWVI",2009,2,35,20,4,5
"SWVI",2012,2,35,1,1,1
"SWVI",2013,2,35,0,1,0
"SWVI",2007,2,36,107,8,13.375
"SWVI",2009,2,36,36,5,7.2
"SWVI",2012,2,36,18,2,9
"SWVI",2013,2,36,0,1,0
"SWVI",2007,2,37,86,7,12.2857142857143
"SWVI",2008,2,37,2,1,2
"SWVI",2009,2,37,20,6,3.33333333333333
"SWVI",2012,2,37,28,2,14
"SWVI",2014,2,37,14,1,14
"SWVI",2007,2,38,85,6,14.1666666666667
"SWVI",2009,2,38,8,3,2.66666666666667
"SWVI",2012,2,38,20,2,10
"SWVI",2014,2,38,22,1,22
"SWVI",2007,2,39,67,8,8.375
"SWVI",2008,2,39,6,1,6
"SWVI",2009,2,39,7,3,2.33333333333333
"SWVI",2015,2,39,2,1,2
"SWVI",2007,2,40,34,4,8.5
"SWVI",2008,2,40,17,2,8.5
"SWVI",2009,2,40,1,1,1
"SWVI",2012,2,40,18,2,9
"SWVI",2015,2,40,19,1,19
"SWVI",2007,2,41,38,5,7.6
"SWVI",2008,2,41,0,1,0
"SWVI",2012,2,41,26,2,13
"SWVI",2013,2,41,6,2,3
"SWVI",2015,2,41,7,1,7
"SWVI",2007,2,42,28,3,9.33333333333333
"SWVI",2008,2,42,40,2,20
"SWVI",2009,2,42,3,2,1.5
"SWVI",2013,2,42,4,2,2
"SWVI",2014,2,42,2,1,2
"SWVI",2015,2,42,23,1,23
"SWVI",2007,2,43,2,1,2
"SWVI",2008,2,43,8,1,8
"SWVI",2013,2,43,7,2,3.5
"SWVI",2007,2,44,42,4,10.5
"SWVI",2008,2,44,27,3,9
"SWVI",2009,2,44,1,1,1
"SWVI",2012,2,44,11,1,11
"SWVI",2008,2,45,83,8,10.375
"SWVI",2009,2,45,8,3,2.66666666666667
"SWVI",2012,2,45,16,2,8
"SWVI",2008,2,46,71,7,10.1428571428571
"SWVI",2009,2,46,6,2,3
"SWVI",2012,2,46,15,2,7.5
"SWVI",2015,2,46,6,1,6
"SWVI",2008,2,47,46,6,7.66666666666667
"SWVI",2009,2,47,30,6,5
"SWVI",2012,2,47,25,2,12.5
"SWVI",2015,2,47,12,2,6
"SWVI",2008,2,48,112,8,14
"SWVI",2009,2,48,12,5,2.4
"SWVI",2015,2,48,12,3,4
"SWVI",2007,2,49,6,1,6
"SWVI",2008,2,49,27,3,9
"SWVI",2009,2,49,19,3,6.33333333333333
"SWVI",2015,2,49,67,3,22.3333333333333
"SWVI",2007,2,50,5,1,5
"SWVI",2008,2,50,16,1,16
"SWVI",2009,2,50,12,2,6
"SWVI",2012,2,50,19,2,9.5
"SWVI",2015,2,50,57,3,19
"SWVI",2007,2,51,31,3,10.3333333333333
"SWVI",2009,2,51,4,2,2
"SWVI",2011,2,51,88,7,12.5714285714286
"SWVI",2012,2,51,10,2,5
"SWVI",2015,2,51,4,2,2
"SWVI",2007,2,52,25,3,8.33333333333333
"SWVI",2008,2,52,38,5,7.6
"SWVI",2009,2,52,2,1,2
"SWVI",2011,2,52,77,6,12.8333333333333
"SWVI",2014,2,52,18,1,18
"SWVI",2015,2,52,40,1,40
"SWVI",2007,2,53,32,3,10.6666666666667
"SWVI",2008,2,53,5,1,5
"SWVI",2011,2,53,21,4,5.25
"SWVI",2014,2,53,15,1,15
"SWVI",2015,2,53,34,1,34
"SWVI",2007,2,54,44,4,11
"SWVI",2008,2,54,5,1,5
"SWVI",2009,2,54,2,1,2
"SWVI",2011,2,54,51,7,7.28571428571429
"SWVI",2012,2,54,11,2,5.5
"SWVI",2007,2,55,4,1,4
"SWVI",2008,2,55,12,1,12
"SWVI",2011,2,55,2,2,1
"SWVI",2015,2,55,36,1,36
"SWVI",2007,2,56,22,3,7.33333333333333
"SWVI",2008,2,56,33,5,6.6
"SWVI",2009,2,56,4,1,4
"SWVI",2011,2,56,59,6,9.83333333333333
"SWVI",2015,2,56,33,2,16.5
"SWVI",2007,2,57,16,2,8
"SWVI",2009,2,57,10,3,3.33333333333333
"SWVI",2011,2,57,96,6,16
"SWVI",2012,2,57,6,1,6
"SWVI",2014,2,57,21,1,21
"SWVI",2015,2,57,34,3,11.3333333333333
"SWVI",2007,2,58,55,5,11
"SWVI",2008,2,58,47,3,15.6666666666667
"SWVI",2011,2,58,27,3,9
"SWVI",2012,2,58,10,1,10
"SWVI",2014,2,58,35,1,35
"SWVI",2015,2,58,56,3,18.6666666666667
"SWVI",2007,2,59,25,9,2.77777777777778
"SWVI",2008,2,59,57,6,9.5
"SWVI",2011,2,59,26,5,5.2
"SWVI",2012,2,59,3,1,3
"SWVI",2014,2,59,17,1,17
"SWVI",2015,2,59,99,3,33
"SWVI",2008,2,60,24,4,6
"SWVI",2012,2,60,3,1,3
"SWVI",2007,3,60,26,5,5.2
"SWVI",2014,3,60,5,1,5
"SWVI",2015,3,60,10,2,5
"SWVI",2007,3,61,1,1,1
"SWVI",2012,3,61,10,1,10
"SWVI",2015,3,61,19,2,9.5
"SWVI",2007,3,62,21,2,10.5
"SWVI",2015,3,62,10,2,5
"SWVI",2007,3,63,212,9,23.5555555555556
"SWVI",2013,3,63,1,1,1
"SWVI",2014,3,63,51,2,25.5
"SWVI",2015,3,63,4,2,2
"SWVI",2007,3,64,29,2,14.5
"SWVI",2011,3,64,7,2,3.5
"SWVI",2014,3,64,41,2,20.5
"SWVI",2015,3,64,21,1,21
"SWVI",2007,3,65,29,4,7.25
"SWVI",2011,3,65,24,3,8
"SWVI",2013,3,65,12,3,4
"SWVI",2015,3,65,11,1,11
"SWVI",2011,3,66,0,1,0
"SWVI",2012,3,66,1,1,1
"SWVI",2013,3,66,12,2,6
"SWVI",2014,3,66,20,2,10
"SWVI",2015,3,66,14,1,14
"SWVI",2011,3,67,13,2,6.5
"SWVI",2012,3,67,0,1,0
"SWVI",2013,3,67,3,2,1.5
"SWVI",2015,3,67,3,2,1.5
"SWVI",2009,3,68,9,2,4.5
"SWVI",2011,3,68,1,1,1
"SWVI",2012,3,68,22,2,11
"SWVI",2013,3,68,19,1,19
"SWVI",2009,3,69,5,1,5
"SWVI",2012,3,69,9,1,9
"SWVI",2014,3,69,62,4,15.5
"SWVI",2009,3,70,20,4,5
"SWVI",2012,3,70,1,1,1
"SWVI",2014,3,70,57,4,14.25
"SWVI",2015,3,70,26,2,13
"SWVI",2009,3,71,24,6,4
"SWVI",2011,3,71,6,1,6
"SWVI",2014,3,71,38,3,12.6666666666667
"SWVI",2015,3,71,27,2,13.5
"SWVI",2009,3,72,13,3,4.33333333333333
"SWVI",2013,3,72,2,1,2
"SWVI",2014,3,72,26,2,13
"SWVI",2015,3,72,56,3,18.6666666666667
"SWVI",2009,3,73,4,2,2
"SWVI",2011,3,73,11,2,5.5
"SWVI",2014,3,73,3,2,1.5
"SWVI",2015,3,73,43,4,10.75
"SWVI",2009,3,74,2,1,2
"SWVI",2011,3,74,17,2,8.5
"SWVI",2013,3,74,2,1,2
"SWVI",2014,3,74,2,2,1
"SWVI",2015,3,74,61,4,15.25
"SWVI",2007,3,76,58,2,29
"SWVI",2007,3,77,51,5,10.2
"SWVI",2007,3,78,10,1,10
"SWVI",2007,3,79,6,2,3
"SWVI",2007,3,80,7,2,3.5
"SWVI",2007,3,81,79,5,15.8
"SWVI",2007,3,82,42,3,14
"SWVI",2007,3,83,93,6,15.5
"SWVI",2007,3,84,134,7,19.1428571428571
"SWVI",2007,3,85,69,6,11.5
"SWVI",2007,3,86,48,6,8
"SWVI",2007,3,87,73,9,8.11111111111111
"SWVI",2007,3,88,56,6,9.33333333333333
"SWVI",2007,3,89,80,5,16
"SWVI",2007,3,90,42,6,7
"SWVI",2007,4,97,41,5,8.2
"SWVI",2007,4,98,29,2,14.5
"SWVI",2007,4,99,14,4,3.5
"SWVI",2007,4,100,20,6,3.33333333333333
"SWVI",2007,4,101,14,3,4.66666666666667
"SWVI",2007,4,102,17,5,3.4
"SWVI",2007,4,105,12,2,6
"SWVI",2007,4,106,25,4,6.25
"SWVI",2007,4,107,204,33,6.18181818181818
"SWVI",2007,4,108,350,29,12.0689655172414
"SWVI",2007,4,109,389,29,13.4137931034483
"SWVI",2010,4,109,106,5,21.2
"SWVI",2011,4,109,55,4,13.75
"SWVI",2015,4,109,14,1,14
"SWVI",2007,4,110,481,27,17.8148148148148
"SWVI",2009,4,110,31,5,6.2
"SWVI",2010,4,110,70,6,11.6666666666667
"SWVI",2011,4,110,94,7,13.4285714285714
"SWVI",2012,4,110,64,4,16
"SWVI",2015,4,110,24,1,24
"SWVI",2007,4,111,2,2,1
"SWVI",2008,4,111,1,3,0.333333333333333
"SWVI",2009,4,111,52,4,13
"SWVI",2010,4,111,83,6,13.8333333333333
"SWVI",2011,4,111,23,4,5.75
"SWVI",2012,4,111,25,4,6.25
"SWVI",2014,4,111,9,1,9
"SWVI",2007,4,112,178,18,9.88888888888889
"SWVI",2008,4,112,2,2,1
"SWVI",2009,4,112,31,6,5.16666666666667
"SWVI",2010,4,112,35,3,11.6666666666667
"SWVI",2011,4,112,88,4,22
"SWVI",2012,4,112,79,3,26.3333333333333
"SWVI",2007,4,113,184,14,13.1428571428571
"SWVI",2009,4,113,5,2,2.5
"SWVI",2010,4,113,23,3,7.66666666666667
"SWVI",2011,4,113,75,5,15
"SWVI",2012,4,113,62,4,15.5
"SWVI",2014,4,113,16,1,16
"SWVI",2007,4,114,50,6,8.33333333333333
"SWVI",2009,4,114,14,2,7
"SWVI",2010,4,114,33,6,5.5
"SWVI",2012,4,114,79,6,13.1666666666667
"SWVI",2014,4,114,12,1,12
"SWVI",2007,4,115,41,8,5.125
"SWVI",2008,4,115,10,2,5
"SWVI",2009,4,115,7,2,3.5
"SWVI",2010,4,115,72,5,14.4
"SWVI",2012,4,115,30,3,10
"SWVI",2013,4,115,5,2,2.5
"SWVI",2014,4,115,7,1,7
"SWVI",2008,4,116,7,3,2.33333333333333
"SWVI",2009,4,116,7,1,7
"SWVI",2010,4,116,8,1,8
"SWVI",2013,4,116,6,1,6
"SWVI",2007,4,117,24,4,6
"SWVI",2008,4,117,1,1,1
"SWVI",2009,4,117,3,1,3
"SWVI",2010,4,117,14,2,7
"SWVI",2013,4,117,85,5,17
"SWVI",2014,4,117,15,1,15
"SWVI",2007,4,118,428,24,17.8333333333333
"SWVI",2008,4,118,1,1,1
"SWVI",2009,4,118,23,3,7.66666666666667
"SWVI",2010,4,118,24,3,8
"SWVI",2013,4,118,45,5,9
"SWVI",2007,4,119,266,19,14
"SWVI",2009,4,119,58,4,14.5
"SWVI",2010,4,119,11,5,2.2
"SWVI",2014,4,119,18,6,3
"SWVI",2007,4,120,580,31,18.7096774193548
"SWVI",2008,4,120,1,1,1
"SWVI",2009,4,120,58,5,11.6
"SWVI",2010,4,120,27,1,27
"SWVI",2008,4,121,4,4,1
"SWVI",2007,5,121,118,16,7.375
"SWVI",2009,5,121,15,5,3
"SWVI",2010,5,121,196,15,13.0666666666667
"SWVI",2011,5,121,1365,39,35
"SWVI",2013,5,121,523,39,13.4102564102564
"SWVI",2014,5,121,9,4,2.25
"SWVI",2015,5,121,139,12,11.5833333333333
"SWVI",2007,5,122,26,5,5.2
"SWVI",2008,5,122,1,1,1
"SWVI",2009,5,122,2,1,2
"SWVI",2010,5,122,185,13,14.2307692307692
"SWVI",2011,5,122,1023,39,26.2307692307692
"SWVI",2012,5,122,80,13,6.15384615384615
"SWVI",2013,5,122,248,35,7.08571428571429
"SWVI",2014,5,122,10,1,10
"SWVI",2015,5,122,117,8,14.625
"SWVI",2007,5,123,238,14,17
"SWVI",2008,5,123,8,4,2
"SWVI",2011,5,123,181,12,15.0833333333333
"SWVI",2012,5,123,150,15,10
"SWVI",2013,5,123,161,25,6.44
"SWVI",2014,5,123,3,1,3
"SWVI",2015,5,123,139,10,13.9
"SWVI",2007,5,124,404,26,15.5384615384615
"SWVI",2008,5,124,43,8,5.375
"SWVI",2009,5,124,4,1,4
"SWVI",2010,5,124,138,15,9.2
"SWVI",2011,5,124,769,37,20.7837837837838
"SWVI",2012,5,124,33,9,3.66666666666667
"SWVI",2013,5,124,117,10,11.7
"SWVI",2014,5,124,5,2,2.5
"SWVI",2015,5,124,200,12,16.6666666666667
"SWVI",2007,5,125,378,19,19.8947368421053
"SWVI",2008,5,125,61,7,8.71428571428571
"SWVI",2010,5,125,128,8,16
"SWVI",2011,5,125,404,25,16.16
"SWVI",2012,5,125,3,1,3
"SWVI",2013,5,125,121,11,11
"SWVI",2014,5,125,6,3,2
"SWVI",2015,5,125,157,9,17.4444444444444
"SWVI",2007,5,126,178,17,10.4705882352941
"SWVI",2008,5,126,28,9,3.11111111111111
"SWVI",2010,5,126,147,14,10.5
"SWVI",2011,5,126,373,17,21.9411764705882
"SWVI",2012,5,126,18,4,4.5
"SWVI",2013,5,126,266,15,17.7333333333333
"SWVI",2014,5,126,24,6,4
"SWVI",2015,5,126,117,12,9.75
"SWVI",2007,5,127,208,19,10.9473684210526
"SWVI",2008,5,127,6,1,6
"SWVI",2009,5,127,58,7,8.28571428571429
"SWVI",2010,5,127,1151,35,32.8857142857143
"SWVI",2011,5,127,1671,37,45.1621621621622
"SWVI",2012,5,127,28,4,7
"SWVI",2013,5,127,1206,33,36.5454545454545
"SWVI",2014,5,127,342,26,13.1538461538462
"SWVI",2015,5,127,196,15,13.0666666666667
"SWVI",2007,5,128,138,12,11.5
"SWVI",2008,5,128,82,11,7.45454545454545
"SWVI",2009,5,128,576,21,27.4285714285714
"SWVI",2010,5,128,860,40,21.5
"SWVI",2011,5,128,1475,38,38.8157894736842
"SWVI",2012,5,128,293,27,10.8518518518519
"SWVI",2013,5,128,2510,42,59.7619047619048
"SWVI",2014,5,128,6,7,0.857142857142857
"SWVI",2015,5,128,283,16,17.6875
"SWVI",2007,5,129,169,14,12.0714285714286
"SWVI",2008,5,129,558,25,22.32
"SWVI",2009,5,129,718,31,23.1612903225806
"SWVI",2010,5,129,353,30,11.7666666666667
"SWVI",2011,5,129,897,37,24.2432432432432
"SWVI",2013,5,129,3319,59,56.2542372881356
"SWVI",2014,5,129,155,8,19.375
"SWVI",2015,5,129,205,18,11.3888888888889
"SWVI",2007,5,130,364,22,16.5454545454545
"SWVI",2008,5,130,410,25,16.4
"SWVI",2009,5,130,550,32,17.1875
"SWVI",2010,5,130,347,18,19.2777777777778
"SWVI",2011,5,130,536,23,23.304347826087
"SWVI",2013,5,130,3451,58,59.5
"SWVI",2014,5,130,226,14,16.1428571428571
"SWVI",2015,5,130,94,12,7.83333333333333
"SWVI",2007,5,131,407,22,18.5
"SWVI",2008,5,131,54,8,6.75
"SWVI",2009,5,131,423,25,16.92
"SWVI",2010,5,131,312,16,19.5
"SWVI",2013,5,131,1105,31,35.6451612903226
"SWVI",2014,5,131,191,7,27.2857142857143
"SWVI",2015,5,131,241,13,18.5384615384615
"SWVI",2007,5,132,504,25,20.16
"SWVI",2008,5,132,1,2,0.5
"SWVI",2009,5,132,527,26,20.2692307692308
"SWVI",2010,5,132,479,23,20.8260869565217
"SWVI",2013,5,132,1249,19,65.7368421052632
"SWVI",2014,5,132,180,8,22.5
"SWVI",2015,5,132,180,17,10.5882352941176
"SWVI",2007,5,133,557,30,18.5666666666667
"SWVI",2008,5,133,136,23,5.91304347826087
"SWVI",2009,5,133,930,20,46.5
"SWVI",2010,5,133,1141,29,39.3448275862069
"SWVI",2012,5,133,547,30,18.2333333333333
"SWVI",2013,5,133,1870,52,35.9615384615385
"SWVI",2014,5,133,233,7,33.2857142857143
"SWVI",2015,5,133,113,13,8.69230769230769
"SWVI",2007,5,134,786,27,29.1111111111111
"SWVI",2008,5,134,30,6,5
"SWVI",2009,5,134,408,27,15.1111111111111
"SWVI",2010,5,134,1764,34,51.8823529411765
"SWVI",2012,5,134,532,28,19
"SWVI",2013,5,134,3145,51,61.6666666666667
"SWVI",2014,5,134,132,6,22
"SWVI",2015,5,134,117,13,9
"SWVI",2007,5,135,1424,33,43.1515151515151
"SWVI",2008,5,135,76,15,5.06666666666667
"SWVI",2009,5,135,1881,38,49.5
"SWVI",2010,5,135,896,40,22.4
"SWVI",2011,5,135,1411,51,27.6666666666667
"SWVI",2012,5,135,249,22,11.3181818181818
"SWVI",2013,5,135,3655,10,365.5
"SWVI",2014,5,135,40,2,20
"SWVI",2015,5,135,181,14,12.9285714285714
"SWVI",2007,5,136,1208,43,28.093023255814
"SWVI",2008,5,136,375,31,12.0967741935484
"SWVI",2009,5,136,1768,40,44.2
"SWVI",2010,5,136,1061,38,27.9210526315789
"SWVI",2011,5,136,1633,54,30.2407407407407
"SWVI",2012,5,136,159,20,7.95
"SWVI",2015,5,136,152,15,10.1333333333333
"SWVI",2007,5,137,710,30,23.6666666666667
"SWVI",2008,5,137,261,27,9.66666666666667
"SWVI",2009,5,137,1490,44,33.8636363636364
"SWVI",2010,5,137,1694,36,47.0555555555556
"SWVI",2011,5,137,1951,50,39.02
"SWVI",2014,5,137,17,1,17
"SWVI",2015,5,137,159,21,7.57142857142857
"SWVI",2007,5,138,370,25,14.8
"SWVI",2008,5,138,109,15,7.26666666666667
"SWVI",2009,5,138,2187,46,47.5434782608696
"SWVI",2010,5,138,952,22,43.2727272727273
"SWVI",2011,5,138,1633,52,31.4038461538462
"SWVI",2014,5,138,10,1,10
"SWVI",2015,5,138,184,20,9.2
"SWVI",2007,5,139,328,21,15.6190476190476
"SWVI",2008,5,139,317,24,13.2083333333333
"SWVI",2009,5,139,1304,40,32.6
"SWVI",2010,5,139,45,1,45
"SWVI",2014,5,139,7,1,7
"SWVI",2015,5,139,151,17,8.88235294117647
"SWVI",2007,5,140,322,12,26.8333333333333
"SWVI",2008,5,140,209,22,9.5
"SWVI",2009,5,140,1024,46,22.2608695652174
"SWVI",2014,5,140,59,3,19.6666666666667
"SWVI",2015,5,140,117,12,9.75
"SWVI",2007,5,141,445,19,23.4210526315789
"SWVI",2008,5,141,121,8,15.125
"SWVI",2009,5,141,1129,42,26.8809523809524
"SWVI",2010,5,141,1520,30,50.6666666666667
"SWVI",2014,5,141,66,3,22
"SWVI",2015,5,141,158,11,14.3636363636364
"SWVI",2007,5,142,873,25,34.92
"SWVI",2010,5,142,1112,31,35.8709677419355
"SWVI",2014,5,142,84,4,21
"SWVI",2015,5,142,184,13,14.1538461538462
"SWVI",2007,5,143,1312,36,36.4444444444444
"SWVI",2008,5,143,6,1,6
"SWVI",2014,5,143,116,4,29
"SWVI",2015,5,143,201,17,11.8235294117647
"SWVI",2007,5,144,1193,36,33.1388888888889
"SWVI",2008,5,144,278,14,19.8571428571429
"SWVI",2014,5,144,244,6,40.6666666666667
"SWVI",2015,5,144,194,16,12.125
"SWVI",2007,5,145,1594,39,40.8717948717949
"SWVI",2008,5,145,620,28,22.1428571428571
"SWVI",2014,5,145,290,7,41.4285714285714
"SWVI",2015,5,145,214,17,12.5882352941176
"SWVI",2007,5,146,1090,32,34.0625
"SWVI",2008,5,146,545,35,15.5714285714286
"SWVI",2014,5,146,54,5,10.8
"SWVI",2015,5,146,307,20,15.35
"SWVI",2007,5,147,55,3,18.3333333333333
"SWVI",2008,5,147,545,36,15.1388888888889
"SWVI",2014,5,147,156,6,26
"SWVI",2015,5,147,199,16,12.4375
"SWVI",2007,5,148,862,36,23.9444444444444
"SWVI",2008,5,148,220,27,8.14814814814815
"SWVI",2014,5,148,111,6,18.5
"SWVI",2015,5,148,116,13,8.92307692307692
"SWVI",2007,5,149,1009,42,24.0238095238095
"SWVI",2008,5,149,419,28,14.9642857142857
"SWVI",2014,5,149,156,6,26
"SWVI",2015,5,149,187,15,12.4666666666667
"SWVI",2007,5,150,929,40,23.225
"SWVI",2008,5,150,1034,36,28.7222222222222
"SWVI",2014,5,150,186,6,31
"SWVI",2015,5,150,227,16,14.1875
"SWVI",2007,5,151,635,37,17.1621621621622
"SWVI",2008,5,151,824,39,21.1282051282051
"SWVI",2015,5,151,154,14,11
"SWVI",2008,5,152,646,38,17
"SWVI",2007,6,152,614,28,21.9285714285714
"SWVI",2010,6,152,4498,40,112.45
"SWVI",2007,6,153,582,33,17.6363636363636
"SWVI",2008,6,153,732,38,19.2631578947368
"SWVI",2009,6,153,2826,52,54.3461538461538
"SWVI",2010,6,153,1198,25,47.92
"SWVI",2007,6,154,610,31,19.6774193548387
"SWVI",2008,6,154,633,33,19.1818181818182
"SWVI",2009,6,154,1477,61,24.2131147540984
"SWVI",2010,6,154,2499,53,47.1509433962264
"SWVI",2011,6,154,4932,61,80.8524590163934
"SWVI",2007,6,155,510,21,24.2857142857143
"SWVI",2008,6,155,261,18,14.5
"SWVI",2009,6,155,866,57,15.1929824561404
"SWVI",2010,6,155,2300,53,43.3962264150943
"SWVI",2011,6,155,4615,61,75.655737704918
"SWVI",2007,6,156,716,25,28.64
"SWVI",2008,6,156,234,17,13.7647058823529
"SWVI",2009,6,156,301,29,10.3793103448276
"SWVI",2010,6,156,3575,51,70.0980392156863
"SWVI",2011,6,156,3295,62,53.1451612903226
"SWVI",2007,6,157,487,17,28.6470588235294
"SWVI",2008,6,157,184,8,23
"SWVI",2009,6,157,816,48,17
"SWVI",2010,6,157,3438,49,70.1632653061225
"SWVI",2011,6,157,2883,55,52.4181818181818
"SWVI",2007,6,158,1457,35,41.6285714285714
"SWVI",2008,6,158,186,12,15.5
"SWVI",2009,6,158,1049,50,20.98
"SWVI",2010,6,158,1217,43,28.3023255813953
"SWVI",2007,6,159,1850,40,46.25
"SWVI",2008,6,159,138,6,23
"SWVI",2009,6,159,957,35,27.3428571428571
"SWVI",2007,6,160,83,7,11.8571428571429
"SWVI",2008,6,160,1168,35,33.3714285714286
"SWVI",2011,6,160,3731,48,77.7291666666667
"SWVI",2007,6,161,1243,33,37.6666666666667
"SWVI",2008,6,161,790,36,21.9444444444444
"SWVI",2011,6,161,3650,49,74.4897959183673
"SWVI",2008,6,162,29,3,9.66666666666667
"SWVI",2008,6,163,1381,30,46.0333333333333
"SWVI",2008,6,164,3775,42,89.8809523809524
"SWVI",2008,6,165,627,39,16.0769230769231
"SWVI",2008,6,166,1283,43,29.8372093023256
"SWVI",2008,6,167,1671,48,34.8125
"SWVI",2007,6,169,735,38,19.3421052631579
"SWVI",2007,6,170,903,31,29.1290322580645
"SWVI",2007,6,171,1420,29,48.9655172413793
"SWVI",2007,6,172,1145,31,36.9354838709677
"SWVI",2007,6,173,740,26,28.4615384615385
"SWVI",2010,8,213,3667,51,71.9019607843137
"SWVI",2011,8,213,4266,56,76.1785714285714
"SWVI",2014,8,213,238,17,14
"SWVI",2010,8,214,2769,53,52.2452830188679
"SWVI",2011,8,214,5879,57,103.140350877193
"SWVI",2014,8,214,99,5,19.8
"SWVI",2008,8,215,3103,48,64.6458333333333
"SWVI",2010,8,215,2632,49,53.7142857142857
"SWVI",2011,8,215,5068,57,88.9122807017544
"SWVI",2014,8,215,13,4,3.25
"SWVI",2008,8,216,3536,49,72.1632653061225
"SWVI",2014,8,216,54,3,18
"SWVI",2008,8,217,1951,47,41.5106382978723
"SWVI",2014,8,217,0,2,0
"SWVI",2012,8,218,3493,35,99.8
"SWVI",2014,8,218,53,2,26.5
"SWVI",2014,8,219,81,4,20.25
"SWVI",2009,8,220,2510,41,61.219512195122
"SWVI",2014,8,220,93,5,18.6
"SWVI",2015,8,220,686,13,52.7692307692308
"SWVI",2009,8,221,2795,50,55.9
"SWVI",2015,8,221,715,15,47.6666666666667
"SWVI",2009,8,222,2127,46,46.2391304347826
"SWVI",2011,9,244,0,1,0
"SWVI",2011,9,245,0,1,0
"SWVI",2008,9,246,7635,60,127.25
"SWVI",2011,9,246,0,1,0
"SWVI",2008,9,247,6741,63,107
"SWVI",2011,9,247,0,1,0
"SWVI",2008,9,248,4967,70,70.9571428571429
"SWVI",2010,9,248,0,1,0
"SWVI",2008,9,249,2720,56,48.5714285714286
"SWVI",2010,9,249,0,1,0
"SWVI",2012,9,249,0,1,0
"SWVI",2008,9,250,2924,55,53.1636363636364
"SWVI",2010,9,250,0,1,0
"SWVI",2012,9,250,0,1,0
"SWVI",2008,9,251,3718,59,63.0169491525424
"SWVI",2010,9,251,0,1,0
"SWVI",2012,9,251,0,1,0
"SWVI",2008,9,252,3669,55,66.7090909090909
"SWVI",2012,9,252,0,1,0
"SWVI",2008,9,253,877,24,36.5416666666667
"SWVI",2009,9,253,0,1,0
"SWVI",2009,9,254,0,1,0
"SWVI",2009,9,255,0,1,0
"SWVI",2009,9,256,0,1,0
"SWVI",2009,9,257,0,1,0
"SWVI",2014,9,258,1514,34,44.5294117647059
"SWVI",2015,9,258,64,6,10.6666666666667
"SWVI",2012,9,259,348,15,23.2
"SWVI",2014,9,259,1998,31,64.4516129032258
"SWVI",2015,9,259,12,1,12
"SWVI",2012,9,260,491,17,28.8823529411765
"SWVI",2014,9,260,2268,36,63
"SWVI",2015,9,260,715,21,34.0476190476191
"SWVI",2007,9,261,1483,54,27.462962962963
"SWVI",2012,9,261,912,20,45.6
"SWVI",2014,9,261,1874,35,53.5428571428571
"SWVI",2015,9,261,185,10,18.5
"SWVI",2007,9,262,1821,54,33.7222222222222
"SWVI",2012,9,262,655,19,34.4736842105263
"SWVI",2014,9,262,736,18,40.8888888888889
"SWVI",2015,9,262,113,7,16.1428571428571
"SWVI",2007,9,263,1632,54,30.2222222222222
"SWVI",2012,9,263,607,11,55.1818181818182
"SWVI",2014,9,263,733,14,52.3571428571429
"SWVI",2012,9,264,1098,11,99.8181818181818
"SWVI",2014,9,264,754,17,44.3529411764706
"SWVI",2015,9,264,244,7,34.8571428571429
"SWVI",2012,9,265,1387,16,86.6875
"SWVI",2014,9,265,313,11,28.4545454545455
"SWVI",2015,9,265,630,14,45
"SWVI",2008,9,266,439,11,39.9090909090909
"SWVI",2010,9,266,209,11,19
"SWVI",2012,9,266,1294,15,86.2666666666667
"SWVI",2015,9,266,0,2,0
"SWVI",2008,9,267,1949,38,51.2894736842105
"SWVI",2012,9,267,831,15,55.4
"SWVI",2008,9,268,6,2,3
"SWVI",2012,9,268,395,7,56.4285714285714
"SWVI",2015,9,268,488,17,28.7058823529412
"SWVI",2008,9,269,935,22,42.5
"SWVI",2010,9,269,27,2,13.5
"SWVI",2012,9,269,531,14,37.9285714285714
"SWVI",2014,9,269,162,7,23.1428571428571
"SWVI",2015,9,269,536,16,33.5
"SWVI",2008,9,270,2558,35,73.0857142857143
"SWVI",2010,9,270,33,1,33
"SWVI",2012,9,270,887,15,59.1333333333333
"SWVI",2014,9,270,586,16,36.625
"SWVI",2015,9,270,853,15,56.8666666666667
"SWVI",2008,9,271,2377,37,64.2432432432432
"SWVI",2010,9,271,263,10,26.3
"SWVI",2012,9,271,790,12,65.8333333333333
"SWVI",2014,9,271,635,20,31.75
"SWVI",2015,9,271,740,20,37
"SWVI",2010,9,272,574,17,33.7647058823529
"SWVI",2012,9,272,1252,12,104.333333333333
"SWVI",2014,9,272,466,17,27.4117647058824
"SWVI",2015,9,272,618,21,29.4285714285714
"SWVI",2010,9,273,582,20,29.1
"SWVI",2012,9,273,977,11,88.8181818181818
"SWVI",2014,9,273,237,15,15.8
"SWVI",2015,9,273,1160,19,61.0526315789474
"SWVI",2012,9,274,688,10,68.8
"SWVI",2014,10,276,5,1,5
"SWVI",2014,10,277,11,3,3.66666666666667
"SWVI",2015,10,277,38,2,19
"SWVI",2014,10,278,35,7,5
"SWVI",2014,10,279,58,8,7.25
"SWVI",2013,10,280,0,1,0
"SWVI",2014,10,280,22,8,2.75
"SWVI",2013,10,281,0,1,0
"SWVI",2014,10,281,57,7,8.14285714285714
"SWVI",2013,10,282,1424,23,61.9130434782609
"SWVI",2014,10,282,15,3,5
"SWVI",2013,10,283,934,22,42.4545454545455
"SWVI",2014,10,283,9,1,9
"SWVI",2012,10,284,1710,17,100.588235294118
"SWVI",2014,10,284,1,1,1
"SWVI",2012,10,285,1482,16,92.625
"SWVI",2007,10,290,283,12,23.5833333333333
"SWVI",2008,10,291,201,9,22.3333333333333
"SWVI",2007,10,292,322,9,35.7777777777778
"SWVI",2008,10,292,501,12,41.75
"SWVI",2007,10,293,158,7,22.5714285714286
"SWVI",2008,10,293,563,12,46.9166666666667
"SWVI",2007,10,294,31,2,15.5
"SWVI",2007,10,296,150,12,12.5
"SWVI",2007,10,297,78,3,26
"SWVI",2007,10,298,48,5,9.6
"SWVI",2007,10,299,530,9,58.8888888888889
"SWVI",2007,10,300,465,10,46.5
"SWVI",2015,11,308,5,1,5
"SWVI",2015,11,309,8,1,8
"SWVI",2008,11,311,0,1,0
"SWVI",2008,11,312,10,2,5
"SWVI",2013,11,312,5,1,5
"SWVI",2014,11,312,0,1,0
"SWVI",2013,11,313,0,1,0
"SWVI",2008,11,314,10,1,10
"SWVI",2013,11,314,0,1,0
"SWVI",2008,11,315,35,1,35
"SWVI",2013,11,315,0,1,0
"SWVI",2011,11,319,4,5,0.8
"SWVI",2008,11,320,56,2,28
"SWVI",2011,11,320,0,1,0
"SWVI",2008,11,321,40,3,13.3333333333333
"SWVI",2008,11,322,33,1,33
"SWVI",2011,11,322,0,1,0
"SWVI",2013,11,322,0,1,0
"SWVI",2014,11,323,1,1,1
"SWVI",2013,11,324,4,1,4
"SWVI",2014,11,324,18,2,9
"SWVI",2012,11,325,10,1,10
"SWVI",2013,11,325,17,4,4.25
"SWVI",2014,11,325,13,2,6.5
"SWVI",2012,11,326,19,1,19
"SWVI",2013,11,326,2,1,2
"SWVI",2012,11,328,6,1,6
"SWVI",2012,11,329,1,1,1
"SWVI",2012,11,330,12,3,4
"SWVI",2013,11,330,0,1,0
"SWVI",2012,11,331,40,4,10
"SWVI",2013,11,331,0,1,0
"SWVI",2011,11,332,0,1,0
"SWVI",2012,11,332,29,3,9.66666666666667
"SWVI",2012,11,333,24,3,8
"SWVI",2012,11,334,15,1,15
"SWVI",2012,11,335,15,2,7.5
"SWVI",2013,12,336,0,1,0
"SWVI",2008,12,337,30,4,7.5
"SWVI",2011,12,337,8,1,8
"SWVI",2012,12,337,19,1,19
"SWVI",2008,12,338,22,3,7.33333333333333
"SWVI",2011,12,338,13,2,6.5
"SWVI",2012,12,338,5,1,5
"SWVI",2013,12,338,0,1,0
"SWVI",2011,12,339,7,1,7
"SWVI",2012,12,339,14,1,14
"SWVI",2013,12,339,5,1,5
"SWVI",2011,12,340,20,1,20
"SWVI",2012,12,340,15,1,15
"SWVI",2011,12,341,17,3,5.66666666666667
"SWVI",2012,12,341,49,3,16.3333333333333
"SWVI",2013,12,341,1,1,1
"SWVI",2011,12,342,1,2,0.5
"SWVI",2012,12,342,18,2,9
"SWVI",2013,12,342,1,1,1
"SWVI",2011,12,343,1,1,1
"SWVI",2012,12,343,17,2,8.5
"SWVI",2013,12,343,1,1,1
"SWVI",2012,12,344,8,1,8
"SWVI",2012,12,345,21,2,10.5
"SWVI",2011,12,346,6,1,6
"SWVI",2012,12,346,1,1,1
"SWVI",2011,12,347,6,2,3
"SWVI",2012,12,347,0,1,0
"SWVI",2013,12,347,0,1,0
"SWVI",2011,12,348,4,2,2
"SWVI",2012,12,348,5,1,5
"SWVI",2011,12,349,1,1,1
"SWVI",2012,12,349,6,1,6
"SWVI",2012,12,350,49,1,49
"SWVI",2013,12,350,0,1,0
"SWVI",2012,12,351,18,1,18
"SWVI",2013,12,351,4,1,4
"SWVI",2011,12,352,3,1,3
"SWVI",2013,12,352,2,1,2
"SWVI",2011,12,353,6,2,3
"SWVI",2012,12,353,6,2,3
"SWVI",2013,12,353,10,1,10
"SWVI",2011,12,354,0,1,0
"SWVI",2012,12,359,1,1,1
"SWVI",2013,12,364,1,1,1
"SWVI",2013,12,365,0,1,0
