,statArea,year,gear,jDay,fishNum,abbYear,date,month,week,flatFileID,prob,stock,adjProb
1,23,2007,troll,101,122,7,4/12/07,4,15,Area023 (07) troll 101 122,0.64,NANAIMO_SU,0.646138314
2,23,2007,troll,101,122,7,4/12/07,4,15,Area023 (07) troll 101 122,0.35,NANAIMO_SP,0.35335689
3,23,2007,troll,101,122,7,4/12/07,4,15,Area023 (07) troll 101 122,2.00E-04,PUNTLEDGE_SU,0.000201918
4,23,2007,troll,101,122,7,4/12/07,4,15,Area023 (07) troll 101 122,2.00E-04,PUNTLEDGE_BACKX,0.000201918
5,23,2007,troll,101,122,7,4/12/07,4,15,Area023 (07) troll 101 122,1.00E-04,NANAIMO_F,0.000100959
6,23,2007,troll,101,123,7,4/12/07,4,15,Area023 (07) troll 101 123,0.35,SAMISH_H,0.366760977
7,23,2007,troll,101,123,7,4/12/07,4,15,Area023 (07) troll 101 123,0.33,HAMMA_HAMMA_R,0.345803207
8,23,2007,troll,101,123,7,4/12/07,4,15,Area023 (07) troll 101 123,0.13,CEDAR_R_SUFA,0.136225506
9,23,2007,troll,101,123,7,4/12/07,4,15,Area023 (07) troll 101 123,0.06,SNOQUALMIE_R,0.06287331
10,23,2007,troll,101,123,7,4/12/07,4,15,Area023 (07) troll 101 123,0.05,SOOS_H,0.052394425
11,23,2007,troll,101,123,7,4/12/07,4,15,Area023 (07) troll 101 123,0.03,L_SKAGIT_R_FA,0.031436655
12,23,2007,troll,101,123,7,4/12/07,4,15,Area023 (07) troll 101 123,0.0022,GEORGE_ADAMS_H,0.002305355
13,23,2007,troll,101,123,7,4/12/07,4,15,Area023 (07) troll 101 123,8.00E-04,NF_SKOKOMISH_F,0.000838311
14,23,2007,troll,101,123,7,4/12/07,4,15,Area023 (07) troll 101 123,5.00E-04,SPRING_CR_COL,0.000523944
15,23,2007,troll,101,123,7,4/12/07,4,15,Area023 (07) troll 101 123,4.00E-04,GROVERS_CR_H,0.000419155
16,23,2007,troll,101,123,7,4/12/07,4,15,Area023 (07) troll 101 123,2.00E-04,VOIGHTS_H,0.000209578
17,23,2007,troll,101,123,7,4/12/07,4,15,Area023 (07) troll 101 123,1.00E-04,ABERNATHY_NFH_F,0.000104789
18,23,2007,troll,101,123,7,4/12/07,4,15,Area023 (07) troll 101 123,1.00E-04,SKYKOMISH_R,0.000104789
19,23,2007,troll,131,1,7,5/12/07,5,19,Area023 (07) troll 131 1,0.46,L_SKAGIT_R_FA,0.474422442
20,23,2007,troll,131,1,7,5/12/07,5,19,Area023 (07) troll 131 1,0.28,CEDAR_R_SUFA,0.288778878
21,23,2007,troll,131,1,7,5/12/07,5,19,Area023 (07) troll 131 1,0.14,VOIGHTS_H,0.144389439
22,23,2007,troll,131,1,7,5/12/07,5,19,Area023 (07) troll 131 1,0.02,SNOQUALMIE_R,0.020627063
23,23,2007,troll,131,1,7,5/12/07,5,19,Area023 (07) troll 131 1,0.02,SOOS_H,0.020627063
24,23,2007,troll,131,1,7,5/12/07,5,19,Area023 (07) troll 131 1,0.01,HARRISON,0.010313531
25,23,2007,troll,131,1,7,5/12/07,5,19,Area023 (07) troll 131 1,0.01,SAMISH_H,0.010313531
26,23,2007,troll,131,1,7,5/12/07,5,19,Area023 (07) troll 131 1,0.01,HAMMA_HAMMA_R,0.010313531
27,23,2007,troll,131,1,7,5/12/07,5,19,Area023 (07) troll 131 1,0.0087,SKYKOMISH_R,0.008972772
28,23,2007,troll,131,1,7,5/12/07,5,19,Area023 (07) troll 131 1,0.0065,LEWIS_R_F,0.006703795
29,23,2007,troll,131,1,7,5/12/07,5,19,Area023 (07) troll 131 1,0.0018,GROVERS_CR_H,0.001856436
30,23,2007,troll,131,1,7,5/12/07,5,19,Area023 (07) troll 131 1,6.00E-04,S_PRAIRIE_CR,0.000618812
31,23,2007,troll,131,1,7,5/12/07,5,19,Area023 (07) troll 131 1,6.00E-04,BEAR_CR_SUFA,0.000618812
32,23,2007,troll,131,1,7,5/12/07,5,19,Area023 (07) troll 131 1,4.00E-04,NF_SKOKOMISH_F,0.000412541
33,23,2007,troll,131,1,7,5/12/07,5,19,Area023 (07) troll 131 1,3.00E-04,CLEAR_CR_H,0.000309406
34,23,2007,troll,131,1,7,5/12/07,5,19,Area023 (07) troll 131 1,3.00E-04,L_THOMPSON,0.000309406
35,23,2007,troll,131,1,7,5/12/07,5,19,Area023 (07) troll 131 1,1.00E-04,CHILLIWACK_F,0.000103135
36,23,2007,troll,131,1,7,5/12/07,5,19,Area023 (07) troll 131 1,1.00E-04,ELOCHOMAN_H,0.000103135
37,23,2007,troll,131,1,7,5/12/07,5,19,Area023 (07) troll 131 1,1.00E-04,SKAGIT_R,0.000103135
38,23,2007,troll,131,1,7,5/12/07,5,19,Area023 (07) troll 131 1,1.00E-04,COWLITZ_H_FA,0.000103135
39,23,2007,troll,131,2,7,5/12/07,5,19,Area023 (07) troll 131 2,0.92,VOIGHTS_H,0.935054375
40,23,2007,troll,131,2,7,5/12/07,5,19,Area023 (07) troll 131 2,0.03,CEDAR_R_SUFA,0.030490904
41,23,2007,troll,131,2,7,5/12/07,5,19,Area023 (07) troll 131 2,0.03,SOOS_H,0.030490904
42,23,2007,troll,131,2,7,5/12/07,5,19,Area023 (07) troll 131 2,0.0025,HAMMA_HAMMA_R,0.002540909
43,23,2007,troll,131,2,7,5/12/07,5,19,Area023 (07) troll 131 2,7.00E-04,L_SKAGIT_R_FA,0.000711454
44,23,2007,troll,131,2,7,5/12/07,5,19,Area023 (07) troll 131 2,4.00E-04,CLEAR_CR_H,0.000406545
45,23,2007,troll,131,2,7,5/12/07,5,19,Area023 (07) troll 131 2,1.00E-04,NF_SKOKOMISH_F,0.000101636
46,23,2007,troll,131,2,7,5/12/07,5,19,Area023 (07) troll 131 2,1.00E-04,SAMISH_H,0.000101636
47,23,2007,troll,131,2,7,5/12/07,5,19,Area023 (07) troll 131 2,1.00E-04,GROVERS_CR_H,0.000101636
48,23,2007,troll,131,3,7,5/12/07,5,19,Area023 (07) troll 131 3,0.58,ELOCHOMAN_H,0.588235294
49,23,2007,troll,131,3,7,5/12/07,5,19,Area023 (07) troll 131 3,0.35,SPRING_CR_COL,0.354969574
50,23,2007,troll,131,3,7,5/12/07,5,19,Area023 (07) troll 131 3,0.05,ABERNATHY_NFH_F,0.050709939
51,23,2007,troll,131,3,7,5/12/07,5,19,Area023 (07) troll 131 3,0.0054,ABERNATHY_CR_FA,0.005476673
52,23,2007,troll,131,3,7,5/12/07,5,19,Area023 (07) troll 131 3,6.00E-04,ELOCHOMAN_R_FA,0.000608519
53,23,2007,troll,131,4,7,5/12/07,5,19,Area023 (07) troll 131 4,0.99,NF_NOOKSACK_H,0.999697061
54,23,2007,troll,131,4,7,5/12/07,5,19,Area023 (07) troll 131 4,2.00E-04,CEDAR_R_SUFA,0.000201959
55,23,2007,troll,131,4,7,5/12/07,5,19,Area023 (07) troll 131 4,1.00E-04,L_SKAGIT_R_FA,0.00010098
56,23,2007,troll,131,5,7,5/12/07,5,19,Area023 (07) troll 131 5,0.24,GROVERS_CR_H,0.24532352
57,23,2007,troll,131,5,7,5/12/07,5,19,Area023 (07) troll 131 5,0.19,SOOS_H,0.194214454
58,23,2007,troll,131,5,7,5/12/07,5,19,Area023 (07) troll 131 5,0.15,SAMISH_H,0.1533272
59,23,2007,troll,131,5,7,5/12/07,5,19,Area023 (07) troll 131 5,0.14,CEDAR_R_SUFA,0.143105387
60,23,2007,troll,131,5,7,5/12/07,5,19,Area023 (07) troll 131 5,0.13,VOIGHTS_H,0.132883574
61,23,2007,troll,131,5,7,5/12/07,5,19,Area023 (07) troll 131 5,0.09,HAMMA_HAMMA_R,0.09199632
62,23,2007,troll,131,5,7,5/12/07,5,19,Area023 (07) troll 131 5,0.02,L_SKAGIT_R_FA,0.020443627
63,23,2007,troll,131,5,7,5/12/07,5,19,Area023 (07) troll 131 5,0.01,SNOQUALMIE_R,0.010221813
64,23,2007,troll,131,5,7,5/12/07,5,19,Area023 (07) troll 131 5,0.0033,GEORGE_ADAMS_H,0.003373198
65,23,2007,troll,131,5,7,5/12/07,5,19,Area023 (07) troll 131 5,0.0021,CLEAR_CR_H,0.002146581
66,23,2007,troll,131,5,7,5/12/07,5,19,Area023 (07) troll 131 5,0.001,HARRISON,0.001022181
67,23,2007,troll,131,5,7,5/12/07,5,19,Area023 (07) troll 131 5,0.001,NF_SKOKOMISH_F,0.001022181
68,23,2007,troll,131,5,7,5/12/07,5,19,Area023 (07) troll 131 5,9.00E-04,BEAR_CR_SUFA,0.000919963
69,23,2007,troll,16,31,7,1/17/07,1,3,Area023 (07) troll 16 31,0.85,NF_NOOKSACK_H,0.860846668
70,23,2007,troll,16,31,7,1/17/07,1,3,Area023 (07) troll 16 31,0.11,VOIGHTS_H,0.111403686
71,23,2007,troll,16,31,7,1/17/07,1,3,Area023 (07) troll 16 31,0.01,L_SKAGIT_R_FA,0.010127608
72,23,2007,troll,16,31,7,1/17/07,1,3,Area023 (07) troll 16 31,0.0083,CEDAR_R_SUFA,0.008405915
73,23,2007,troll,16,31,7,1/17/07,1,3,Area023 (07) troll 16 31,0.0056,SOOS_H,0.00567146
74,23,2007,troll,16,31,7,1/17/07,1,3,Area023 (07) troll 16 31,0.0032,SNOQUALMIE_R,0.003240835
75,23,2007,troll,16,31,7,1/17/07,1,3,Area023 (07) troll 16 31,1.00E-04,SAMISH_H,0.000101276
76,23,2007,troll,16,31,7,1/17/07,1,3,Area023 (07) troll 16 31,1.00E-04,HAMMA_HAMMA_R,0.000101276
77,23,2007,troll,16,31,7,1/17/07,1,3,Area023 (07) troll 16 31,1.00E-04,S_PRAIRIE_CR,0.000101276
78,23,2007,troll,16,32,7,1/17/07,1,3,Area023 (07) troll 16 32,0.44,CEDAR_R_SUFA,0.451235771
79,23,2007,troll,16,32,7,1/17/07,1,3,Area023 (07) troll 16 32,0.39,VOIGHTS_H,0.399958979
80,23,2007,troll,16,32,7,1/17/07,1,3,Area023 (07) troll 16 32,0.1,HAMMA_HAMMA_R,0.102553584
81,23,2007,troll,16,32,7,1/17/07,1,3,Area023 (07) troll 16 32,0.02,SOOS_H,0.020510717
82,23,2007,troll,16,32,7,1/17/07,1,3,Area023 (07) troll 16 32,0.02,L_SKAGIT_R_FA,0.020510717
83,23,2007,troll,16,32,7,1/17/07,1,3,Area023 (07) troll 16 32,0.0016,SAMISH_H,0.001640857
84,23,2007,troll,16,32,7,1/17/07,1,3,Area023 (07) troll 16 32,0.0016,CLEAR_CR_H,0.001640857
85,23,2007,troll,16,32,7,1/17/07,1,3,Area023 (07) troll 16 32,7.00E-04,GEORGE_ADAMS_H,0.000717875
86,23,2007,troll,16,32,7,1/17/07,1,3,Area023 (07) troll 16 32,6.00E-04,S_PRAIRIE_CR,0.000615322
87,23,2007,troll,16,32,7,1/17/07,1,3,Area023 (07) troll 16 32,3.00E-04,BEAR_CR_SUFA,0.000307661
88,23,2007,troll,16,32,7,1/17/07,1,3,Area023 (07) troll 16 32,2.00E-04,GROVERS_CR_H,0.000205107
89,23,2007,troll,16,32,7,1/17/07,1,3,Area023 (07) troll 16 32,1.00E-04,SKYKOMISH_R,0.000102554
90,23,2007,troll,16,33,7,1/17/07,1,3,Area023 (07) troll 16 33,0.29,L_SKAGIT_R_FA,0.301298701
91,23,2007,troll,16,33,7,1/17/07,1,3,Area023 (07) troll 16 33,0.27,SAMISH_H,0.280519481
92,23,2007,troll,16,33,7,1/17/07,1,3,Area023 (07) troll 16 33,0.18,CEDAR_R_SUFA,0.187012987
93,23,2007,troll,16,33,7,1/17/07,1,3,Area023 (07) troll 16 33,0.16,VOIGHTS_H,0.166233766
94,23,2007,troll,16,33,7,1/17/07,1,3,Area023 (07) troll 16 33,0.02,SNOQUALMIE_R,0.020779221
95,23,2007,troll,16,33,7,1/17/07,1,3,Area023 (07) troll 16 33,0.02,SOOS_H,0.020779221
96,23,2007,troll,16,33,7,1/17/07,1,3,Area023 (07) troll 16 33,0.01,HAMMA_HAMMA_R,0.01038961
97,23,2007,troll,16,33,7,1/17/07,1,3,Area023 (07) troll 16 33,0.01,SKYKOMISH_R,0.01038961
98,23,2007,troll,16,33,7,1/17/07,1,3,Area023 (07) troll 16 33,0.0015,BEAR_CR_SUFA,0.001558442
99,23,2007,troll,16,33,7,1/17/07,1,3,Area023 (07) troll 16 33,3.00E-04,GEORGE_ADAMS_H,0.000311688
100,23,2007,troll,16,33,7,1/17/07,1,3,Area023 (07) troll 16 33,3.00E-04,CLEAR_CR_H,0.000311688
101,23,2007,troll,16,33,7,1/17/07,1,3,Area023 (07) troll 16 33,2.00E-04,GROVERS_CR_H,0.000207792
102,23,2007,troll,16,33,7,1/17/07,1,3,Area023 (07) troll 16 33,2.00E-04,NF_SKOKOMISH_F,0.000207792
103,23,2007,troll,16,34,7,1/17/07,1,3,Area023 (07) troll 16 34,0.33,VOIGHTS_H,0.344683518
104,23,2007,troll,16,34,7,1/17/07,1,3,Area023 (07) troll 16 34,0.24,CEDAR_R_SUFA,0.250678922
105,23,2007,troll,16,34,7,1/17/07,1,3,Area023 (07) troll 16 34,0.22,HAMMA_HAMMA_R,0.229789012
106,23,2007,troll,16,34,7,1/17/07,1,3,Area023 (07) troll 16 34,0.07,GROVERS_CR_H,0.073114686
107,23,2007,troll,16,34,7,1/17/07,1,3,Area023 (07) troll 16 34,0.05,SOOS_H,0.052224775
108,23,2007,troll,16,34,7,1/17/07,1,3,Area023 (07) troll 16 34,0.03,SAMISH_H,0.031334865
109,23,2007,troll,16,34,7,1/17/07,1,3,Area023 (07) troll 16 34,0.01,GEORGE_ADAMS_H,0.010444955
110,23,2007,troll,16,34,7,1/17/07,1,3,Area023 (07) troll 16 34,0.0034,L_SKAGIT_R_FA,0.003551285
111,23,2007,troll,16,34,7,1/17/07,1,3,Area023 (07) troll 16 34,0.0018,CLEAR_CR_H,0.001880092
112,23,2007,troll,16,34,7,1/17/07,1,3,Area023 (07) troll 16 34,0.0013,NF_SKOKOMISH_F,0.001357844
113,23,2007,troll,16,34,7,1/17/07,1,3,Area023 (07) troll 16 34,5.00E-04,BEAR_CR_SUFA,0.000522248
114,23,2007,troll,16,34,7,1/17/07,1,3,Area023 (07) troll 16 34,3.00E-04,UW_H_SUFA,0.000313349
115,23,2007,troll,16,34,7,1/17/07,1,3,Area023 (07) troll 16 34,1.00E-04,SKYKOMISH_R,0.00010445
116,23,2007,troll,16,35,7,1/17/07,1,3,Area023 (07) troll 16 35,0.55,L_SKAGIT_R_FA,0.559284116
117,23,2007,troll,16,35,7,1/17/07,1,3,Area023 (07) troll 16 35,0.38,HARRISON,0.38641448
118,23,2007,troll,16,35,7,1/17/07,1,3,Area023 (07) troll 16 35,0.04,VOIGHTS_H,0.040675208
119,23,2007,troll,16,35,7,1/17/07,1,3,Area023 (07) troll 16 35,0.0043,SNOQUALMIE_R,0.004372585
120,23,2007,troll,16,35,7,1/17/07,1,3,Area023 (07) troll 16 35,0.0043,KITLOPE,0.004372585
121,23,2007,troll,16,35,7,1/17/07,1,3,Area023 (07) troll 16 35,0.0032,SAMISH_H,0.003254017
122,23,2007,troll,16,35,7,1/17/07,1,3,Area023 (07) troll 16 35,5.00E-04,SOOS_H,0.00050844
123,23,2007,troll,16,35,7,1/17/07,1,3,Area023 (07) troll 16 35,4.00E-04,CEDAR_R_SUFA,0.000406752
124,23,2007,troll,16,35,7,1/17/07,1,3,Area023 (07) troll 16 35,4.00E-04,CAPILANO,0.000406752
125,23,2007,troll,16,35,7,1/17/07,1,3,Area023 (07) troll 16 35,2.00E-04,U_SAUK_R_SPSU,0.000203376
126,23,2007,troll,16,35,7,1/17/07,1,3,Area023 (07) troll 16 35,1.00E-04,SKAGIT_R,0.000101688
127,23,2007,troll,16,36,7,1/17/07,1,3,Area023 (07) troll 16 36,0.99,NF_NOOKSACK_H,0.994874887
128,23,2007,troll,16,36,7,1/17/07,1,3,Area023 (07) troll 16 36,0.0048,CEDAR_R_SUFA,0.004823636
129,23,2007,troll,16,36,7,1/17/07,1,3,Area023 (07) troll 16 36,1.00E-04,SAMISH_H,0.000100492
130,23,2007,troll,16,36,7,1/17/07,1,3,Area023 (07) troll 16 36,1.00E-04,VOIGHTS_H,0.000100492
131,23,2007,troll,16,36,7,1/17/07,1,3,Area023 (07) troll 16 36,1.00E-04,SOOS_H,0.000100492
132,23,2007,troll,16,37,7,1/17/07,1,3,Area023 (07) troll 16 37,0.99,L_SKAGIT_R_FA,0.999192572
133,23,2007,troll,16,37,7,1/17/07,1,3,Area023 (07) troll 16 37,7.00E-04,SNOQUALMIE_R,0.0007065
134,23,2007,troll,16,37,7,1/17/07,1,3,Area023 (07) troll 16 37,1.00E-04,SAMISH_H,0.000100929
135,23,2007,troll,16,38,7,1/17/07,1,3,Area023 (07) troll 16 38,0.99,NF_NOOKSACK_H,0.998990918
136,23,2007,troll,16,38,7,1/17/07,1,3,Area023 (07) troll 16 38,8.00E-04,CEDAR_R_SUFA,0.000807265
137,23,2007,troll,16,38,7,1/17/07,1,3,Area023 (07) troll 16 38,1.00E-04,L_SKAGIT_R_FA,0.000100908
138,23,2007,troll,16,38,7,1/17/07,1,3,Area023 (07) troll 16 38,1.00E-04,MARBLEMOUNT_HSP,0.000100908
139,23,2007,troll,16,39,7,1/17/07,1,3,Area023 (07) troll 16 39,0.25,SAMISH_H,0.257811694
140,23,2007,troll,16,39,7,1/17/07,1,3,Area023 (07) troll 16 39,0.24,L_SKAGIT_R_FA,0.247499227
141,23,2007,troll,16,39,7,1/17/07,1,3,Area023 (07) troll 16 39,0.19,SNOQUALMIE_R,0.195936888
142,23,2007,troll,16,39,7,1/17/07,1,3,Area023 (07) troll 16 39,0.12,VOIGHTS_H,0.123749613
143,23,2007,troll,16,39,7,1/17/07,1,3,Area023 (07) troll 16 39,0.12,CEDAR_R_SUFA,0.123749613
144,23,2007,troll,16,39,7,1/17/07,1,3,Area023 (07) troll 16 39,0.03,SOOS_H,0.030937403
145,23,2007,troll,16,39,7,1/17/07,1,3,Area023 (07) troll 16 39,0.01,GROVERS_CR_H,0.010312468
146,23,2007,troll,16,39,7,1/17/07,1,3,Area023 (07) troll 16 39,0.0069,HAMMA_HAMMA_R,0.007115603
147,23,2007,troll,16,39,7,1/17/07,1,3,Area023 (07) troll 16 39,0.001,BEAR_CR_SUFA,0.001031247
148,23,2007,troll,16,39,7,1/17/07,1,3,Area023 (07) troll 16 39,6.00E-04,CLEAR_CR_H,0.000618748
149,23,2007,troll,16,39,7,1/17/07,1,3,Area023 (07) troll 16 39,4.00E-04,CAPILANO,0.000412499
150,23,2007,troll,16,39,7,1/17/07,1,3,Area023 (07) troll 16 39,2.00E-04,SKAGIT_R,0.000206249
151,23,2007,troll,16,39,7,1/17/07,1,3,Area023 (07) troll 16 39,1.00E-04,S_PRAIRIE_CR,0.000103125
152,23,2007,troll,16,39,7,1/17/07,1,3,Area023 (07) troll 16 39,1.00E-04,PUNTLEDGE_F,0.000103125
153,23,2007,troll,16,39,7,1/17/07,1,3,Area023 (07) troll 16 39,1.00E-04,L_QUALICUM,0.000103125
154,23,2007,troll,16,39,7,1/17/07,1,3,Area023 (07) troll 16 39,1.00E-04,BIG_QUALICUM,0.000103125
155,23,2007,troll,16,39,7,1/17/07,1,3,Area023 (07) troll 16 39,1.00E-04,HARRISON,0.000103125
156,23,2007,troll,16,39,7,1/17/07,1,3,Area023 (07) troll 16 39,1.00E-04,SKYKOMISH_R,0.000103125
157,23,2007,troll,16,40,7,1/17/07,1,3,Area023 (07) troll 16 40,0.64,L_SKAGIT_R_FA,0.653861872
158,23,2007,troll,16,40,7,1/17/07,1,3,Area023 (07) troll 16 40,0.23,GROVERS_CR_H,0.23498161
159,23,2007,troll,16,40,7,1/17/07,1,3,Area023 (07) troll 16 40,0.06,SAMISH_H,0.06129955
160,23,2007,troll,16,40,7,1/17/07,1,3,Area023 (07) troll 16 40,0.02,CEDAR_R_SUFA,0.020433183
161,23,2007,troll,16,40,7,1/17/07,1,3,Area023 (07) troll 16 40,0.01,HAMMA_HAMMA_R,0.010216592
162,23,2007,troll,16,40,7,1/17/07,1,3,Area023 (07) troll 16 40,0.0093,GEORGE_ADAMS_H,0.00950143
163,23,2007,troll,16,40,7,1/17/07,1,3,Area023 (07) troll 16 40,0.0078,VOIGHTS_H,0.007968942
164,23,2007,troll,16,40,7,1/17/07,1,3,Area023 (07) troll 16 40,5.00E-04,CLEAR_CR_H,0.00051083
165,23,2007,troll,16,40,7,1/17/07,1,3,Area023 (07) troll 16 40,5.00E-04,SOOS_H,0.00051083
166,23,2007,troll,16,40,7,1/17/07,1,3,Area023 (07) troll 16 40,4.00E-04,BEAR_CR_SUFA,0.000408664
167,23,2007,troll,16,40,7,1/17/07,1,3,Area023 (07) troll 16 40,2.00E-04,SNOQUALMIE_R,0.000204332
168,23,2007,troll,16,40,7,1/17/07,1,3,Area023 (07) troll 16 40,1.00E-04,U_SAUK_R_SPSU,0.000102166
169,23,2007,troll,16,41,7,1/17/07,1,3,Area023 (07) troll 16 41,0.99,MARBLEMOUNT_HSP,0.999798021
170,23,2007,troll,16,41,7,1/17/07,1,3,Area023 (07) troll 16 41,1.00E-04,U_SAUK_R,0.00010099
171,23,2007,troll,16,41,7,1/17/07,1,3,Area023 (07) troll 16 41,1.00E-04,SKAGIT_R,0.00010099
172,23,2007,troll,175,1,7,6/25/07,6,25,Area023 (07) troll 175 1,0.54,L_SKAGIT_R_FA,0.545234249
173,23,2007,troll,175,1,7,6/25/07,6,25,Area023 (07) troll 175 1,0.24,CEDAR_R_SUFA,0.242326333
174,23,2007,troll,175,1,7,6/25/07,6,25,Area023 (07) troll 175 1,0.16,SOOS_H,0.161550889
175,23,2007,troll,175,1,7,6/25/07,6,25,Area023 (07) troll 175 1,0.03,HAMMA_HAMMA_R,0.030290792
176,23,2007,troll,175,1,7,6/25/07,6,25,Area023 (07) troll 175 1,0.0086,SNOQUALMIE_R,0.00868336
177,23,2007,troll,175,1,7,6/25/07,6,25,Area023 (07) troll 175 1,0.003,GEORGE_ADAMS_H,0.003029079
178,23,2007,troll,175,1,7,6/25/07,6,25,Area023 (07) troll 175 1,0.0026,BEAR_CR_SUFA,0.002625202
179,23,2007,troll,175,1,7,6/25/07,6,25,Area023 (07) troll 175 1,0.0023,SAMISH_H,0.002322294
180,23,2007,troll,175,1,7,6/25/07,6,25,Area023 (07) troll 175 1,0.0013,VOIGHTS_H,0.001312601
181,23,2007,troll,175,1,7,6/25/07,6,25,Area023 (07) troll 175 1,0.001,CLEAR_CR_H,0.001009693
182,23,2007,troll,175,1,7,6/25/07,6,25,Area023 (07) troll 175 1,9.00E-04,GROVERS_CR_H,0.000908724
183,23,2007,troll,175,1,7,6/25/07,6,25,Area023 (07) troll 175 1,3.00E-04,MARBLEMOUNT_HSP,0.000302908
184,23,2007,troll,175,1,7,6/25/07,6,25,Area023 (07) troll 175 1,2.00E-04,S_PRAIRIE_CR,0.000201939
185,23,2007,troll,175,1,7,6/25/07,6,25,Area023 (07) troll 175 1,2.00E-04,NF_SKOKOMISH_F,0.000201939
186,23,2007,troll,175,2,7,6/25/07,6,25,Area023 (07) troll 175 2,0.97,ROBERTSON,0.97979798
187,23,2007,troll,175,2,7,6/25/07,6,25,Area023 (07) troll 175 2,0.02,GOLD_R,0.02020202
188,23,2007,troll,175,3,7,6/25/07,6,25,Area023 (07) troll 175 3,0.89,ROBERTSON,0.908070605
189,23,2007,troll,175,3,7,6/25/07,6,25,Area023 (07) troll 175 3,0.08,THORNTON,0.081624324
190,23,2007,troll,175,3,7,6/25/07,6,25,Area023 (07) troll 175 3,0.01,GOLD_R,0.010203041
191,23,2007,troll,175,3,7,6/25/07,6,25,Area023 (07) troll 175 3,1.00E-04,TRANQUIL,0.00010203
192,23,2007,troll,175,4,7,6/25/07,6,25,Area023 (07) troll 175 4,0.74,VOIGHTS_H,0.754640016
193,23,2007,troll,175,4,7,6/25/07,6,25,Area023 (07) troll 175 4,0.14,SOOS_H,0.142769733
194,23,2007,troll,175,4,7,6/25/07,6,25,Area023 (07) troll 175 4,0.09,CEDAR_R_SUFA,0.091780543
195,23,2007,troll,175,4,7,6/25/07,6,25,Area023 (07) troll 175 4,0.0067,L_SKAGIT_R_FA,0.006832551
196,23,2007,troll,175,4,7,6/25/07,6,25,Area023 (07) troll 175 4,0.0013,GEORGE_ADAMS_H,0.001325719
197,23,2007,troll,175,4,7,6/25/07,6,25,Area023 (07) troll 175 4,0.0011,SNOQUALMIE_R,0.001121762
198,23,2007,troll,175,4,7,6/25/07,6,25,Area023 (07) troll 175 4,9.00E-04,HAMMA_HAMMA_R,0.000917805
199,23,2007,troll,175,4,7,6/25/07,6,25,Area023 (07) troll 175 4,4.00E-04,BEAR_CR_SUFA,0.000407914
200,23,2007,troll,175,4,7,6/25/07,6,25,Area023 (07) troll 175 4,1.00E-04,SAMISH_H,0.000101978
201,23,2007,troll,175,4,7,6/25/07,6,25,Area023 (07) troll 175 4,1.00E-04,GROVERS_CR_H,0.000101978
202,23,2007,troll,175,5,7,6/25/07,6,25,Area023 (07) troll 175 5,0.49,CEDAR_R_SUFA,0.499490316
203,23,2007,troll,175,5,7,6/25/07,6,25,Area023 (07) troll 175 5,0.23,SAMISH_H,0.234454638
204,23,2007,troll,175,5,7,6/25/07,6,25,Area023 (07) troll 175 5,0.16,VOIGHTS_H,0.163098879
205,23,2007,troll,175,5,7,6/25/07,6,25,Area023 (07) troll 175 5,0.08,HAMMA_HAMMA_R,0.081549439
206,23,2007,troll,175,5,7,6/25/07,6,25,Area023 (07) troll 175 5,0.0061,GEORGE_ADAMS_H,0.006218145
207,23,2007,troll,175,5,7,6/25/07,6,25,Area023 (07) troll 175 5,0.0047,BEAR_CR_SUFA,0.00479103
208,23,2007,troll,175,5,7,6/25/07,6,25,Area023 (07) troll 175 5,0.0043,CLEAR_CR_H,0.004383282
209,23,2007,troll,175,5,7,6/25/07,6,25,Area023 (07) troll 175 5,0.0028,SOOS_H,0.00285423
210,23,2007,troll,175,5,7,6/25/07,6,25,Area023 (07) troll 175 5,0.0016,NF_SKOKOMISH_F,0.001630989
211,23,2007,troll,175,5,7,6/25/07,6,25,Area023 (07) troll 175 5,9.00E-04,GROVERS_CR_H,0.000917431
212,23,2007,troll,175,5,7,6/25/07,6,25,Area023 (07) troll 175 5,5.00E-04,S_PRAIRIE_CR,0.000509684
213,23,2007,troll,175,5,7,6/25/07,6,25,Area023 (07) troll 175 5,1.00E-04,ELOCHOMAN_H,0.000101937
214,23,2007,troll,175,6,7,6/25/07,6,25,Area023 (07) troll 175 6,0.65,VOIGHTS_H,0.654977832
215,23,2007,troll,175,6,7,6/25/07,6,25,Area023 (07) troll 175 6,0.29,CEDAR_R_SUFA,0.292220879
216,23,2007,troll,175,6,7,6/25/07,6,25,Area023 (07) troll 175 6,0.03,SAMISH_H,0.030229746
217,23,2007,troll,175,6,7,6/25/07,6,25,Area023 (07) troll 175 6,0.01,SOOS_H,0.010076582
218,23,2007,troll,175,6,7,6/25/07,6,25,Area023 (07) troll 175 6,0.0049,SNOQUALMIE_R,0.004937525
219,23,2007,troll,175,6,7,6/25/07,6,25,Area023 (07) troll 175 6,0.0023,WELLS_H,0.002317614
220,23,2007,troll,175,6,7,6/25/07,6,25,Area023 (07) troll 175 6,0.0017,WENATCHEE_R_SF,0.001713019
221,23,2007,troll,175,6,7,6/25/07,6,25,Area023 (07) troll 175 6,0.0016,L_SKAGIT_R_FA,0.001612253
222,23,2007,troll,175,6,7,6/25/07,6,25,Area023 (07) troll 175 6,0.0011,HAMMA_HAMMA_R,0.001108424
223,23,2007,troll,175,6,7,6/25/07,6,25,Area023 (07) troll 175 6,4.00E-04,GROVERS_CR_H,0.000403063
224,23,2007,troll,175,6,7,6/25/07,6,25,Area023 (07) troll 175 6,1.00E-04,BEAR_CR_SUFA,0.000100766
225,23,2007,troll,175,6,7,6/25/07,6,25,Area023 (07) troll 175 6,1.00E-04,METHOW_R,0.000100766
226,23,2007,troll,175,6,7,6/25/07,6,25,Area023 (07) troll 175 6,1.00E-04,S_PRAIRIE_CR,0.000100766
227,23,2007,troll,175,6,7,6/25/07,6,25,Area023 (07) troll 175 6,1.00E-04,NF_NOOKSACK_H,0.000100766
228,23,2007,troll,175,7,7,6/25/07,6,25,Area023 (07) troll 175 7,0.48,VOIGHTS_H,0.487854457
229,23,2007,troll,175,7,7,6/25/07,6,25,Area023 (07) troll 175 7,0.27,HAMMA_HAMMA_R,0.274418132
230,23,2007,troll,175,7,7,6/25/07,6,25,Area023 (07) troll 175 7,0.17,CEDAR_R_SUFA,0.172781787
231,23,2007,troll,175,7,7,6/25/07,6,25,Area023 (07) troll 175 7,0.03,GROVERS_CR_H,0.030490904
232,23,2007,troll,175,7,7,6/25/07,6,25,Area023 (07) troll 175 7,0.02,L_SKAGIT_R_FA,0.020327269
233,23,2007,troll,175,7,7,6/25/07,6,25,Area023 (07) troll 175 7,0.0093,SOOS_H,0.00945218
234,23,2007,troll,175,7,7,6/25/07,6,25,Area023 (07) troll 175 7,0.0019,BEAR_CR_SUFA,0.001931091
235,23,2007,troll,175,7,7,6/25/07,6,25,Area023 (07) troll 175 7,0.0015,SNOQUALMIE_R,0.001524545
236,23,2007,troll,175,7,7,6/25/07,6,25,Area023 (07) troll 175 7,5.00E-04,GEORGE_ADAMS_H,0.000508182
237,23,2007,troll,175,7,7,6/25/07,6,25,Area023 (07) troll 175 7,5.00E-04,SAMISH_H,0.000508182
238,23,2007,troll,175,7,7,6/25/07,6,25,Area023 (07) troll 175 7,2.00E-04,NF_SKOKOMISH_F,0.000203273
239,23,2007,troll,22,42,7,1/23/07,1,4,Area023 (07) troll 22 42,0.87,CEDAR_R_SUFA,0.882800609
240,23,2007,troll,22,42,7,1/23/07,1,4,Area023 (07) troll 22 42,0.05,SOOS_H,0.050735667
241,23,2007,troll,22,42,7,1/23/07,1,4,Area023 (07) troll 22 42,0.04,VOIGHTS_H,0.040588534
242,23,2007,troll,22,42,7,1/23/07,1,4,Area023 (07) troll 22 42,0.01,HAMMA_HAMMA_R,0.010147133
243,23,2007,troll,22,42,7,1/23/07,1,4,Area023 (07) troll 22 42,0.0072,GROVERS_CR_H,0.007305936
244,23,2007,troll,22,42,7,1/23/07,1,4,Area023 (07) troll 22 42,0.0045,BEAR_CR_SUFA,0.00456621
245,23,2007,troll,22,42,7,1/23/07,1,4,Area023 (07) troll 22 42,0.0023,L_SKAGIT_R_FA,0.002333841
246,23,2007,troll,22,42,7,1/23/07,1,4,Area023 (07) troll 22 42,6.00E-04,SNOQUALMIE_R,0.000608828
247,23,2007,troll,22,42,7,1/23/07,1,4,Area023 (07) troll 22 42,4.00E-04,HARRISON,0.000405885
248,23,2007,troll,22,42,7,1/23/07,1,4,Area023 (07) troll 22 42,2.00E-04,NF_SKOKOMISH_F,0.000202943
249,23,2007,troll,22,42,7,1/23/07,1,4,Area023 (07) troll 22 42,2.00E-04,GEORGE_ADAMS_H,0.000202943
250,23,2007,troll,22,42,7,1/23/07,1,4,Area023 (07) troll 22 42,1.00E-04,SKYKOMISH_R,0.000101471
251,23,2007,troll,22,43,7,1/23/07,1,4,Area023 (07) troll 22 43,0.67,CEDAR_R_SUFA,0.686194183
252,23,2007,troll,22,43,7,1/23/07,1,4,Area023 (07) troll 22 43,0.16,SOOS_H,0.163867268
253,23,2007,troll,22,43,7,1/23/07,1,4,Area023 (07) troll 22 43,0.11,HAMMA_HAMMA_R,0.112658746
254,23,2007,troll,22,43,7,1/23/07,1,4,Area023 (07) troll 22 43,0.01,VOIGHTS_H,0.010241704
255,23,2007,troll,22,43,7,1/23/07,1,4,Area023 (07) troll 22 43,0.01,GROVERS_CR_H,0.010241704
256,23,2007,troll,22,43,7,1/23/07,1,4,Area023 (07) troll 22 43,0.0084,L_SKAGIT_R_FA,0.008603032
257,23,2007,troll,22,43,7,1/23/07,1,4,Area023 (07) troll 22 43,0.0043,SAMISH_H,0.004403933
258,23,2007,troll,22,43,7,1/23/07,1,4,Area023 (07) troll 22 43,0.0027,GEORGE_ADAMS_H,0.00276526
259,23,2007,troll,22,43,7,1/23/07,1,4,Area023 (07) troll 22 43,5.00E-04,BEAR_CR_SUFA,0.000512085
260,23,2007,troll,22,43,7,1/23/07,1,4,Area023 (07) troll 22 43,4.00E-04,SNOQUALMIE_R,0.000409668
261,23,2007,troll,22,43,7,1/23/07,1,4,Area023 (07) troll 22 43,1.00E-04,NF_SKOKOMISH_F,0.000102417
262,23,2007,troll,22,44,7,1/23/07,1,4,Area023 (07) troll 22 44,0.77,SAMISH_H,0.789986663
263,23,2007,troll,22,44,7,1/23/07,1,4,Area023 (07) troll 22 44,0.15,CEDAR_R_SUFA,0.153893506
264,23,2007,troll,22,44,7,1/23/07,1,4,Area023 (07) troll 22 44,0.03,VOIGHTS_H,0.030778701
265,23,2007,troll,22,44,7,1/23/07,1,4,Area023 (07) troll 22 44,0.01,HAMMA_HAMMA_R,0.010259567
266,23,2007,troll,22,44,7,1/23/07,1,4,Area023 (07) troll 22 44,0.01,L_SKAGIT_R_FA,0.010259567
267,23,2007,troll,22,44,7,1/23/07,1,4,Area023 (07) troll 22 44,0.0026,SOOS_H,0.002667487
268,23,2007,troll,22,44,7,1/23/07,1,4,Area023 (07) troll 22 44,0.0015,SNOQUALMIE_R,0.001538935
269,23,2007,troll,22,44,7,1/23/07,1,4,Area023 (07) troll 22 44,3.00E-04,GEORGE_ADAMS_H,0.000307787
270,23,2007,troll,22,44,7,1/23/07,1,4,Area023 (07) troll 22 44,2.00E-04,GROVERS_CR_H,0.000205191
271,23,2007,troll,22,44,7,1/23/07,1,4,Area023 (07) troll 22 44,1.00E-04,SKYKOMISH_R,0.000102596
272,23,2007,troll,22,45,7,1/23/07,1,4,Area023 (07) troll 22 45,0.73,SAMISH_H,0.738044687
273,23,2007,troll,22,45,7,1/23/07,1,4,Area023 (07) troll 22 45,0.13,VOIGHTS_H,0.131432616
274,23,2007,troll,22,45,7,1/23/07,1,4,Area023 (07) troll 22 45,0.11,CEDAR_R_SUFA,0.111212213
275,23,2007,troll,22,45,7,1/23/07,1,4,Area023 (07) troll 22 45,0.01,SOOS_H,0.010110201
276,23,2007,troll,22,45,7,1/23/07,1,4,Area023 (07) troll 22 45,0.0075,HAMMA_HAMMA_R,0.007582651
277,23,2007,troll,22,45,7,1/23/07,1,4,Area023 (07) troll 22 45,9.00E-04,BEAR_CR_SUFA,0.000909918
278,23,2007,troll,22,45,7,1/23/07,1,4,Area023 (07) troll 22 45,5.00E-04,SNOQUALMIE_R,0.00050551
279,23,2007,troll,22,45,7,1/23/07,1,4,Area023 (07) troll 22 45,2.00E-04,GEORGE_ADAMS_H,0.000202204
280,23,2007,troll,22,46,7,1/23/07,1,4,Area023 (07) troll 22 46,0.69,CEDAR_R_SUFA,0.708128079
281,23,2007,troll,22,46,7,1/23/07,1,4,Area023 (07) troll 22 46,0.22,SAMISH_H,0.225779967
282,23,2007,troll,22,46,7,1/23/07,1,4,Area023 (07) troll 22 46,0.03,L_SKAGIT_R_FA,0.030788177
283,23,2007,troll,22,46,7,1/23/07,1,4,Area023 (07) troll 22 46,0.01,SOOS_H,0.010262726
284,23,2007,troll,22,46,7,1/23/07,1,4,Area023 (07) troll 22 46,0.0097,HAMMA_HAMMA_R,0.009954844
285,23,2007,troll,22,46,7,1/23/07,1,4,Area023 (07) troll 22 46,0.0049,VOIGHTS_H,0.005028736
286,23,2007,troll,22,46,7,1/23/07,1,4,Area023 (07) troll 22 46,0.0046,GROVERS_CR_H,0.004720854
287,23,2007,troll,22,46,7,1/23/07,1,4,Area023 (07) troll 22 46,0.0022,BEAR_CR_SUFA,0.0022578
288,23,2007,troll,22,46,7,1/23/07,1,4,Area023 (07) troll 22 46,9.00E-04,U_SAUK_R,0.000923645
289,23,2007,troll,22,46,7,1/23/07,1,4,Area023 (07) troll 22 46,7.00E-04,NF_SKOKOMISH_F,0.000718391
290,23,2007,troll,22,46,7,1/23/07,1,4,Area023 (07) troll 22 46,7.00E-04,NF_NOOKSACK_H,0.000718391
291,23,2007,troll,22,46,7,1/23/07,1,4,Area023 (07) troll 22 46,4.00E-04,SNOQUALMIE_R,0.000410509
292,23,2007,troll,22,46,7,1/23/07,1,4,Area023 (07) troll 22 46,1.00E-04,CLEAR_CR_H,0.000102627
293,23,2007,troll,22,46,7,1/23/07,1,4,Area023 (07) troll 22 46,1.00E-04,DUNGENESS_R,0.000102627
294,23,2007,troll,22,46,7,1/23/07,1,4,Area023 (07) troll 22 46,1.00E-04,U_SAUK_R_SPSU,0.000102627
295,23,2007,troll,22,47,7,1/23/07,1,4,Area023 (07) troll 22 47,0.65,NANAIMO_SU,0.656433044
296,23,2007,troll,22,47,7,1/23/07,1,4,Area023 (07) troll 22 47,0.34,NANAIMO_SP,0.343364977
297,23,2007,troll,22,47,7,1/23/07,1,4,Area023 (07) troll 22 47,1.00E-04,PUNTLEDGE_SU,0.00010099
298,23,2007,troll,22,47,7,1/23/07,1,4,Area023 (07) troll 22 47,1.00E-04,NANAIMO_F,0.00010099
299,23,2007,troll,22,48,7,1/23/07,1,4,Area023 (07) troll 22 48,1,HARRISON,1
300,23,2007,troll,22,49,7,1/23/07,1,4,Area023 (07) troll 22 49,0.55,CEDAR_R_SUFA,0.557470099
301,23,2007,troll,22,49,7,1/23/07,1,4,Area023 (07) troll 22 49,0.42,SAMISH_H,0.425704439
302,23,2007,troll,22,49,7,1/23/07,1,4,Area023 (07) troll 22 49,0.01,VOIGHTS_H,0.01013582
303,23,2007,troll,22,49,7,1/23/07,1,4,Area023 (07) troll 22 49,0.0029,L_SKAGIT_R_FA,0.002939388
304,23,2007,troll,22,49,7,1/23/07,1,4,Area023 (07) troll 22 49,0.0018,BEAR_CR_SUFA,0.001824448
305,23,2007,troll,22,49,7,1/23/07,1,4,Area023 (07) troll 22 49,0.001,SOOS_H,0.001013582
306,23,2007,troll,22,49,7,1/23/07,1,4,Area023 (07) troll 22 49,7.00E-04,GEORGE_ADAMS_H,0.000709507
307,23,2007,troll,22,49,7,1/23/07,1,4,Area023 (07) troll 22 49,1.00E-04,NF_SKOKOMISH_F,0.000101358
308,23,2007,troll,22,49,7,1/23/07,1,4,Area023 (07) troll 22 49,1.00E-04,HAMMA_HAMMA_R,0.000101358
309,23,2007,troll,22,50,7,1/23/07,1,4,Area023 (07) troll 22 50,0.95,CEDAR_R_SUFA,0.95911156
310,23,2007,troll,22,50,7,1/23/07,1,4,Area023 (07) troll 22 50,0.02,L_SKAGIT_R_FA,0.020191822
311,23,2007,troll,22,50,7,1/23/07,1,4,Area023 (07) troll 22 50,0.01,SAMISH_H,0.010095911
312,23,2007,troll,22,50,7,1/23/07,1,4,Area023 (07) troll 22 50,0.0076,HAMMA_HAMMA_R,0.007672892
313,23,2007,troll,22,50,7,1/23/07,1,4,Area023 (07) troll 22 50,0.0017,SOOS_H,0.001716305
314,23,2007,troll,22,50,7,1/23/07,1,4,Area023 (07) troll 22 50,6.00E-04,VOIGHTS_H,0.000605755
315,23,2007,troll,22,50,7,1/23/07,1,4,Area023 (07) troll 22 50,4.00E-04,BEAR_CR_SUFA,0.000403836
316,23,2007,troll,22,50,7,1/23/07,1,4,Area023 (07) troll 22 50,1.00E-04,PUNTLEDGE_F,0.000100959
317,23,2007,troll,22,50,7,1/23/07,1,4,Area023 (07) troll 22 50,1.00E-04,SKYKOMISH_R,0.000100959
318,23,2007,troll,22,51,7,1/23/07,1,4,Area023 (07) troll 22 51,0.58,L_SKAGIT_R_FA,0.586510264
319,23,2007,troll,22,51,7,1/23/07,1,4,Area023 (07) troll 22 51,0.27,CEDAR_R_SUFA,0.27303064
320,23,2007,troll,22,51,7,1/23/07,1,4,Area023 (07) troll 22 51,0.11,HAMMA_HAMMA_R,0.111234705
321,23,2007,troll,22,51,7,1/23/07,1,4,Area023 (07) troll 22 51,0.01,SKYKOMISH_R,0.010112246
322,23,2007,troll,22,51,7,1/23/07,1,4,Area023 (07) troll 22 51,0.01,VOIGHTS_H,0.010112246
323,23,2007,troll,22,51,7,1/23/07,1,4,Area023 (07) troll 22 51,0.0026,MARBLEMOUNT_HSP,0.002629184
324,23,2007,troll,22,51,7,1/23/07,1,4,Area023 (07) troll 22 51,0.0024,SNOQUALMIE_R,0.002426939
325,23,2007,troll,22,51,7,1/23/07,1,4,Area023 (07) troll 22 51,0.0012,GEORGE_ADAMS_H,0.00121347
326,23,2007,troll,22,51,7,1/23/07,1,4,Area023 (07) troll 22 51,7.00E-04,BEAR_CR_SUFA,0.000707857
327,23,2007,troll,22,51,7,1/23/07,1,4,Area023 (07) troll 22 51,5.00E-04,U_SAUK_R_SPSU,0.000505612
328,23,2007,troll,22,51,7,1/23/07,1,4,Area023 (07) troll 22 51,4.00E-04,SKAGIT_R,0.00040449
329,23,2007,troll,22,51,7,1/23/07,1,4,Area023 (07) troll 22 51,4.00E-04,GROVERS_CR_H,0.00040449
330,23,2007,troll,22,51,7,1/23/07,1,4,Area023 (07) troll 22 51,2.00E-04,CLEAR_CR_H,0.000202245
331,23,2007,troll,22,51,7,1/23/07,1,4,Area023 (07) troll 22 51,2.00E-04,SAMISH_H,0.000202245
332,23,2007,troll,22,51,7,1/23/07,1,4,Area023 (07) troll 22 51,2.00E-04,S_PRAIRIE_CR,0.000202245
333,23,2007,troll,22,51,7,1/23/07,1,4,Area023 (07) troll 22 51,1.00E-04,SOOS_H,0.000101122
334,23,2007,troll,22,52,7,1/23/07,1,4,Area023 (07) troll 22 52,0.84,L_SKAGIT_R_FA,0.857055403
335,23,2007,troll,22,52,7,1/23/07,1,4,Area023 (07) troll 22 52,0.06,MARBLEMOUNT_HSP,0.061218243
336,23,2007,troll,22,52,7,1/23/07,1,4,Area023 (07) troll 22 52,0.05,SNOQUALMIE_R,0.051015203
337,23,2007,troll,22,52,7,1/23/07,1,4,Area023 (07) troll 22 52,0.01,HAMMA_HAMMA_R,0.010203041
338,23,2007,troll,22,52,7,1/23/07,1,4,Area023 (07) troll 22 52,0.0094,CEDAR_R_SUFA,0.009590858
339,23,2007,troll,22,52,7,1/23/07,1,4,Area023 (07) troll 22 52,0.0082,VOIGHTS_H,0.008366493
340,23,2007,troll,22,52,7,1/23/07,1,4,Area023 (07) troll 22 52,6.00E-04,SOOS_H,0.000612182
341,23,2007,troll,22,52,7,1/23/07,1,4,Area023 (07) troll 22 52,5.00E-04,U_SAUK_R_SPSU,0.000510152
342,23,2007,troll,22,52,7,1/23/07,1,4,Area023 (07) troll 22 52,4.00E-04,SAMISH_H,0.000408122
343,23,2007,troll,22,52,7,1/23/07,1,4,Area023 (07) troll 22 52,2.00E-04,BEAR_CR_SUFA,0.000204061
344,23,2007,troll,22,52,7,1/23/07,1,4,Area023 (07) troll 22 52,2.00E-04,GEORGE_ADAMS_H,0.000204061
345,23,2007,troll,22,52,7,1/23/07,1,4,Area023 (07) troll 22 52,2.00E-04,LEWIS_R_F,0.000204061
346,23,2007,troll,22,52,7,1/23/07,1,4,Area023 (07) troll 22 52,1.00E-04,PHILLIPS,0.00010203
347,23,2007,troll,22,52,7,1/23/07,1,4,Area023 (07) troll 22 52,1.00E-04,UMATILLA_H,0.00010203
348,23,2007,troll,22,52,7,1/23/07,1,4,Area023 (07) troll 22 52,1.00E-04,WENATCHEE_R_SF,0.00010203
349,23,2007,troll,22,52,7,1/23/07,1,4,Area023 (07) troll 22 52,1.00E-04,SKYKOMISH_R,0.00010203
350,23,2007,troll,22,53,7,1/23/07,1,4,Area023 (07) troll 22 53,0.62,CEDAR_R_SUFA,0.627149504
351,23,2007,troll,22,53,7,1/23/07,1,4,Area023 (07) troll 22 53,0.22,SOOS_H,0.222536921
352,23,2007,troll,22,53,7,1/23/07,1,4,Area023 (07) troll 22 53,0.1,VOIGHTS_H,0.101153146
353,23,2007,troll,22,53,7,1/23/07,1,4,Area023 (07) troll 22 53,0.02,GROVERS_CR_H,0.020230629
354,23,2007,troll,22,53,7,1/23/07,1,4,Area023 (07) troll 22 53,0.01,SAMISH_H,0.010115315
355,23,2007,troll,22,53,7,1/23/07,1,4,Area023 (07) troll 22 53,0.0099,L_SKAGIT_R_FA,0.010014161
356,23,2007,troll,22,53,7,1/23/07,1,4,Area023 (07) troll 22 53,0.0049,HAMMA_HAMMA_R,0.004956504
357,23,2007,troll,22,53,7,1/23/07,1,4,Area023 (07) troll 22 53,0.0012,CLEAR_CR_H,0.001213838
358,23,2007,troll,22,53,7,1/23/07,1,4,Area023 (07) troll 22 53,0.0011,GEORGE_ADAMS_H,0.001112685
359,23,2007,troll,22,53,7,1/23/07,1,4,Area023 (07) troll 22 53,9.00E-04,SNOQUALMIE_R,0.000910378
360,23,2007,troll,22,53,7,1/23/07,1,4,Area023 (07) troll 22 53,3.00E-04,S_PRAIRIE_CR,0.000303459
361,23,2007,troll,22,53,7,1/23/07,1,4,Area023 (07) troll 22 53,2.00E-04,BEAR_CR_SUFA,0.000202306
362,23,2007,troll,22,53,7,1/23/07,1,4,Area023 (07) troll 22 53,1.00E-04,NF_SKOKOMISH_F,0.000101153
363,23,2007,troll,22,54,7,1/23/07,1,4,Area023 (07) troll 22 54,0.59,L_SKAGIT_R_FA,0.604136801
364,23,2007,troll,22,54,7,1/23/07,1,4,Area023 (07) troll 22 54,0.32,CEDAR_R_SUFA,0.327667418
365,23,2007,troll,22,54,7,1/23/07,1,4,Area023 (07) troll 22 54,0.04,SAMISH_H,0.040958427
366,23,2007,troll,22,54,7,1/23/07,1,4,Area023 (07) troll 22 54,0.01,SNOQUALMIE_R,0.010239607
367,23,2007,troll,22,54,7,1/23/07,1,4,Area023 (07) troll 22 54,0.0048,VOIGHTS_H,0.004915011
368,23,2007,troll,22,54,7,1/23/07,1,4,Area023 (07) troll 22 54,0.0044,GEORGE_ADAMS_H,0.004505427
369,23,2007,troll,22,54,7,1/23/07,1,4,Area023 (07) troll 22 54,0.0018,U_SAUK_R,0.001843129
370,23,2007,troll,22,54,7,1/23/07,1,4,Area023 (07) troll 22 54,0.0014,NF_SKOKOMISH_F,0.001433545
371,23,2007,troll,22,54,7,1/23/07,1,4,Area023 (07) troll 22 54,0.0012,CLEAR_CR_H,0.001228753
372,23,2007,troll,22,54,7,1/23/07,1,4,Area023 (07) troll 22 54,0.001,BEAR_CR_SUFA,0.001023961
373,23,2007,troll,22,54,7,1/23/07,1,4,Area023 (07) troll 22 54,7.00E-04,SOOS_H,0.000716772
374,23,2007,troll,22,54,7,1/23/07,1,4,Area023 (07) troll 22 54,7.00E-04,HAMMA_HAMMA_R,0.000716772
375,23,2007,troll,22,54,7,1/23/07,1,4,Area023 (07) troll 22 54,5.00E-04,LEWIS_R_F,0.00051198
376,23,2007,troll,22,54,7,1/23/07,1,4,Area023 (07) troll 22 54,1.00E-04,ABERNATHY_CR_FA,0.000102396
377,23,2007,troll,37,92,7,2/7/07,2,6,Area023 (07) troll 37 92,1,NF_NOOKSACK_H,1
378,23,2007,troll,37,93,7,2/7/07,2,6,Area023 (07) troll 37 93,0.99,CEDAR_R_SUFA,0.99258071
379,23,2007,troll,37,93,7,2/7/07,2,6,Area023 (07) troll 37 93,0.0037,SAMISH_H,0.003709645
380,23,2007,troll,37,93,7,2/7/07,2,6,Area023 (07) troll 37 93,0.0018,HAMMA_HAMMA_R,0.001804692
381,23,2007,troll,37,93,7,2/7/07,2,6,Area023 (07) troll 37 93,3.00E-04,CLEAR_CR_H,0.000300782
382,23,2007,troll,37,93,7,2/7/07,2,6,Area023 (07) troll 37 93,3.00E-04,NF_SKOKOMISH_F,0.000300782
383,23,2007,troll,37,93,7,2/7/07,2,6,Area023 (07) troll 37 93,3.00E-04,L_SKAGIT_R_FA,0.000300782
384,23,2007,troll,37,93,7,2/7/07,2,6,Area023 (07) troll 37 93,3.00E-04,VOIGHTS_H,0.000300782
385,23,2007,troll,37,93,7,2/7/07,2,6,Area023 (07) troll 37 93,3.00E-04,BEAR_CR_SUFA,0.000300782
386,23,2007,troll,37,93,7,2/7/07,2,6,Area023 (07) troll 37 93,2.00E-04,GEORGE_ADAMS_H,0.000200521
387,23,2007,troll,37,93,7,2/7/07,2,6,Area023 (07) troll 37 93,2.00E-04,SOOS_H,0.000200521
388,23,2007,troll,37,94,7,2/7/07,2,6,Area023 (07) troll 37 94,0.83,HAMMA_HAMMA_R,0.852856556
389,23,2007,troll,37,94,7,2/7/07,2,6,Area023 (07) troll 37 94,0.08,VOIGHTS_H,0.082203042
390,23,2007,troll,37,94,7,2/7/07,2,6,Area023 (07) troll 37 94,0.02,SAMISH_H,0.02055076
391,23,2007,troll,37,94,7,2/7/07,2,6,Area023 (07) troll 37 94,0.02,CEDAR_R_SUFA,0.02055076
392,23,2007,troll,37,94,7,2/7/07,2,6,Area023 (07) troll 37 94,0.01,GROVERS_CR_H,0.01027538
393,23,2007,troll,37,94,7,2/7/07,2,6,Area023 (07) troll 37 94,0.0075,SOOS_H,0.007706535
394,23,2007,troll,37,94,7,2/7/07,2,6,Area023 (07) troll 37 94,0.0046,SNOQUALMIE_R,0.004726675
395,23,2007,troll,37,94,7,2/7/07,2,6,Area023 (07) troll 37 94,6.00E-04,GEORGE_ADAMS_H,0.000616523
396,23,2007,troll,37,94,7,2/7/07,2,6,Area023 (07) troll 37 94,3.00E-04,NF_SKOKOMISH_F,0.000308261
397,23,2007,troll,37,94,7,2/7/07,2,6,Area023 (07) troll 37 94,2.00E-04,L_SKAGIT_R_FA,0.000205508
398,23,2007,troll,37,95,7,2/7/07,2,6,Area023 (07) troll 37 95,0.62,SAMISH_H,0.641556291
399,23,2007,troll,37,95,7,2/7/07,2,6,Area023 (07) troll 37 95,0.15,L_SKAGIT_R_FA,0.155215232
400,23,2007,troll,37,95,7,2/7/07,2,6,Area023 (07) troll 37 95,0.09,GROVERS_CR_H,0.093129139
401,23,2007,troll,37,95,7,2/7/07,2,6,Area023 (07) troll 37 95,0.08,HAMMA_HAMMA_R,0.082781457
402,23,2007,troll,37,95,7,2/7/07,2,6,Area023 (07) troll 37 95,0.01,CEDAR_R_SUFA,0.010347682
403,23,2007,troll,37,95,7,2/7/07,2,6,Area023 (07) troll 37 95,0.0069,VOIGHTS_H,0.007139901
404,23,2007,troll,37,95,7,2/7/07,2,6,Area023 (07) troll 37 95,0.006,SNOQUALMIE_R,0.006208609
405,23,2007,troll,37,95,7,2/7/07,2,6,Area023 (07) troll 37 95,0.0026,GEORGE_ADAMS_H,0.002690397
406,23,2007,troll,37,95,7,2/7/07,2,6,Area023 (07) troll 37 95,4.00E-04,U_SKAGIT_R,0.000413907
407,23,2007,troll,37,95,7,2/7/07,2,6,Area023 (07) troll 37 95,3.00E-04,BATTLE_CR,0.00031043
408,23,2007,troll,37,95,7,2/7/07,2,6,Area023 (07) troll 37 95,1.00E-04,PRIEST_RAPIDS_H,0.000103477
409,23,2007,troll,37,95,7,2/7/07,2,6,Area023 (07) troll 37 95,1.00E-04,NIMPKISH,0.000103477
410,23,2007,troll,37,96,7,2/7/07,2,6,Area023 (07) troll 37 96,0.97,MARBLEMOUNT_HSP,0.980689516
411,23,2007,troll,37,96,7,2/7/07,2,6,Area023 (07) troll 37 96,0.01,L_SKAGIT_R_FA,0.010110201
412,23,2007,troll,37,96,7,2/7/07,2,6,Area023 (07) troll 37 96,0.0058,SKAGIT_R,0.005863917
413,23,2007,troll,37,96,7,2/7/07,2,6,Area023 (07) troll 37 96,0.0029,SAMISH_H,0.002931958
414,23,2007,troll,37,96,7,2/7/07,2,6,Area023 (07) troll 37 96,4.00E-04,CEDAR_R_SUFA,0.000404408
415,23,2007,troll,37,97,7,2/7/07,2,6,Area023 (07) troll 37 97,0.76,GROVERS_CR_H,0.786505226
416,23,2007,troll,37,97,7,2/7/07,2,6,Area023 (07) troll 37 97,0.05,SAMISH_H,0.051743765
417,23,2007,troll,37,97,7,2/7/07,2,6,Area023 (07) troll 37 97,0.04,L_SKAGIT_R_FA,0.041395012
418,23,2007,troll,37,97,7,2/7/07,2,6,Area023 (07) troll 37 97,0.04,HAMMA_HAMMA_R,0.041395012
419,23,2007,troll,37,97,7,2/7/07,2,6,Area023 (07) troll 37 97,0.03,SOOS_H,0.031046259
420,23,2007,troll,37,97,7,2/7/07,2,6,Area023 (07) troll 37 97,0.03,VOIGHTS_H,0.031046259
421,23,2007,troll,37,97,7,2/7/07,2,6,Area023 (07) troll 37 97,0.0069,CEDAR_R_SUFA,0.00714064
422,23,2007,troll,37,97,7,2/7/07,2,6,Area023 (07) troll 37 97,0.0049,GEORGE_ADAMS_H,0.005070889
423,23,2007,troll,37,97,7,2/7/07,2,6,Area023 (07) troll 37 97,0.0025,BEAR_CR_SUFA,0.002587188
424,23,2007,troll,37,97,7,2/7/07,2,6,Area023 (07) troll 37 97,0.002,CLEAR_CR_H,0.002069751
425,23,2007,troll,40,100,7,2/10/07,2,6,Area023 (07) troll 40 100,0.86,L_SKAGIT_R_FA,0.861896172
426,23,2007,troll,40,100,7,2/10/07,2,6,Area023 (07) troll 40 100,0.13,SNOQUALMIE_R,0.130286631
427,23,2007,troll,40,100,7,2/10/07,2,6,Area023 (07) troll 40 100,0.0031,SAMISH_H,0.003106835
428,23,2007,troll,40,100,7,2/10/07,2,6,Area023 (07) troll 40 100,0.0021,SKYKOMISH_R,0.00210463
429,23,2007,troll,40,100,7,2/10/07,2,6,Area023 (07) troll 40 100,0.0011,HARRISON,0.001102425
430,23,2007,troll,40,100,7,2/10/07,2,6,Area023 (07) troll 40 100,6.00E-04,VOIGHTS_H,0.000601323
431,23,2007,troll,40,100,7,2/10/07,2,6,Area023 (07) troll 40 100,5.00E-04,GROVERS_CR_H,0.000501102
432,23,2007,troll,40,100,7,2/10/07,2,6,Area023 (07) troll 40 100,2.00E-04,SOOS_H,0.000200441
433,23,2007,troll,40,100,7,2/10/07,2,6,Area023 (07) troll 40 100,1.00E-04,HAMMA_HAMMA_R,0.00010022
434,23,2007,troll,40,100,7,2/10/07,2,6,Area023 (07) troll 40 100,1.00E-04,MARBLEMOUNT_HSP,0.00010022
435,23,2007,troll,40,98,7,2/10/07,2,6,Area023 (07) troll 40 98,0.99,HARRISON,0.99287935
436,23,2007,troll,40,98,7,2/10/07,2,6,Area023 (07) troll 40 98,0.0025,L_SKAGIT_R_FA,0.002507271
437,23,2007,troll,40,98,7,2/10/07,2,6,Area023 (07) troll 40 98,0.0023,CHILLIWACK_F,0.002306689
438,23,2007,troll,40,98,7,2/10/07,2,6,Area023 (07) troll 40 98,0.002,CEDAR_R_SUFA,0.002005817
439,23,2007,troll,40,98,7,2/10/07,2,6,Area023 (07) troll 40 98,2.00E-04,CHILLIWAC@STAV,0.000200582
440,23,2007,troll,40,98,7,2/10/07,2,6,Area023 (07) troll 40 98,1.00E-04,VOIGHTS_H,0.000100291
441,23,2007,troll,40,99,7,2/10/07,2,6,Area023 (07) troll 40 99,0.99,MARBLEMOUNT_HSP,0.999495204
442,23,2007,troll,40,99,7,2/10/07,2,6,Area023 (07) troll 40 99,5.00E-04,U_SAUK_R,0.000504796
443,23,2007,troll,41,101,7,2/11/07,2,6,Area023 (07) troll 41 101,0.84,L_SKAGIT_R_FA,0.850632911
444,23,2007,troll,41,101,7,2/11/07,2,6,Area023 (07) troll 41 101,0.07,HAMMA_HAMMA_R,0.070886076
445,23,2007,troll,41,101,7,2/11/07,2,6,Area023 (07) troll 41 101,0.04,SNOQUALMIE_R,0.040506329
446,23,2007,troll,41,101,7,2/11/07,2,6,Area023 (07) troll 41 101,0.02,SOOS_H,0.020253165
447,23,2007,troll,41,101,7,2/11/07,2,6,Area023 (07) troll 41 101,0.01,GROVERS_CR_H,0.010126582
448,23,2007,troll,41,101,7,2/11/07,2,6,Area023 (07) troll 41 101,0.0029,VOIGHTS_H,0.002936709
449,23,2007,troll,41,101,7,2/11/07,2,6,Area023 (07) troll 41 101,0.002,GEORGE_ADAMS_H,0.002025316
450,23,2007,troll,41,101,7,2/11/07,2,6,Area023 (07) troll 41 101,8.00E-04,CEDAR_R_SUFA,0.000810127
451,23,2007,troll,41,101,7,2/11/07,2,6,Area023 (07) troll 41 101,6.00E-04,SAMISH_H,0.000607595
452,23,2007,troll,41,101,7,2/11/07,2,6,Area023 (07) troll 41 101,6.00E-04,NF_SKOKOMISH_F,0.000607595
453,23,2007,troll,41,101,7,2/11/07,2,6,Area023 (07) troll 41 101,5.00E-04,SKYKOMISH_R,0.000506329
454,23,2007,troll,41,101,7,2/11/07,2,6,Area023 (07) troll 41 101,1.00E-04,SPRING_CR_COL,0.000101266
455,23,2007,troll,41,102,7,2/11/07,2,6,Area023 (07) troll 41 102,0.95,L_SKAGIT_R_FA,0.967019544
456,23,2007,troll,41,102,7,2/11/07,2,6,Area023 (07) troll 41 102,0.01,SKYKOMISH_R,0.010179153
457,23,2007,troll,41,102,7,2/11/07,2,6,Area023 (07) troll 41 102,0.01,SAMISH_H,0.010179153
458,23,2007,troll,41,102,7,2/11/07,2,6,Area023 (07) troll 41 102,0.01,HAMMA_HAMMA_R,0.010179153
459,23,2007,troll,41,102,7,2/11/07,2,6,Area023 (07) troll 41 102,0.0016,SNOQUALMIE_R,0.001628664
460,23,2007,troll,41,102,7,2/11/07,2,6,Area023 (07) troll 41 102,8.00E-04,CEDAR_R_SUFA,0.000814332
461,23,2007,troll,41,103,7,2/11/07,2,6,Area023 (07) troll 41 103,0.88,SPRING_CR_COL,0.889607764
462,23,2007,troll,41,103,7,2/11/07,2,6,Area023 (07) troll 41 103,0.07,WELLS_H,0.070764254
463,23,2007,troll,41,103,7,2/11/07,2,6,Area023 (07) troll 41 103,0.03,WENATCHEE_R_SF,0.030327537
464,23,2007,troll,41,103,7,2/11/07,2,6,Area023 (07) troll 41 103,0.0064,ELOCHOMAN_H,0.006469875
465,23,2007,troll,41,103,7,2/11/07,2,6,Area023 (07) troll 41 103,8.00E-04,PRIEST_RAPID_H,0.000808734
466,23,2007,troll,41,103,7,2/11/07,2,6,Area023 (07) troll 41 103,7.00E-04,SKAGIT_R,0.000707643
467,23,2007,troll,41,103,7,2/11/07,2,6,Area023 (07) troll 41 103,5.00E-04,UMATILLA_H,0.000505459
468,23,2007,troll,41,103,7,2/11/07,2,6,Area023 (07) troll 41 103,5.00E-04,ABERNATHY_NFH_F,0.000505459
469,23,2007,troll,41,103,7,2/11/07,2,6,Area023 (07) troll 41 103,1.00E-04,PRIEST_RAPIDS_H,0.000101092
470,23,2007,troll,41,103,7,2/11/07,2,6,Area023 (07) troll 41 103,1.00E-04,COWLITZ_H_FA,0.000101092
471,23,2007,troll,41,103,7,2/11/07,2,6,Area023 (07) troll 41 103,1.00E-04,SAMISH_H,0.000101092
472,23,2007,troll,41,104,7,2/11/07,2,6,Area023 (07) troll 41 104,0.5,CEDAR_R_SUFA,0.518510837
473,23,2007,troll,41,104,7,2/11/07,2,6,Area023 (07) troll 41 104,0.16,GROVERS_CR_H,0.165923468
474,23,2007,troll,41,104,7,2/11/07,2,6,Area023 (07) troll 41 104,0.13,WENATCHEE_R_SF,0.134812818
475,23,2007,troll,41,104,7,2/11/07,2,6,Area023 (07) troll 41 104,0.07,L_SKAGIT_R_FA,0.072591517
476,23,2007,troll,41,104,7,2/11/07,2,6,Area023 (07) troll 41 104,0.03,VOIGHTS_H,0.03111065
477,23,2007,troll,41,104,7,2/11/07,2,6,Area023 (07) troll 41 104,0.02,HAMMA_HAMMA_R,0.020740433
478,23,2007,troll,41,104,7,2/11/07,2,6,Area023 (07) troll 41 104,0.02,SNOQUALMIE_R,0.020740433
479,23,2007,troll,41,104,7,2/11/07,2,6,Area023 (07) troll 41 104,0.01,WELLS_H,0.010370217
480,23,2007,troll,41,104,7,2/11/07,2,6,Area023 (07) troll 41 104,0.0066,GEORGE_ADAMS_H,0.006844343
481,23,2007,troll,41,104,7,2/11/07,2,6,Area023 (07) troll 41 104,0.0057,SKAGIT_R,0.005911024
482,23,2007,troll,41,104,7,2/11/07,2,6,Area023 (07) troll 41 104,0.0035,SOOS_H,0.003629576
483,23,2007,troll,41,104,7,2/11/07,2,6,Area023 (07) troll 41 104,0.0025,SKYKOMISH_R,0.002592554
484,23,2007,troll,41,104,7,2/11/07,2,6,Area023 (07) troll 41 104,0.0011,NF_NOOKSACK_H,0.001140724
485,23,2007,troll,41,104,7,2/11/07,2,6,Area023 (07) troll 41 104,8.00E-04,MARBLEMOUNT_HSU,0.000829617
486,23,2007,troll,41,104,7,2/11/07,2,6,Area023 (07) troll 41 104,8.00E-04,U_SAUK_R_SPSU,0.000829617
487,23,2007,troll,41,104,7,2/11/07,2,6,Area023 (07) troll 41 104,8.00E-04,NF_SKOKOMISH_F,0.000829617
488,23,2007,troll,41,104,7,2/11/07,2,6,Area023 (07) troll 41 104,6.00E-04,N_SANTIAM_H,0.000622213
489,23,2007,troll,41,104,7,2/11/07,2,6,Area023 (07) troll 41 104,5.00E-04,FEATHER_H_SP,0.000518511
490,23,2007,troll,41,104,7,2/11/07,2,6,Area023 (07) troll 41 104,3.00E-04,METHOW_R,0.000311107
491,23,2007,troll,41,104,7,2/11/07,2,6,Area023 (07) troll 41 104,3.00E-04,BEAR_CR_SUFA,0.000311107
492,23,2007,troll,41,104,7,2/11/07,2,6,Area023 (07) troll 41 104,2.00E-04,PRIEST_RAPID_H,0.000207404
493,23,2007,troll,41,104,7,2/11/07,2,6,Area023 (07) troll 41 104,2.00E-04,L_DESCHUTES_R,0.000207404
494,23,2007,troll,41,104,7,2/11/07,2,6,Area023 (07) troll 41 104,1.00E-04,SAMISH_H,0.000103702
495,23,2007,troll,41,104,7,2/11/07,2,6,Area023 (07) troll 41 104,1.00E-04,CHEAKAMUS_F,0.000103702
496,23,2007,troll,41,104,7,2/11/07,2,6,Area023 (07) troll 41 104,1.00E-04,BATTLE_CR,0.000103702
497,23,2007,troll,41,104,7,2/11/07,2,6,Area023 (07) troll 41 104,1.00E-04,MARBLEMOUNT_HSP,0.000103702
498,23,2007,troll,41,105,7,2/11/07,2,6,Area023 (07) troll 41 105,0.95,SPRING_CR_COL,0.959402141
499,23,2007,troll,41,105,7,2/11/07,2,6,Area023 (07) troll 41 105,0.02,ELOCHOMAN_H,0.02019794
500,23,2007,troll,41,105,7,2/11/07,2,6,Area023 (07) troll 41 105,0.02,ABERNATHY_NFH_F,0.02019794
501,23,2007,troll,41,105,7,2/11/07,2,6,Area023 (07) troll 41 105,1.00E-04,BIG_CR_H_COL,0.00010099
502,23,2007,troll,41,105,7,2/11/07,2,6,Area023 (07) troll 41 105,1.00E-04,ABERNATHY_CR_FA,0.00010099
503,23,2007,troll,41,106,7,2/11/07,2,6,Area023 (07) troll 41 106,0.97,HARRISON,0.979501161
504,23,2007,troll,41,106,7,2/11/07,2,6,Area023 (07) troll 41 106,0.0043,CEDAR_R_SUFA,0.004342119
505,23,2007,troll,41,106,7,2/11/07,2,6,Area023 (07) troll 41 106,0.0024,FEATHER_H_FA,0.002423508
506,23,2007,troll,41,106,7,2/11/07,2,6,Area023 (07) troll 41 106,0.0022,SNOQUALMIE_R,0.002221549
507,23,2007,troll,41,106,7,2/11/07,2,6,Area023 (07) troll 41 106,0.0021,L_SKAGIT_R_FA,0.00212057
508,23,2007,troll,41,106,7,2/11/07,2,6,Area023 (07) troll 41 106,0.0018,SOOS_H,0.001817631
509,23,2007,troll,41,106,7,2/11/07,2,6,Area023 (07) troll 41 106,0.0013,UMPQUA_H,0.001312734
510,23,2007,troll,41,106,7,2/11/07,2,6,Area023 (07) troll 41 106,0.001,COLE_RIVERS_H,0.001009795
511,23,2007,troll,41,106,7,2/11/07,2,6,Area023 (07) troll 41 106,9.00E-04,HAMMA_HAMMA_R,0.000908816
512,23,2007,troll,41,106,7,2/11/07,2,6,Area023 (07) troll 41 106,7.00E-04,WENATCHEE_R_SF,0.000706857
513,23,2007,troll,41,106,7,2/11/07,2,6,Area023 (07) troll 41 106,7.00E-04,U_DESCHUTES_R,0.000706857
514,23,2007,troll,41,106,7,2/11/07,2,6,Area023 (07) troll 41 106,6.00E-04,VOIGHTS_H,0.000605877
515,23,2007,troll,41,106,7,2/11/07,2,6,Area023 (07) troll 41 106,5.00E-04,SKYKOMISH_R,0.000504898
516,23,2007,troll,41,106,7,2/11/07,2,6,Area023 (07) troll 41 106,4.00E-04,FEATHER_H_SP,0.000403918
517,23,2007,troll,41,106,7,2/11/07,2,6,Area023 (07) troll 41 106,4.00E-04,SKAGIT_R,0.000403918
518,23,2007,troll,41,106,7,2/11/07,2,6,Area023 (07) troll 41 106,4.00E-04,LEWIS_R_F,0.000403918
519,23,2007,troll,41,106,7,2/11/07,2,6,Area023 (07) troll 41 106,2.00E-04,U_SKAGIT_R,0.000201959
520,23,2007,troll,41,106,7,2/11/07,2,6,Area023 (07) troll 41 106,1.00E-04,WELLS_H,0.00010098
521,23,2007,troll,41,106,7,2/11/07,2,6,Area023 (07) troll 41 106,1.00E-04,SAMISH_H,0.00010098
522,23,2007,troll,41,106,7,2/11/07,2,6,Area023 (07) troll 41 106,1.00E-04,BEAR_CR_SUFA,0.00010098
523,23,2007,troll,41,106,7,2/11/07,2,6,Area023 (07) troll 41 106,1.00E-04,CHILLIWACK_F,0.00010098
524,23,2007,troll,41,107,7,2/11/07,2,6,Area023 (07) troll 41 107,0.42,CEDAR_R_SUFA,0.435865504
525,23,2007,troll,41,107,7,2/11/07,2,6,Area023 (07) troll 41 107,0.29,L_SKAGIT_R_FA,0.300954753
526,23,2007,troll,41,107,7,2/11/07,2,6,Area023 (07) troll 41 107,0.19,SAMISH_H,0.197177252
527,23,2007,troll,41,107,7,2/11/07,2,6,Area023 (07) troll 41 107,0.03,SNOQUALMIE_R,0.03113325
528,23,2007,troll,41,107,7,2/11/07,2,6,Area023 (07) troll 41 107,0.01,GROVERS_CR_H,0.01037775
529,23,2007,troll,41,107,7,2/11/07,2,6,Area023 (07) troll 41 107,0.01,WENATCHEE_R_SF,0.01037775
530,23,2007,troll,41,107,7,2/11/07,2,6,Area023 (07) troll 41 107,0.0034,HAMMA_HAMMA_R,0.003528435
531,23,2007,troll,41,107,7,2/11/07,2,6,Area023 (07) troll 41 107,0.0025,NF_SKOKOMISH_F,0.002594438
532,23,2007,troll,41,107,7,2/11/07,2,6,Area023 (07) troll 41 107,0.0021,SKYKOMISH_R,0.002179328
533,23,2007,troll,41,107,7,2/11/07,2,6,Area023 (07) troll 41 107,0.0016,SOOS_H,0.00166044
534,23,2007,troll,41,107,7,2/11/07,2,6,Area023 (07) troll 41 107,7.00E-04,WELLS_H,0.000726443
535,23,2007,troll,41,107,7,2/11/07,2,6,Area023 (07) troll 41 107,6.00E-04,METHOW_R,0.000622665
536,23,2007,troll,41,107,7,2/11/07,2,6,Area023 (07) troll 41 107,5.00E-04,HOKO_H_FA,0.000518888
537,23,2007,troll,41,107,7,2/11/07,2,6,Area023 (07) troll 41 107,5.00E-04,S_PRAIRIE_CR,0.000518888
538,23,2007,troll,41,107,7,2/11/07,2,6,Area023 (07) troll 41 107,4.00E-04,PRIEST_RAPID_H,0.00041511
539,23,2007,troll,41,107,7,2/11/07,2,6,Area023 (07) troll 41 107,3.00E-04,HARRISON,0.000311333
540,23,2007,troll,41,107,7,2/11/07,2,6,Area023 (07) troll 41 107,3.00E-04,MARBLEMOUNT_HSP,0.000311333
541,23,2007,troll,41,107,7,2/11/07,2,6,Area023 (07) troll 41 107,2.00E-04,PRIEST_RAPIDS_H,0.000207555
542,23,2007,troll,41,107,7,2/11/07,2,6,Area023 (07) troll 41 107,1.00E-04,SPRING_CR_COL,0.000103778
543,23,2007,troll,41,107,7,2/11/07,2,6,Area023 (07) troll 41 107,1.00E-04,GEORGE_ADAMS_H,0.000103778
544,23,2007,troll,41,107,7,2/11/07,2,6,Area023 (07) troll 41 107,1.00E-04,SKAGIT_R,0.000103778
545,23,2007,troll,41,107,7,2/11/07,2,6,Area023 (07) troll 41 107,1.00E-04,NEZ_PERCET_H,0.000103778
546,23,2007,troll,41,107,7,2/11/07,2,6,Area023 (07) troll 41 107,1.00E-04,VOIGHTS_H,0.000103778
547,23,2007,troll,55,108,7,2/25/07,2,8,Area023 (07) troll 55 108,0.93,VOIGHTS_H,0.946564885
548,23,2007,troll,55,108,7,2/25/07,2,8,Area023 (07) troll 55 108,0.02,SOOS_H,0.020356234
549,23,2007,troll,55,108,7,2/25/07,2,8,Area023 (07) troll 55 108,0.02,CEDAR_R_SUFA,0.020356234
550,23,2007,troll,55,108,7,2/25/07,2,8,Area023 (07) troll 55 108,0.0084,SAMISH_H,0.008549618
551,23,2007,troll,55,108,7,2/25/07,2,8,Area023 (07) troll 55 108,0.0023,GROVERS_CR_H,0.002340967
552,23,2007,troll,55,108,7,2/25/07,2,8,Area023 (07) troll 55 108,8.00E-04,L_SKAGIT_R_FA,0.000814249
553,23,2007,troll,55,108,7,2/25/07,2,8,Area023 (07) troll 55 108,3.00E-04,SNOQUALMIE_R,0.000305344
554,23,2007,troll,55,108,7,2/25/07,2,8,Area023 (07) troll 55 108,3.00E-04,GEORGE_ADAMS_H,0.000305344
555,23,2007,troll,55,108,7,2/25/07,2,8,Area023 (07) troll 55 108,2.00E-04,S_PRAIRIE_CR,0.000203562
556,23,2007,troll,55,108,7,2/25/07,2,8,Area023 (07) troll 55 108,2.00E-04,HAMMA_HAMMA_R,0.000203562
557,23,2007,troll,55,109,7,2/25/07,2,8,Area023 (07) troll 55 109,0.81,WENATCHEE_R_SF,0.832049307
558,23,2007,troll,55,109,7,2/25/07,2,8,Area023 (07) troll 55 109,0.09,PRIEST_RAPID_H,0.092449923
559,23,2007,troll,55,109,7,2/25/07,2,8,Area023 (07) troll 55 109,0.05,WELLS_H,0.051361068
560,23,2007,troll,55,109,7,2/25/07,2,8,Area023 (07) troll 55 109,0.01,UMATILLA_H,0.010272214
561,23,2007,troll,55,109,7,2/25/07,2,8,Area023 (07) troll 55 109,0.0053,PRIEST_RAPIDS_H,0.005444273
562,23,2007,troll,55,109,7,2/25/07,2,8,Area023 (07) troll 55 109,0.0022,HANFORD_REACH,0.002259887
563,23,2007,troll,55,109,7,2/25/07,2,8,Area023 (07) troll 55 109,0.0018,SANDY_R,0.001848998
564,23,2007,troll,55,109,7,2/25/07,2,8,Area023 (07) troll 55 109,0.0017,METHOW_R,0.001746276
565,23,2007,troll,55,109,7,2/25/07,2,8,Area023 (07) troll 55 109,0.0011,MARION_DRAIN_FA,0.001129944
566,23,2007,troll,55,109,7,2/25/07,2,8,Area023 (07) troll 55 109,5.00E-04,LEWIS_R_F,0.000513611
567,23,2007,troll,55,109,7,2/25/07,2,8,Area023 (07) troll 55 109,5.00E-04,UMPQUA_H,0.000513611
568,23,2007,troll,55,109,7,2/25/07,2,8,Area023 (07) troll 55 109,2.00E-04,NEZ_PERCET_H,0.000205444
569,23,2007,troll,55,109,7,2/25/07,2,8,Area023 (07) troll 55 109,1.00E-04,COWLITZ_H_SP,0.000102722
570,23,2007,troll,55,109,7,2/25/07,2,8,Area023 (07) troll 55 109,1.00E-04,WASHOUGAL_R_FA,0.000102722
571,23,2007,troll,55,110,7,2/25/07,2,8,Area023 (07) troll 55 110,0.42,L_SKAGIT_R_FA,0.436590437
572,23,2007,troll,55,110,7,2/25/07,2,8,Area023 (07) troll 55 110,0.17,WENATCHEE_R_SF,0.176715177
573,23,2007,troll,55,110,7,2/25/07,2,8,Area023 (07) troll 55 110,0.13,HARRISON,0.135135135
574,23,2007,troll,55,110,7,2/25/07,2,8,Area023 (07) troll 55 110,0.03,CEDAR_R_SUFA,0.031185031
575,23,2007,troll,55,110,7,2/25/07,2,8,Area023 (07) troll 55 110,0.03,LEWIS_R_F,0.031185031
576,23,2007,troll,55,110,7,2/25/07,2,8,Area023 (07) troll 55 110,0.02,SKYKOMISH_R,0.020790021
577,23,2007,troll,55,110,7,2/25/07,2,8,Area023 (07) troll 55 110,0.02,PRIEST_RAPID_H,0.020790021
578,23,2007,troll,55,110,7,2/25/07,2,8,Area023 (07) troll 55 110,0.02,SOOS_H,0.020790021
579,23,2007,troll,55,110,7,2/25/07,2,8,Area023 (07) troll 55 110,0.01,VOIGHTS_H,0.01039501
580,23,2007,troll,55,110,7,2/25/07,2,8,Area023 (07) troll 55 110,0.01,SAMISH_H,0.01039501
581,23,2007,troll,55,110,7,2/25/07,2,8,Area023 (07) troll 55 110,0.01,PRIEST_RAPIDS_H,0.01039501
582,23,2007,troll,55,110,7,2/25/07,2,8,Area023 (07) troll 55 110,0.0097,NF_NOOKSACK_H,0.01008316
583,23,2007,troll,55,110,7,2/25/07,2,8,Area023 (07) troll 55 110,0.0093,HAMMA_HAMMA_R,0.00966736
584,23,2007,troll,55,110,7,2/25/07,2,8,Area023 (07) troll 55 110,0.0076,WELLS_H,0.007900208
585,23,2007,troll,55,110,7,2/25/07,2,8,Area023 (07) troll 55 110,0.006,METHOW_R,0.006237006
586,23,2007,troll,55,110,7,2/25/07,2,8,Area023 (07) troll 55 110,0.0051,UMPQUA_H,0.005301455
587,23,2007,troll,55,110,7,2/25/07,2,8,Area023 (07) troll 55 110,0.0034,GEORGE_ADAMS_H,0.003534304
588,23,2007,troll,55,110,7,2/25/07,2,8,Area023 (07) troll 55 110,0.0032,MARION_DRAIN_FA,0.003326403
589,23,2007,troll,55,110,7,2/25/07,2,8,Area023 (07) troll 55 110,0.003,S_UMPQUA_H,0.003118503
590,23,2007,troll,55,110,7,2/25/07,2,8,Area023 (07) troll 55 110,0.0029,SKAGIT_R,0.003014553
591,23,2007,troll,55,110,7,2/25/07,2,8,Area023 (07) troll 55 110,0.0027,COLE_RIVERS_H,0.002806653
592,23,2007,troll,55,110,7,2/25/07,2,8,Area023 (07) troll 55 110,0.0025,NF_SKOKOMISH_F,0.002598753
593,23,2007,troll,55,110,7,2/25/07,2,8,Area023 (07) troll 55 110,0.002,QUEETS_R,0.002079002
594,23,2007,troll,55,110,7,2/25/07,2,8,Area023 (07) troll 55 110,0.0018,SHAKES_CR,0.001871102
595,23,2007,troll,55,110,7,2/25/07,2,8,Area023 (07) troll 55 110,0.0017,CHILLIWAC@STAV,0.001767152
596,23,2007,troll,55,110,7,2/25/07,2,8,Area023 (07) troll 55 110,0.0016,MARBLEMOUNT_HSP,0.001663202
597,23,2007,troll,55,110,7,2/25/07,2,8,Area023 (07) troll 55 110,0.0016,CHILLIWACK_F,0.001663202
598,23,2007,troll,55,110,7,2/25/07,2,8,Area023 (07) troll 55 110,0.0015,SNOQUALMIE_R,0.001559252
599,23,2007,troll,55,110,7,2/25/07,2,8,Area023 (07) troll 55 110,0.0015,CRAIG,0.001559252
600,23,2007,troll,55,110,7,2/25/07,2,8,Area023 (07) troll 55 110,0.0013,SLAMGEESH,0.001351351
601,23,2007,troll,55,110,7,2/25/07,2,8,Area023 (07) troll 55 110,0.0011,U_SKAGIT_R,0.001143451
602,23,2007,troll,55,110,7,2/25/07,2,8,Area023 (07) troll 55 110,0.0011,COQUILLE_R,0.001143451
603,23,2007,troll,55,110,7,2/25/07,2,8,Area023 (07) troll 55 110,0.0011,UMATILLA_H,0.001143451
604,23,2007,troll,55,110,7,2/25/07,2,8,Area023 (07) troll 55 110,0.0011,ABERNATHY_CR_FA,0.001143451
605,23,2007,troll,55,110,7,2/25/07,2,8,Area023 (07) troll 55 110,0.001,U_SAUK_R,0.001039501
606,23,2007,troll,55,110,7,2/25/07,2,8,Area023 (07) troll 55 110,9.00E-04,CAPILANO,0.000935551
607,23,2007,troll,55,110,7,2/25/07,2,8,Area023 (07) troll 55 110,8.00E-04,TAHLTAN_R,0.000831601
608,23,2007,troll,55,110,7,2/25/07,2,8,Area023 (07) troll 55 110,8.00E-04,U_SAUK_R_SPSU,0.000831601
609,23,2007,troll,55,110,7,2/25/07,2,8,Area023 (07) troll 55 110,8.00E-04,BATTLE_CR,0.000831601
610,23,2007,troll,55,110,7,2/25/07,2,8,Area023 (07) troll 55 110,7.00E-04,L_DESCHUTES_R,0.000727651
611,23,2007,troll,55,110,7,2/25/07,2,8,Area023 (07) troll 55 110,7.00E-04,GROVERS_CR_H,0.000727651
612,23,2007,troll,55,110,7,2/25/07,2,8,Area023 (07) troll 55 110,7.00E-04,ANDREW_MEDH,0.000727651
613,23,2007,troll,55,110,7,2/25/07,2,8,Area023 (07) troll 55 110,6.00E-04,HANFORD_REACH,0.000623701
614,23,2007,troll,55,110,7,2/25/07,2,8,Area023 (07) troll 55 110,6.00E-04,CRIPPLE_CR,0.000623701
615,23,2007,troll,55,110,7,2/25/07,2,8,Area023 (07) troll 55 110,6.00E-04,LITTLE_TAHLTAN,0.000623701
616,23,2007,troll,55,110,7,2/25/07,2,8,Area023 (07) troll 55 110,6.00E-04,MARBLEMOUNT_HSU,0.000623701
617,23,2007,troll,55,110,7,2/25/07,2,8,Area023 (07) troll 55 110,6.00E-04,N_SANTIAM_H,0.000623701
618,23,2007,troll,55,110,7,2/25/07,2,8,Area023 (07) troll 55 110,6.00E-04,SANDY_R,0.000623701
619,23,2007,troll,55,110,7,2/25/07,2,8,Area023 (07) troll 55 110,5.00E-04,FEATHER_H_FA,0.000519751
620,23,2007,troll,55,110,7,2/25/07,2,8,Area023 (07) troll 55 110,5.00E-04,KATEEN,0.000519751
621,23,2007,troll,55,110,7,2/25/07,2,8,Area023 (07) troll 55 110,5.00E-04,L_SAUK_R,0.000519751
622,23,2007,troll,55,110,7,2/25/07,2,8,Area023 (07) troll 55 110,4.00E-04,UNUK,0.0004158
623,23,2007,troll,55,110,7,2/25/07,2,8,Area023 (07) troll 55 110,4.00E-04,APPLEGATE_CR,0.0004158
624,23,2007,troll,55,110,7,2/25/07,2,8,Area023 (07) troll 55 110,4.00E-04,ANDREW_CRYH,0.0004158
625,23,2007,troll,55,110,7,2/25/07,2,8,Area023 (07) troll 55 110,4.00E-04,L_TAHLTAN_R,0.0004158
626,23,2007,troll,55,110,7,2/25/07,2,8,Area023 (07) troll 55 110,4.00E-04,CLEAR_CR,0.0004158
627,23,2007,troll,55,110,7,2/25/07,2,8,Area023 (07) troll 55 110,3.00E-04,LEWIS_R_LSU,0.00031185
628,23,2007,troll,55,110,7,2/25/07,2,8,Area023 (07) troll 55 110,3.00E-04,VERRETT,0.00031185
629,23,2007,troll,55,110,7,2/25/07,2,8,Area023 (07) troll 55 110,3.00E-04,NEZ_PERCET_H,0.00031185
630,23,2007,troll,55,110,7,2/25/07,2,8,Area023 (07) troll 55 110,3.00E-04,CLEAR_CR_H,0.00031185
631,23,2007,troll,55,110,7,2/25/07,2,8,Area023 (07) troll 55 110,3.00E-04,HOH_R,0.00031185
632,23,2007,troll,55,110,7,2/25/07,2,8,Area023 (07) troll 55 110,3.00E-04,ELOCHOMAN_R_FA,0.00031185
633,23,2007,troll,55,110,7,2/25/07,2,8,Area023 (07) troll 55 110,2.00E-04,PHILLIPS,0.0002079
634,23,2007,troll,55,110,7,2/25/07,2,8,Area023 (07) troll 55 110,2.00E-04,KITSUMKALUM_R,0.0002079
635,23,2007,troll,55,110,7,2/25/07,2,8,Area023 (07) troll 55 110,2.00E-04,NANAIMO_SP,0.0002079
636,23,2007,troll,55,110,7,2/25/07,2,8,Area023 (07) troll 55 110,2.00E-04,LYONS_FERRY_H,0.0002079
637,23,2007,troll,55,110,7,2/25/07,2,8,Area023 (07) troll 55 110,2.00E-04,CLEARWATERRFA,0.0002079
638,23,2007,troll,55,110,7,2/25/07,2,8,Area023 (07) troll 55 110,2.00E-04,KOWATUA,0.0002079
639,23,2007,troll,55,110,7,2/25/07,2,8,Area023 (07) troll 55 110,2.00E-04,KING_CR,0.0002079
640,23,2007,troll,55,110,7,2/25/07,2,8,Area023 (07) troll 55 110,2.00E-04,CHICKAMIN_R,0.0002079
641,23,2007,troll,55,110,7,2/25/07,2,8,Area023 (07) troll 55 110,1.00E-04,ALSEA_R,0.00010395
642,23,2007,troll,55,110,7,2/25/07,2,8,Area023 (07) troll 55 110,1.00E-04,NAKINA_R,0.00010395
643,23,2007,troll,55,110,7,2/25/07,2,8,Area023 (07) troll 55 110,1.00E-04,QUILAYUTE_R,0.00010395
644,23,2007,troll,55,110,7,2/25/07,2,8,Area023 (07) troll 55 110,1.00E-04,S_COOS_R,0.00010395
645,23,2007,troll,55,110,7,2/25/07,2,8,Area023 (07) troll 55 110,1.00E-04,MILLICOMA_R,0.00010395
646,23,2007,troll,55,110,7,2/25/07,2,8,Area023 (07) troll 55 110,1.00E-04,COOS_H,0.00010395
647,23,2007,troll,55,110,7,2/25/07,2,8,Area023 (07) troll 55 110,1.00E-04,ANDREW_CR,0.00010395
648,23,2007,troll,55,110,7,2/25/07,2,8,Area023 (07) troll 55 110,1.00E-04,OTSI_CR,0.00010395
649,23,2007,troll,55,110,7,2/25/07,2,8,Area023 (07) troll 55 110,1.00E-04,COWLITZ_H_FA,0.00010395
650,23,2007,troll,55,110,7,2/25/07,2,8,Area023 (07) troll 55 110,1.00E-04,ELOCHOMAN_H,0.00010395
651,23,2007,troll,55,110,7,2/25/07,2,8,Area023 (07) troll 55 110,1.00E-04,LOWATNARKO,0.00010395
652,23,2007,troll,55,110,7,2/25/07,2,8,Area023 (07) troll 55 110,1.00E-04,BEAR_CR_SUFA,0.00010395
653,23,2007,troll,55,110,7,2/25/07,2,8,Area023 (07) troll 55 110,1.00E-04,TRASK_R,0.00010395
654,23,2007,troll,55,110,7,2/25/07,2,8,Area023 (07) troll 55 110,1.00E-04,DEER_CR_SP,0.00010395
655,23,2007,troll,55,110,7,2/25/07,2,8,Area023 (07) troll 55 110,1.00E-04,ASHLULM,0.00010395
656,23,2007,troll,55,110,7,2/25/07,2,8,Area023 (07) troll 55 110,1.00E-04,NAHLIN,0.00010395
657,23,2007,troll,55,110,7,2/25/07,2,8,Area023 (07) troll 55 110,1.00E-04,U_DESCHUTES_R,0.00010395
658,23,2007,troll,55,110,7,2/25/07,2,8,Area023 (07) troll 55 110,1.00E-04,SIXES_R,0.00010395
659,23,2007,troll,55,110,7,2/25/07,2,8,Area023 (07) troll 55 110,1.00E-04,DUDIDONTU,0.00010395
660,23,2007,troll,55,110,7,2/25/07,2,8,Area023 (07) troll 55 110,1.00E-04,NAKINA,0.00010395
661,23,2007,troll,55,110,7,2/25/07,2,8,Area023 (07) troll 55 110,1.00E-04,NUSATSUM,0.00010395
662,23,2007,troll,55,110,7,2/25/07,2,8,Area023 (07) troll 55 110,1.00E-04,SALMON_R_F,0.00010395
663,23,2007,troll,55,110,7,2/25/07,2,8,Area023 (07) troll 55 110,1.00E-04,UW_H_SUFA,0.00010395
664,23,2007,troll,55,111,7,2/25/07,2,8,Area023 (07) troll 55 111,0.97,SPRING_CR_COL,0.981086275
665,23,2007,troll,55,111,7,2/25/07,2,8,Area023 (07) troll 55 111,0.01,ELOCHOMAN_H,0.010114291
666,23,2007,troll,55,111,7,2/25/07,2,8,Area023 (07) troll 55 111,0.0078,ABERNATHY_NFH_F,0.007889147
667,23,2007,troll,55,111,7,2/25/07,2,8,Area023 (07) troll 55 111,9.00E-04,ABERNATHY_CR_FA,0.000910286
668,23,2007,troll,55,112,7,2/25/07,2,8,Area023 (07) troll 55 112,0.95,L_SKAGIT_R_FA,0.956889605
669,23,2007,troll,55,112,7,2/25/07,2,8,Area023 (07) troll 55 112,0.03,SNOQUALMIE_R,0.030217566
670,23,2007,troll,55,112,7,2/25/07,2,8,Area023 (07) troll 55 112,0.006,CEDAR_R_SUFA,0.006043513
671,23,2007,troll,55,112,7,2/25/07,2,8,Area023 (07) troll 55 112,0.0025,SAMISH_H,0.002518131
672,23,2007,troll,55,112,7,2/25/07,2,8,Area023 (07) troll 55 112,0.0024,SKYKOMISH_R,0.002417405
673,23,2007,troll,55,112,7,2/25/07,2,8,Area023 (07) troll 55 112,7.00E-04,SOOS_H,0.000705077
674,23,2007,troll,55,112,7,2/25/07,2,8,Area023 (07) troll 55 112,5.00E-04,SKAGIT_R,0.000503626
675,23,2007,troll,55,112,7,2/25/07,2,8,Area023 (07) troll 55 112,4.00E-04,VOIGHTS_H,0.000402901
676,23,2007,troll,55,112,7,2/25/07,2,8,Area023 (07) troll 55 112,1.00E-04,MARBLEMOUNT_HSU,0.000100725
677,23,2007,troll,55,112,7,2/25/07,2,8,Area023 (07) troll 55 112,1.00E-04,U_SAUK_R,0.000100725
678,23,2007,troll,55,112,7,2/25/07,2,8,Area023 (07) troll 55 112,1.00E-04,NF_NOOKSACK_H,0.000100725
679,23,2007,troll,55,113,7,2/25/07,2,8,Area023 (07) troll 55 113,0.52,CEDAR_R_SUFA,0.529315961
680,23,2007,troll,55,113,7,2/25/07,2,8,Area023 (07) troll 55 113,0.29,VOIGHTS_H,0.29519544
681,23,2007,troll,55,113,7,2/25/07,2,8,Area023 (07) troll 55 113,0.11,GROVERS_CR_H,0.111970684
682,23,2007,troll,55,113,7,2/25/07,2,8,Area023 (07) troll 55 113,0.05,SOOS_H,0.050895765
683,23,2007,troll,55,113,7,2/25/07,2,8,Area023 (07) troll 55 113,0.0072,SAMISH_H,0.00732899
684,23,2007,troll,55,113,7,2/25/07,2,8,Area023 (07) troll 55 113,0.0025,HAMMA_HAMMA_R,0.002544788
685,23,2007,troll,55,113,7,2/25/07,2,8,Area023 (07) troll 55 113,0.0019,BEAR_CR_SUFA,0.001934039
686,23,2007,troll,55,113,7,2/25/07,2,8,Area023 (07) troll 55 113,5.00E-04,L_SKAGIT_R_FA,0.000508958
687,23,2007,troll,55,113,7,2/25/07,2,8,Area023 (07) troll 55 113,2.00E-04,SNOQUALMIE_R,0.000203583
688,23,2007,troll,55,113,7,2/25/07,2,8,Area023 (07) troll 55 113,1.00E-04,NF_SKOKOMISH_F,0.000101792
689,23,2007,troll,55,114,7,2/25/07,2,8,Area023 (07) troll 55 114,0.99,NF_NOOKSACK_H,0.999899
690,23,2007,troll,55,114,7,2/25/07,2,8,Area023 (07) troll 55 114,1.00E-04,L_SKAGIT_R_FA,0.000101
691,23,2007,troll,55,115,7,2/25/07,2,8,Area023 (07) troll 55 115,0.61,SAMISH_H,0.632845731
692,23,2007,troll,55,115,7,2/25/07,2,8,Area023 (07) troll 55 115,0.17,CEDAR_R_SUFA,0.176366843
693,23,2007,troll,55,115,7,2/25/07,2,8,Area023 (07) troll 55 115,0.07,L_SKAGIT_R_FA,0.072621641
694,23,2007,troll,55,115,7,2/25/07,2,8,Area023 (07) troll 55 115,0.05,HAMMA_HAMMA_R,0.051872601
695,23,2007,troll,55,115,7,2/25/07,2,8,Area023 (07) troll 55 115,0.05,SNOQUALMIE_R,0.051872601
696,23,2007,troll,55,115,7,2/25/07,2,8,Area023 (07) troll 55 115,0.01,VOIGHTS_H,0.01037452
697,23,2007,troll,55,115,7,2/25/07,2,8,Area023 (07) troll 55 115,0.0031,SOOS_H,0.003216101
698,23,2007,troll,55,115,7,2/25/07,2,8,Area023 (07) troll 55 115,4.00E-04,BEAR_CR_SUFA,0.000414981
699,23,2007,troll,55,115,7,2/25/07,2,8,Area023 (07) troll 55 115,2.00E-04,S_PRAIRIE_CR,0.00020749
700,23,2007,troll,55,115,7,2/25/07,2,8,Area023 (07) troll 55 115,1.00E-04,NF_SKOKOMISH_F,0.000103745
701,23,2007,troll,55,115,7,2/25/07,2,8,Area023 (07) troll 55 115,1.00E-04,NF_NOOKSACK_H,0.000103745
702,23,2007,troll,55,116,7,2/25/07,2,8,Area023 (07) troll 55 116,0.46,CEDAR_R_SUFA,0.473202345
703,23,2007,troll,55,116,7,2/25/07,2,8,Area023 (07) troll 55 116,0.3,VOIGHTS_H,0.308610225
704,23,2007,troll,55,116,7,2/25/07,2,8,Area023 (07) troll 55 116,0.17,SAMISH_H,0.174879128
705,23,2007,troll,55,116,7,2/25/07,2,8,Area023 (07) troll 55 116,0.03,SOOS_H,0.030861023
706,23,2007,troll,55,116,7,2/25/07,2,8,Area023 (07) troll 55 116,0.0052,HAMMA_HAMMA_R,0.005349244
707,23,2007,troll,55,116,7,2/25/07,2,8,Area023 (07) troll 55 116,0.0029,BEAR_CR_SUFA,0.002983232
708,23,2007,troll,55,116,7,2/25/07,2,8,Area023 (07) troll 55 116,0.0026,L_SKAGIT_R_FA,0.002674622
709,23,2007,troll,55,116,7,2/25/07,2,8,Area023 (07) troll 55 116,8.00E-04,SNOQUALMIE_R,0.000822961
710,23,2007,troll,55,116,7,2/25/07,2,8,Area023 (07) troll 55 116,3.00E-04,CLEAR_CR_H,0.00030861
711,23,2007,troll,55,116,7,2/25/07,2,8,Area023 (07) troll 55 116,2.00E-04,NF_SKOKOMISH_F,0.00020574
712,23,2007,troll,55,116,7,2/25/07,2,8,Area023 (07) troll 55 116,1.00E-04,GROVERS_CR_H,0.00010287
713,23,2007,troll,55,117,7,2/25/07,2,8,Area023 (07) troll 55 117,0.99,N_SANTIAM_H,0.99758162
714,23,2007,troll,55,117,7,2/25/07,2,8,Area023 (07) troll 55 117,0.001,ELOCHOMAN_H,0.001007658
715,23,2007,troll,55,117,7,2/25/07,2,8,Area023 (07) troll 55 117,4.00E-04,VOIGHTS_H,0.000403063
716,23,2007,troll,55,117,7,2/25/07,2,8,Area023 (07) troll 55 117,3.00E-04,WELLS_H,0.000302297
717,23,2007,troll,55,117,7,2/25/07,2,8,Area023 (07) troll 55 117,1.00E-04,CEDAR_R_SUFA,0.000100766
718,23,2007,troll,55,117,7,2/25/07,2,8,Area023 (07) troll 55 117,1.00E-04,MCKENZIE_H,0.000100766
719,23,2007,troll,55,117,7,2/25/07,2,8,Area023 (07) troll 55 117,1.00E-04,HAMMA_HAMMA_R,0.000100766
720,23,2007,troll,55,117,7,2/25/07,2,8,Area023 (07) troll 55 117,1.00E-04,ABERNATHY_CR_FA,0.000100766
721,23,2007,troll,55,117,7,2/25/07,2,8,Area023 (07) troll 55 117,1.00E-04,L_SKAGIT_R_FA,0.000100766
722,23,2007,troll,55,117,7,2/25/07,2,8,Area023 (07) troll 55 117,1.00E-04,PRIEST_RAPID_H,0.000100766
723,23,2007,troll,55,117,7,2/25/07,2,8,Area023 (07) troll 55 117,1.00E-04,LEWIS_R_F,0.000100766
724,23,2007,troll,55,118,7,2/25/07,2,8,Area023 (07) troll 55 118,0.68,L_SKAGIT_R_FA,0.708185795
725,23,2007,troll,55,118,7,2/25/07,2,8,Area023 (07) troll 55 118,0.18,SAMISH_H,0.187460946
726,23,2007,troll,55,118,7,2/25/07,2,8,Area023 (07) troll 55 118,0.03,HAMMA_HAMMA_R,0.031243491
727,23,2007,troll,55,118,7,2/25/07,2,8,Area023 (07) troll 55 118,0.02,VOIGHTS_H,0.020828994
728,23,2007,troll,55,118,7,2/25/07,2,8,Area023 (07) troll 55 118,0.02,CEDAR_R_SUFA,0.020828994
729,23,2007,troll,55,118,7,2/25/07,2,8,Area023 (07) troll 55 118,0.01,SNOQUALMIE_R,0.010414497
730,23,2007,troll,55,118,7,2/25/07,2,8,Area023 (07) troll 55 118,0.01,SKYKOMISH_R,0.010414497
731,23,2007,troll,55,118,7,2/25/07,2,8,Area023 (07) troll 55 118,0.0044,WENATCHEE_R_SF,0.004582379
732,23,2007,troll,55,118,7,2/25/07,2,8,Area023 (07) troll 55 118,0.002,GEORGE_ADAMS_H,0.002082899
733,23,2007,troll,55,118,7,2/25/07,2,8,Area023 (07) troll 55 118,0.0017,SOOS_H,0.001770464
734,23,2007,troll,55,118,7,2/25/07,2,8,Area023 (07) troll 55 118,8.00E-04,CLEAR_CR_H,0.00083316
735,23,2007,troll,55,118,7,2/25/07,2,8,Area023 (07) troll 55 118,6.00E-04,GROVERS_CR_H,0.00062487
736,23,2007,troll,55,118,7,2/25/07,2,8,Area023 (07) troll 55 118,5.00E-04,U_SAUK_R_SPSU,0.000520725
737,23,2007,troll,55,118,7,2/25/07,2,8,Area023 (07) troll 55 118,1.00E-04,NF_SKOKOMISH_F,0.000104145
738,23,2007,troll,55,118,7,2/25/07,2,8,Area023 (07) troll 55 118,1.00E-04,WELLS_H,0.000104145
739,23,2007,troll,55,119,7,2/25/07,2,8,Area023 (07) troll 55 119,0.6,CEDAR_R_SUFA,0.609632189
740,23,2007,troll,55,119,7,2/25/07,2,8,Area023 (07) troll 55 119,0.36,SAMISH_H,0.365779313
741,23,2007,troll,55,119,7,2/25/07,2,8,Area023 (07) troll 55 119,0.01,HAMMA_HAMMA_R,0.010160536
742,23,2007,troll,55,119,7,2/25/07,2,8,Area023 (07) troll 55 119,0.0082,SOOS_H,0.00833164
743,23,2007,troll,55,119,7,2/25/07,2,8,Area023 (07) troll 55 119,0.0048,VOIGHTS_H,0.004877058
744,23,2007,troll,55,119,7,2/25/07,2,8,Area023 (07) troll 55 119,6.00E-04,L_SKAGIT_R_FA,0.000609632
745,23,2007,troll,55,119,7,2/25/07,2,8,Area023 (07) troll 55 119,3.00E-04,SNOQUALMIE_R,0.000304816
746,23,2007,troll,55,119,7,2/25/07,2,8,Area023 (07) troll 55 119,2.00E-04,BEAR_CR_SUFA,0.000203211
747,23,2007,troll,55,119,7,2/25/07,2,8,Area023 (07) troll 55 119,1.00E-04,GEORGE_ADAMS_H,0.000101605
748,23,2007,troll,55,120,7,2/25/07,2,8,Area023 (07) troll 55 120,0.69,CEDAR_R_SUFA,0.710315009
749,23,2007,troll,55,120,7,2/25/07,2,8,Area023 (07) troll 55 120,0.18,SAMISH_H,0.185299568
750,23,2007,troll,55,120,7,2/25/07,2,8,Area023 (07) troll 55 120,0.05,HAMMA_HAMMA_R,0.051472102
751,23,2007,troll,55,120,7,2/25/07,2,8,Area023 (07) troll 55 120,0.02,L_SKAGIT_R_FA,0.020588841
752,23,2007,troll,55,120,7,2/25/07,2,8,Area023 (07) troll 55 120,0.02,VOIGHTS_H,0.020588841
753,23,2007,troll,55,120,7,2/25/07,2,8,Area023 (07) troll 55 120,0.01,SOOS_H,0.01029442
754,23,2007,troll,55,120,7,2/25/07,2,8,Area023 (07) troll 55 120,5.00E-04,CLEAR_CR_H,0.000514721
755,23,2007,troll,55,120,7,2/25/07,2,8,Area023 (07) troll 55 120,3.00E-04,SNOQUALMIE_R,0.000308833
756,23,2007,troll,55,120,7,2/25/07,2,8,Area023 (07) troll 55 120,3.00E-04,GROVERS_CR_H,0.000308833
757,23,2007,troll,55,120,7,2/25/07,2,8,Area023 (07) troll 55 120,2.00E-04,BEAR_CR_SUFA,0.000205888
758,23,2007,troll,55,120,7,2/25/07,2,8,Area023 (07) troll 55 120,1.00E-04,GEORGE_ADAMS_H,0.000102944
759,23,2007,troll,55,121,7,2/25/07,2,8,Area023 (07) troll 55 121,0.79,CEDAR_R_SUFA,0.813845678
760,23,2007,troll,55,121,7,2/25/07,2,8,Area023 (07) troll 55 121,0.09,SAMISH_H,0.092716596
761,23,2007,troll,55,121,7,2/25/07,2,8,Area023 (07) troll 55 121,0.04,VOIGHTS_H,0.041207376
762,23,2007,troll,55,121,7,2/25/07,2,8,Area023 (07) troll 55 121,0.02,L_SKAGIT_R_FA,0.020603688
763,23,2007,troll,55,121,7,2/25/07,2,8,Area023 (07) troll 55 121,0.01,SOOS_H,0.010301844
764,23,2007,troll,55,121,7,2/25/07,2,8,Area023 (07) troll 55 121,0.01,SNOQUALMIE_R,0.010301844
765,23,2007,troll,55,121,7,2/25/07,2,8,Area023 (07) troll 55 121,0.01,HAMMA_HAMMA_R,0.010301844
766,23,2007,troll,55,121,7,2/25/07,2,8,Area023 (07) troll 55 121,2.00E-04,SKYKOMISH_R,0.000206037
767,23,2007,troll,55,121,7,2/25/07,2,8,Area023 (07) troll 55 121,2.00E-04,BEAR_CR_SUFA,0.000206037
768,23,2007,troll,55,121,7,2/25/07,2,8,Area023 (07) troll 55 121,1.00E-04,NF_SKOKOMISH_F,0.000103018
769,23,2007,troll,55,121,7,2/25/07,2,8,Area023 (07) troll 55 121,1.00E-04,GROVERS_CR_H,0.000103018
770,23,2007,troll,55,121,7,2/25/07,2,8,Area023 (07) troll 55 121,1.00E-04,CLEAR_CR_H,0.000103018
771,23,2007,troll,61,55,7,3/3/07,3,9,Area023 (07) troll 61 55,0.86,L_SKAGIT_R_FA,0.873451148
772,23,2007,troll,61,55,7,3/3/07,3,9,Area023 (07) troll 61 55,0.11,MARBLEMOUNT_HSP,0.111720496
773,23,2007,troll,61,55,7,3/3/07,3,9,Area023 (07) troll 61 55,0.0095,SNOQUALMIE_R,0.009648588
774,23,2007,troll,61,55,7,3/3/07,3,9,Area023 (07) troll 61 55,0.0021,U_SAUK_R,0.002132846
775,23,2007,troll,61,55,7,3/3/07,3,9,Area023 (07) troll 61 55,0.0015,SKAGIT_R,0.001523461
776,23,2007,troll,61,55,7,3/3/07,3,9,Area023 (07) troll 61 55,5.00E-04,NF_NOOKSACK_H,0.00050782
777,23,2007,troll,61,55,7,3/3/07,3,9,Area023 (07) troll 61 55,4.00E-04,U_SAUK_R_SPSU,0.000406256
778,23,2007,troll,61,55,7,3/3/07,3,9,Area023 (07) troll 61 55,3.00E-04,SKYKOMISH_R,0.000304692
779,23,2007,troll,61,55,7,3/3/07,3,9,Area023 (07) troll 61 55,1.00E-04,PHILLIPS,0.000101564
780,23,2007,troll,61,55,7,3/3/07,3,9,Area023 (07) troll 61 55,1.00E-04,CEDAR_R_SUFA,0.000101564
781,23,2007,troll,61,55,7,3/3/07,3,9,Area023 (07) troll 61 55,1.00E-04,HAMMA_HAMMA_R,0.000101564
782,23,2007,troll,61,56,7,3/3/07,3,9,Area023 (07) troll 61 56,0.77,VOIGHTS_H,0.784114053
783,23,2007,troll,61,56,7,3/3/07,3,9,Area023 (07) troll 61 56,0.11,L_SKAGIT_R_FA,0.112016293
784,23,2007,troll,61,56,7,3/3/07,3,9,Area023 (07) troll 61 56,0.07,CEDAR_R_SUFA,0.071283096
785,23,2007,troll,61,56,7,3/3/07,3,9,Area023 (07) troll 61 56,0.02,SAMISH_H,0.020366599
786,23,2007,troll,61,56,7,3/3/07,3,9,Area023 (07) troll 61 56,0.0075,SNOQUALMIE_R,0.007637475
787,23,2007,troll,61,56,7,3/3/07,3,9,Area023 (07) troll 61 56,0.0027,SKYKOMISH_R,0.002749491
788,23,2007,troll,61,56,7,3/3/07,3,9,Area023 (07) troll 61 56,9.00E-04,SOOS_H,0.000916497
789,23,2007,troll,61,56,7,3/3/07,3,9,Area023 (07) troll 61 56,7.00E-04,GROVERS_CR_H,0.000712831
790,23,2007,troll,61,56,7,3/3/07,3,9,Area023 (07) troll 61 56,1.00E-04,CLEAR_CR_H,0.000101833
791,23,2007,troll,61,56,7,3/3/07,3,9,Area023 (07) troll 61 56,1.00E-04,HAMMA_HAMMA_R,0.000101833
792,23,2007,troll,61,57,7,3/3/07,3,9,Area023 (07) troll 61 57,0.46,HAMMA_HAMMA_R,0.473397139
793,23,2007,troll,61,57,7,3/3/07,3,9,Area023 (07) troll 61 57,0.28,CEDAR_R_SUFA,0.28815478
794,23,2007,troll,61,57,7,3/3/07,3,9,Area023 (07) troll 61 57,0.14,SAMISH_H,0.14407739
795,23,2007,troll,61,57,7,3/3/07,3,9,Area023 (07) troll 61 57,0.06,VOIGHTS_H,0.061747453
796,23,2007,troll,61,57,7,3/3/07,3,9,Area023 (07) troll 61 57,0.01,L_SKAGIT_R_FA,0.010291242
797,23,2007,troll,61,57,7,3/3/07,3,9,Area023 (07) troll 61 57,0.0095,SOOS_H,0.00977668
798,23,2007,troll,61,57,7,3/3/07,3,9,Area023 (07) troll 61 57,0.0079,GEORGE_ADAMS_H,0.008130081
799,23,2007,troll,61,57,7,3/3/07,3,9,Area023 (07) troll 61 57,0.0025,CLEAR_CR_H,0.002572811
800,23,2007,troll,61,57,7,3/3/07,3,9,Area023 (07) troll 61 57,0.001,BEAR_CR_SUFA,0.001029124
801,23,2007,troll,61,57,7,3/3/07,3,9,Area023 (07) troll 61 57,3.00E-04,SNOQUALMIE_R,0.000308737
802,23,2007,troll,61,57,7,3/3/07,3,9,Area023 (07) troll 61 57,2.00E-04,NF_NOOKSACK_H,0.000205825
803,23,2007,troll,61,57,7,3/3/07,3,9,Area023 (07) troll 61 57,2.00E-04,GROVERS_CR_H,0.000205825
804,23,2007,troll,61,57,7,3/3/07,3,9,Area023 (07) troll 61 57,1.00E-04,NF_SKOKOMISH_F,0.000102912
805,23,2007,troll,61,58,7,3/3/07,3,9,Area023 (07) troll 61 58,0.74,HAMMA_HAMMA_R,0.761238556
806,23,2007,troll,61,58,7,3/3/07,3,9,Area023 (07) troll 61 58,0.07,SOOS_H,0.072009053
807,23,2007,troll,61,58,7,3/3/07,3,9,Area023 (07) troll 61 58,0.06,L_SKAGIT_R_FA,0.061722045
808,23,2007,troll,61,58,7,3/3/07,3,9,Area023 (07) troll 61 58,0.03,GROVERS_CR_H,0.030861023
809,23,2007,troll,61,58,7,3/3/07,3,9,Area023 (07) troll 61 58,0.03,SAMISH_H,0.030861023
810,23,2007,troll,61,58,7,3/3/07,3,9,Area023 (07) troll 61 58,0.02,VOIGHTS_H,0.020574015
811,23,2007,troll,61,58,7,3/3/07,3,9,Area023 (07) troll 61 58,0.01,GEORGE_ADAMS_H,0.010287008
812,23,2007,troll,61,58,7,3/3/07,3,9,Area023 (07) troll 61 58,0.004,CEDAR_R_SUFA,0.004114803
813,23,2007,troll,61,58,7,3/3/07,3,9,Area023 (07) troll 61 58,0.0037,SNOQUALMIE_R,0.003806193
814,23,2007,troll,61,58,7,3/3/07,3,9,Area023 (07) troll 61 58,0.0017,NF_SKOKOMISH_F,0.001748791
815,23,2007,troll,61,58,7,3/3/07,3,9,Area023 (07) troll 61 58,0.0012,WENATCHEE_R_SF,0.001234441
816,23,2007,troll,61,58,7,3/3/07,3,9,Area023 (07) troll 61 58,7.00E-04,CLEAR_CR_H,0.000720091
817,23,2007,troll,61,58,7,3/3/07,3,9,Area023 (07) troll 61 58,5.00E-04,SKYKOMISH_R,0.00051435
818,23,2007,troll,61,58,7,3/3/07,3,9,Area023 (07) troll 61 58,2.00E-04,WELLS_H,0.00020574
819,23,2007,troll,61,58,7,3/3/07,3,9,Area023 (07) troll 61 58,1.00E-04,CAPILANO,0.00010287
820,23,2007,troll,61,59,7,3/3/07,3,9,Area023 (07) troll 61 59,0.81,HARRISON,0.824931256
821,23,2007,troll,61,59,7,3/3/07,3,9,Area023 (07) troll 61 59,0.15,L_SKAGIT_R_FA,0.152765047
822,23,2007,troll,61,59,7,3/3/07,3,9,Area023 (07) troll 61 59,0.01,CHILLIWACK_F,0.010184336
823,23,2007,troll,61,59,7,3/3/07,3,9,Area023 (07) troll 61 59,0.0083,CEDAR_R_SUFA,0.008452999
824,23,2007,troll,61,59,7,3/3/07,3,9,Area023 (07) troll 61 59,0.0017,SAMISH_H,0.001731337
825,23,2007,troll,61,59,7,3/3/07,3,9,Area023 (07) troll 61 59,5.00E-04,GROVERS_CR_H,0.000509217
826,23,2007,troll,61,59,7,3/3/07,3,9,Area023 (07) troll 61 59,3.00E-04,SNOQUALMIE_R,0.00030553
827,23,2007,troll,61,59,7,3/3/07,3,9,Area023 (07) troll 61 59,3.00E-04,SOOS_H,0.00030553
828,23,2007,troll,61,59,7,3/3/07,3,9,Area023 (07) troll 61 59,2.00E-04,MARBLEMOUNT_HSP,0.000203687
829,23,2007,troll,61,59,7,3/3/07,3,9,Area023 (07) troll 61 59,2.00E-04,CAPILANO,0.000203687
830,23,2007,troll,61,59,7,3/3/07,3,9,Area023 (07) troll 61 59,1.00E-04,NF_NOOKSACK_H,0.000101843
831,23,2007,troll,61,59,7,3/3/07,3,9,Area023 (07) troll 61 59,1.00E-04,GEORGE_ADAMS_H,0.000101843
832,23,2007,troll,61,59,7,3/3/07,3,9,Area023 (07) troll 61 59,1.00E-04,U_SAUK_R_SPSU,0.000101843
833,23,2007,troll,61,59,7,3/3/07,3,9,Area023 (07) troll 61 59,1.00E-04,OTSI_CR,0.000101843
834,23,2007,troll,61,60,7,3/3/07,3,9,Area023 (07) troll 61 60,0.99,GROVERS_CR_H,0.996176293
835,23,2007,troll,61,60,7,3/3/07,3,9,Area023 (07) troll 61 60,0.0016,HAMMA_HAMMA_R,0.001609982
836,23,2007,troll,61,60,7,3/3/07,3,9,Area023 (07) troll 61 60,0.0011,CEDAR_R_SUFA,0.001106863
837,23,2007,troll,61,60,7,3/3/07,3,9,Area023 (07) troll 61 60,7.00E-04,SOOS_H,0.000704367
838,23,2007,troll,61,60,7,3/3/07,3,9,Area023 (07) troll 61 60,4.00E-04,VOIGHTS_H,0.000402495
839,23,2007,troll,61,61,7,3/3/07,3,9,Area023 (07) troll 61 61,0.93,SPRING_CR_COL,0.943491935
840,23,2007,troll,61,61,7,3/3/07,3,9,Area023 (07) troll 61 61,0.05,ELOCHOMAN_H,0.050725373
841,23,2007,troll,61,61,7,3/3/07,3,9,Area023 (07) troll 61 61,0.0051,ABERNATHY_NFH_F,0.005173988
842,23,2007,troll,61,61,7,3/3/07,3,9,Area023 (07) troll 61 61,6.00E-04,ABERNATHY_CR_FA,0.000608704
843,23,2007,troll,61,62,7,3/3/07,3,9,Area023 (07) troll 61 62,0.58,VOIGHTS_H,0.596401028
844,23,2007,troll,61,62,7,3/3/07,3,9,Area023 (07) troll 61 62,0.22,CEDAR_R_SUFA,0.22622108
845,23,2007,troll,61,62,7,3/3/07,3,9,Area023 (07) troll 61 62,0.13,SOOS_H,0.133676093
846,23,2007,troll,61,62,7,3/3/07,3,9,Area023 (07) troll 61 62,0.02,SAMISH_H,0.020565553
847,23,2007,troll,61,62,7,3/3/07,3,9,Area023 (07) troll 61 62,0.01,GROVERS_CR_H,0.010282776
848,23,2007,troll,61,62,7,3/3/07,3,9,Area023 (07) troll 61 62,0.0082,HAMMA_HAMMA_R,0.008431877
849,23,2007,troll,61,62,7,3/3/07,3,9,Area023 (07) troll 61 62,0.0017,SNOQUALMIE_R,0.001748072
850,23,2007,troll,61,62,7,3/3/07,3,9,Area023 (07) troll 61 62,0.001,GEORGE_ADAMS_H,0.001028278
851,23,2007,troll,61,62,7,3/3/07,3,9,Area023 (07) troll 61 62,8.00E-04,L_SKAGIT_R_FA,0.000822622
852,23,2007,troll,61,62,7,3/3/07,3,9,Area023 (07) troll 61 62,6.00E-04,BEAR_CR_SUFA,0.000616967
853,23,2007,troll,61,62,7,3/3/07,3,9,Area023 (07) troll 61 62,1.00E-04,CLEAR_CR_H,0.000102828
854,23,2007,troll,61,62,7,3/3/07,3,9,Area023 (07) troll 61 62,1.00E-04,S_PRAIRIE_CR,0.000102828
855,23,2007,troll,61,63,7,3/3/07,3,9,Area023 (07) troll 61 63,0.64,MARBLEMOUNT_HSP,0.649812164
856,23,2007,troll,61,63,7,3/3/07,3,9,Area023 (07) troll 61 63,0.19,CEDAR_R_SUFA,0.192912986
857,23,2007,troll,61,63,7,3/3/07,3,9,Area023 (07) troll 61 63,0.09,SNOQUALMIE_R,0.091379836
858,23,2007,troll,61,63,7,3/3/07,3,9,Area023 (07) troll 61 63,0.05,L_SKAGIT_R_FA,0.050766575
859,23,2007,troll,61,63,7,3/3/07,3,9,Area023 (07) troll 61 63,0.01,HAMMA_HAMMA_R,0.010153315
860,23,2007,troll,61,63,7,3/3/07,3,9,Area023 (07) troll 61 63,0.0018,GROVERS_CR_H,0.001827597
861,23,2007,troll,61,63,7,3/3/07,3,9,Area023 (07) troll 61 63,0.0011,SOOS_H,0.001116865
862,23,2007,troll,61,63,7,3/3/07,3,9,Area023 (07) troll 61 63,5.00E-04,VOIGHTS_H,0.000507666
863,23,2007,troll,61,63,7,3/3/07,3,9,Area023 (07) troll 61 63,4.00E-04,NF_NOOKSACK_H,0.000406133
864,23,2007,troll,61,63,7,3/3/07,3,9,Area023 (07) troll 61 63,3.00E-04,U_SAUK_R_SPSU,0.000304599
865,23,2007,troll,61,63,7,3/3/07,3,9,Area023 (07) troll 61 63,2.00E-04,SKAGIT_R,0.000203066
866,23,2007,troll,61,63,7,3/3/07,3,9,Area023 (07) troll 61 63,2.00E-04,SAMISH_H,0.000203066
867,23,2007,troll,61,63,7,3/3/07,3,9,Area023 (07) troll 61 63,2.00E-04,U_SAUK_R,0.000203066
868,23,2007,troll,61,63,7,3/3/07,3,9,Area023 (07) troll 61 63,1.00E-04,COLUMBIA_ROGUE,0.000101533
869,23,2007,troll,61,63,7,3/3/07,3,9,Area023 (07) troll 61 63,1.00E-04,SKYKOMISH_R,0.000101533
870,23,2007,troll,61,64,7,3/3/07,3,9,Area023 (07) troll 61 64,0.84,VOIGHTS_H,0.863486842
871,23,2007,troll,61,64,7,3/3/07,3,9,Area023 (07) troll 61 64,0.04,SAMISH_H,0.041118421
872,23,2007,troll,61,64,7,3/3/07,3,9,Area023 (07) troll 61 64,0.04,SOOS_H,0.041118421
873,23,2007,troll,61,64,7,3/3/07,3,9,Area023 (07) troll 61 64,0.03,HAMMA_HAMMA_R,0.030838816
874,23,2007,troll,61,64,7,3/3/07,3,9,Area023 (07) troll 61 64,0.02,CEDAR_R_SUFA,0.020559211
875,23,2007,troll,61,64,7,3/3/07,3,9,Area023 (07) troll 61 64,0.0014,L_SKAGIT_R_FA,0.001439145
876,23,2007,troll,61,64,7,3/3/07,3,9,Area023 (07) troll 61 64,7.00E-04,GEORGE_ADAMS_H,0.000719572
877,23,2007,troll,61,64,7,3/3/07,3,9,Area023 (07) troll 61 64,3.00E-04,BEAR_CR_SUFA,0.000308388
878,23,2007,troll,61,64,7,3/3/07,3,9,Area023 (07) troll 61 64,2.00E-04,CLEAR_CR_H,0.000205592
879,23,2007,troll,61,64,7,3/3/07,3,9,Area023 (07) troll 61 64,1.00E-04,SNOQUALMIE_R,0.000102796
880,23,2007,troll,61,64,7,3/3/07,3,9,Area023 (07) troll 61 64,1.00E-04,S_PRAIRIE_CR,0.000102796
881,23,2007,troll,61,65,7,3/3/07,3,9,Area023 (07) troll 61 65,0.23,L_SKAGIT_R_FA,0.238440804
882,23,2007,troll,61,65,7,3/3/07,3,9,Area023 (07) troll 61 65,0.21,VOIGHTS_H,0.217706821
883,23,2007,troll,61,65,7,3/3/07,3,9,Area023 (07) troll 61 65,0.14,SNOQUALMIE_R,0.145137881
884,23,2007,troll,61,65,7,3/3/07,3,9,Area023 (07) troll 61 65,0.12,SAMISH_H,0.124403898
885,23,2007,troll,61,65,7,3/3/07,3,9,Area023 (07) troll 61 65,0.11,SOOS_H,0.114036906
886,23,2007,troll,61,65,7,3/3/07,3,9,Area023 (07) troll 61 65,0.09,CEDAR_R_SUFA,0.093302923
887,23,2007,troll,61,65,7,3/3/07,3,9,Area023 (07) troll 61 65,0.04,HAMMA_HAMMA_R,0.041467966
888,23,2007,troll,61,65,7,3/3/07,3,9,Area023 (07) troll 61 65,0.02,HARRISON,0.020733983
889,23,2007,troll,61,65,7,3/3/07,3,9,Area023 (07) troll 61 65,0.0021,CLEAR_CR_H,0.002177068
890,23,2007,troll,61,65,7,3/3/07,3,9,Area023 (07) troll 61 65,0.0015,GROVERS_CR_H,0.001555049
891,23,2007,troll,61,65,7,3/3/07,3,9,Area023 (07) troll 61 65,4.00E-04,GEORGE_ADAMS_H,0.00041468
892,23,2007,troll,61,65,7,3/3/07,3,9,Area023 (07) troll 61 65,2.00E-04,BEAR_CR_SUFA,0.00020734
893,23,2007,troll,61,65,7,3/3/07,3,9,Area023 (07) troll 61 65,1.00E-04,UW_H_SUFA,0.00010367
894,23,2007,troll,61,65,7,3/3/07,3,9,Area023 (07) troll 61 65,1.00E-04,S_PRAIRIE_CR,0.00010367
895,23,2007,troll,61,65,7,3/3/07,3,9,Area023 (07) troll 61 65,1.00E-04,CAPILANO,0.00010367
896,23,2007,troll,61,65,7,3/3/07,3,9,Area023 (07) troll 61 65,1.00E-04,SKYKOMISH_R,0.00010367
897,23,2007,troll,61,66,7,3/3/07,3,9,Area023 (07) troll 61 66,0.99,N_SANTIAM_H,0.999697061
898,23,2007,troll,61,66,7,3/3/07,3,9,Area023 (07) troll 61 66,3.00E-04,MCKENZIE_H,0.000302939
899,23,2007,troll,61,67,7,3/3/07,3,9,Area023 (07) troll 61 67,0.28,SAMISH_H,0.286269298
900,23,2007,troll,61,67,7,3/3/07,3,9,Area023 (07) troll 61 67,0.24,HAMMA_HAMMA_R,0.245373684
901,23,2007,troll,61,67,7,3/3/07,3,9,Area023 (07) troll 61 67,0.21,GROVERS_CR_H,0.214701973
902,23,2007,troll,61,67,7,3/3/07,3,9,Area023 (07) troll 61 67,0.14,CEDAR_R_SUFA,0.143134649
903,23,2007,troll,61,67,7,3/3/07,3,9,Area023 (07) troll 61 67,0.06,SOOS_H,0.061343421
904,23,2007,troll,61,67,7,3/3/07,3,9,Area023 (07) troll 61 67,0.02,SNOQUALMIE_R,0.020447807
905,23,2007,troll,61,67,7,3/3/07,3,9,Area023 (07) troll 61 67,0.01,VOIGHTS_H,0.010223903
906,23,2007,troll,61,67,7,3/3/07,3,9,Area023 (07) troll 61 67,0.009,HARRISON,0.009201513
907,23,2007,troll,61,67,7,3/3/07,3,9,Area023 (07) troll 61 67,0.0031,CLEAR_CR_H,0.00316941
908,23,2007,troll,61,67,7,3/3/07,3,9,Area023 (07) troll 61 67,0.0028,GEORGE_ADAMS_H,0.002862693
909,23,2007,troll,61,67,7,3/3/07,3,9,Area023 (07) troll 61 67,0.0026,L_SKAGIT_R_FA,0.002658215
910,23,2007,troll,61,67,7,3/3/07,3,9,Area023 (07) troll 61 67,3.00E-04,ASHLULM,0.000306717
911,23,2007,troll,61,67,7,3/3/07,3,9,Area023 (07) troll 61 67,1.00E-04,MARBLEMOUNT_HSP,0.000102239
912,23,2007,troll,61,67,7,3/3/07,3,9,Area023 (07) troll 61 67,1.00E-04,SKAGIT_R,0.000102239
913,23,2007,troll,61,67,7,3/3/07,3,9,Area023 (07) troll 61 67,1.00E-04,NF_SKOKOMISH_F,0.000102239
914,23,2007,troll,61,68,7,3/3/07,3,9,Area023 (07) troll 61 68,0.63,GROVERS_CR_H,0.641547862
915,23,2007,troll,61,68,7,3/3/07,3,9,Area023 (07) troll 61 68,0.18,CEDAR_R_SUFA,0.183299389
916,23,2007,troll,61,68,7,3/3/07,3,9,Area023 (07) troll 61 68,0.13,VOIGHTS_H,0.132382892
917,23,2007,troll,61,68,7,3/3/07,3,9,Area023 (07) troll 61 68,0.03,HAMMA_HAMMA_R,0.030549898
918,23,2007,troll,61,68,7,3/3/07,3,9,Area023 (07) troll 61 68,0.0036,METHOW_R,0.003665988
919,23,2007,troll,61,68,7,3/3/07,3,9,Area023 (07) troll 61 68,0.0035,SOOS_H,0.003564155
920,23,2007,troll,61,68,7,3/3/07,3,9,Area023 (07) troll 61 68,0.0024,HARRISON,0.002443992
921,23,2007,troll,61,68,7,3/3/07,3,9,Area023 (07) troll 61 68,8.00E-04,NF_SKOKOMISH_F,0.000814664
922,23,2007,troll,61,68,7,3/3/07,3,9,Area023 (07) troll 61 68,7.00E-04,L_THOMPSON,0.000712831
923,23,2007,troll,61,68,7,3/3/07,3,9,Area023 (07) troll 61 68,4.00E-04,PRIEST_RAPIDS_H,0.000407332
924,23,2007,troll,61,68,7,3/3/07,3,9,Area023 (07) troll 61 68,2.00E-04,SKYKOMISH_R,0.000203666
925,23,2007,troll,61,68,7,3/3/07,3,9,Area023 (07) troll 61 68,2.00E-04,WENATCHEE_R_SF,0.000203666
926,23,2007,troll,61,68,7,3/3/07,3,9,Area023 (07) troll 61 68,1.00E-04,L_SKAGIT_R_FA,0.000101833
927,23,2007,troll,61,68,7,3/3/07,3,9,Area023 (07) troll 61 68,1.00E-04,L_QUALICUM,0.000101833
928,23,2007,troll,61,69,7,3/3/07,3,9,Area023 (07) troll 61 69,0.56,VOIGHTS_H,0.576962703
929,23,2007,troll,61,69,7,3/3/07,3,9,Area023 (07) troll 61 69,0.18,CEDAR_R_SUFA,0.185452298
930,23,2007,troll,61,69,7,3/3/07,3,9,Area023 (07) troll 61 69,0.1,SAMISH_H,0.103029054
931,23,2007,troll,61,69,7,3/3/07,3,9,Area023 (07) troll 61 69,0.09,SOOS_H,0.092726149
932,23,2007,troll,61,69,7,3/3/07,3,9,Area023 (07) troll 61 69,0.03,HAMMA_HAMMA_R,0.030908716
933,23,2007,troll,61,69,7,3/3/07,3,9,Area023 (07) troll 61 69,0.01,L_SKAGIT_R_FA,0.010302905
934,23,2007,troll,61,69,7,3/3/07,3,9,Area023 (07) troll 61 69,4.00E-04,NF_SKOKOMISH_F,0.000412116
935,23,2007,troll,61,69,7,3/3/07,3,9,Area023 (07) troll 61 69,1.00E-04,BEAR_CR_SUFA,0.000103029
936,23,2007,troll,61,69,7,3/3/07,3,9,Area023 (07) troll 61 69,1.00E-04,CLEAR_CR_H,0.000103029
937,23,2007,troll,61,70,7,3/3/07,3,9,Area023 (07) troll 61 70,0.39,CEDAR_R_SUFA,0.400246305
938,23,2007,troll,61,70,7,3/3/07,3,9,Area023 (07) troll 61 70,0.22,VOIGHTS_H,0.225779967
939,23,2007,troll,61,70,7,3/3/07,3,9,Area023 (07) troll 61 70,0.18,HAMMA_HAMMA_R,0.184729064
940,23,2007,troll,61,70,7,3/3/07,3,9,Area023 (07) troll 61 70,0.14,SAMISH_H,0.143678161
941,23,2007,troll,61,70,7,3/3/07,3,9,Area023 (07) troll 61 70,0.04,SOOS_H,0.041050903
942,23,2007,troll,61,70,7,3/3/07,3,9,Area023 (07) troll 61 70,0.0019,BEAR_CR_SUFA,0.001949918
943,23,2007,troll,61,70,7,3/3/07,3,9,Area023 (07) troll 61 70,0.001,GROVERS_CR_H,0.001026273
944,23,2007,troll,61,70,7,3/3/07,3,9,Area023 (07) troll 61 70,6.00E-04,GEORGE_ADAMS_H,0.000615764
945,23,2007,troll,61,70,7,3/3/07,3,9,Area023 (07) troll 61 70,4.00E-04,NF_SKOKOMISH_F,0.000410509
946,23,2007,troll,61,70,7,3/3/07,3,9,Area023 (07) troll 61 70,3.00E-04,SNOQUALMIE_R,0.000307882
947,23,2007,troll,61,70,7,3/3/07,3,9,Area023 (07) troll 61 70,2.00E-04,S_PRAIRIE_CR,0.000205255
948,23,2007,troll,61,71,7,3/3/07,3,9,Area023 (07) troll 61 71,0.49,L_SKAGIT_R_FA,0.502203546
949,23,2007,troll,61,71,7,3/3/07,3,9,Area023 (07) troll 61 71,0.25,HAMMA_HAMMA_R,0.256226299
950,23,2007,troll,61,71,7,3/3/07,3,9,Area023 (07) troll 61 71,0.15,CEDAR_R_SUFA,0.153735779
951,23,2007,troll,61,71,7,3/3/07,3,9,Area023 (07) troll 61 71,0.07,SAMISH_H,0.071743364
952,23,2007,troll,61,71,7,3/3/07,3,9,Area023 (07) troll 61 71,0.01,SNOQUALMIE_R,0.010249052
953,23,2007,troll,61,71,7,3/3/07,3,9,Area023 (07) troll 61 71,0.002,GROVERS_CR_H,0.00204981
954,23,2007,troll,61,71,7,3/3/07,3,9,Area023 (07) troll 61 71,0.0014,SKYKOMISH_R,0.001434867
955,23,2007,troll,61,71,7,3/3/07,3,9,Area023 (07) troll 61 71,0.0013,SOOS_H,0.001332377
956,23,2007,troll,61,71,7,3/3/07,3,9,Area023 (07) troll 61 71,6.00E-04,GEORGE_ADAMS_H,0.000614943
957,23,2007,troll,61,71,7,3/3/07,3,9,Area023 (07) troll 61 71,3.00E-04,VOIGHTS_H,0.000307472
958,23,2007,troll,61,71,7,3/3/07,3,9,Area023 (07) troll 61 71,1.00E-04,BEAR_CR_SUFA,0.000102491
959,23,2007,troll,61,72,7,3/3/07,3,9,Area023 (07) troll 61 72,0.5,GROVERS_CR_H,0.51429747
960,23,2007,troll,61,72,7,3/3/07,3,9,Area023 (07) troll 61 72,0.36,L_SKAGIT_R_FA,0.370294178
961,23,2007,troll,61,72,7,3/3/07,3,9,Area023 (07) troll 61 72,0.08,SNOQUALMIE_R,0.082287595
962,23,2007,troll,61,72,7,3/3/07,3,9,Area023 (07) troll 61 72,0.02,CEDAR_R_SUFA,0.020571899
963,23,2007,troll,61,72,7,3/3/07,3,9,Area023 (07) troll 61 72,0.0049,HAMMA_HAMMA_R,0.005040115
964,23,2007,troll,61,72,7,3/3/07,3,9,Area023 (07) troll 61 72,0.0044,VOIGHTS_H,0.004525818
965,23,2007,troll,61,72,7,3/3/07,3,9,Area023 (07) troll 61 72,6.00E-04,U_SAUK_R_SPSU,0.000617157
966,23,2007,troll,61,72,7,3/3/07,3,9,Area023 (07) troll 61 72,4.00E-04,BEAR_CR_SUFA,0.000411438
967,23,2007,troll,61,72,7,3/3/07,3,9,Area023 (07) troll 61 72,4.00E-04,SKYKOMISH_R,0.000411438
968,23,2007,troll,61,72,7,3/3/07,3,9,Area023 (07) troll 61 72,4.00E-04,GEORGE_ADAMS_H,0.000411438
969,23,2007,troll,61,72,7,3/3/07,3,9,Area023 (07) troll 61 72,3.00E-04,HARRISON,0.000308578
970,23,2007,troll,61,72,7,3/3/07,3,9,Area023 (07) troll 61 72,3.00E-04,SAMISH_H,0.000308578
971,23,2007,troll,61,72,7,3/3/07,3,9,Area023 (07) troll 61 72,2.00E-04,SOOS_H,0.000205719
972,23,2007,troll,61,72,7,3/3/07,3,9,Area023 (07) troll 61 72,2.00E-04,CLEAR_CR_H,0.000205719
973,23,2007,troll,61,72,7,3/3/07,3,9,Area023 (07) troll 61 72,1.00E-04,SKAGIT_R,0.000102859
974,23,2007,troll,61,73,7,3/3/07,3,9,Area023 (07) troll 61 73,0.48,ELOCHOMAN_H,0.488301119
975,23,2007,troll,61,73,7,3/3/07,3,9,Area023 (07) troll 61 73,0.43,LEWIS_R_F,0.437436419
976,23,2007,troll,61,73,7,3/3/07,3,9,Area023 (07) troll 61 73,0.03,SPRING_CR_COL,0.03051882
977,23,2007,troll,61,73,7,3/3/07,3,9,Area023 (07) troll 61 73,0.02,ABERNATHY_CR_FA,0.02034588
978,23,2007,troll,61,73,7,3/3/07,3,9,Area023 (07) troll 61 73,0.0096,COWLITZ_H_FA,0.009766022
979,23,2007,troll,61,73,7,3/3/07,3,9,Area023 (07) troll 61 73,0.0039,WASHOUGAL_R_FA,0.003967447
980,23,2007,troll,61,73,7,3/3/07,3,9,Area023 (07) troll 61 73,0.0035,PRIEST_RAPID_H,0.003560529
981,23,2007,troll,61,73,7,3/3/07,3,9,Area023 (07) troll 61 73,0.0026,ABERNATHY_NFH_F,0.002644964
982,23,2007,troll,61,73,7,3/3/07,3,9,Area023 (07) troll 61 73,0.0025,WELLS_H,0.002543235
983,23,2007,troll,61,73,7,3/3/07,3,9,Area023 (07) troll 61 73,3.00E-04,N_SANTIAM_H,0.000305188
984,23,2007,troll,61,73,7,3/3/07,3,9,Area023 (07) troll 61 73,2.00E-04,UMATILLA_H,0.000203459
985,23,2007,troll,61,73,7,3/3/07,3,9,Area023 (07) troll 61 73,2.00E-04,METHOW_R,0.000203459
986,23,2007,troll,61,73,7,3/3/07,3,9,Area023 (07) troll 61 73,1.00E-04,HANFORD_REACH,0.000101729
987,23,2007,troll,61,73,7,3/3/07,3,9,Area023 (07) troll 61 73,1.00E-04,PRIEST_RAPIDS_H,0.000101729
988,23,2007,troll,61,74,7,3/3/07,3,9,Area023 (07) troll 61 74,0.99,NF_NOOKSACK_H,0.999192572
989,23,2007,troll,61,74,7,3/3/07,3,9,Area023 (07) troll 61 74,3.00E-04,CEDAR_R_SUFA,0.000302786
990,23,2007,troll,61,74,7,3/3/07,3,9,Area023 (07) troll 61 74,2.00E-04,L_SKAGIT_R_FA,0.000201857
991,23,2007,troll,61,74,7,3/3/07,3,9,Area023 (07) troll 61 74,1.00E-04,SNOQUALMIE_R,0.000100929
992,23,2007,troll,61,74,7,3/3/07,3,9,Area023 (07) troll 61 74,1.00E-04,HAMMA_HAMMA_R,0.000100929
993,23,2007,troll,61,74,7,3/3/07,3,9,Area023 (07) troll 61 74,1.00E-04,SKAGIT_R,0.000100929
994,23,2007,troll,61,75,7,3/3/07,3,9,Area023 (07) troll 61 75,0.51,HAMMA_HAMMA_R,0.528387899
995,23,2007,troll,61,75,7,3/3/07,3,9,Area023 (07) troll 61 75,0.21,SOOS_H,0.217571488
996,23,2007,troll,61,75,7,3/3/07,3,9,Area023 (07) troll 61 75,0.18,SAMISH_H,0.186489847
997,23,2007,troll,61,75,7,3/3/07,3,9,Area023 (07) troll 61 75,0.04,L_SKAGIT_R_FA,0.041442188
998,23,2007,troll,61,75,7,3/3/07,3,9,Area023 (07) troll 61 75,0.01,GROVERS_CR_H,0.010360547
999,23,2007,troll,61,75,7,3/3/07,3,9,Area023 (07) troll 61 75,0.0058,CEDAR_R_SUFA,0.006009117
1000,23,2007,troll,61,75,7,3/3/07,3,9,Area023 (07) troll 61 75,0.0053,GEORGE_ADAMS_H,0.00549109