"","statArea","year","month","week","weeklyCatch","weeklyEffort"
"1",23,2007,1,1,74,4
"2",23,2007,1,2,98,9
"3",23,2007,1,3,98,15
"4",23,2007,1,4,32,4
"5",23,2007,1,5,67,6
"6",23,2007,2,5,105,7
"7",23,2007,2,6,239,24
"8",23,2007,2,7,30,4
"9",23,2007,2,8,119,12
"10",23,2007,2,9,81,8
"11",23,2007,3,9,43,10
"12",23,2007,3,10,49,7
"13",23,2007,3,11,58,2
"14",23,2007,3,12,288,24
"15",23,2007,3,13,368,30
"16",23,2007,4,13,42,6
"17",23,2007,4,14,41,5
"18",23,2007,4,15,91,19
"19",23,2007,4,16,22,6
"20",23,2007,4,17,1,1
"21",23,2007,4,18,8,1
"22",23,2007,5,18,34,3
"23",23,2007,5,19,216,19
"24",23,2007,5,20,5,2
"25",23,2007,5,21,0,0
"26",23,2007,5,22,0,0
"27",23,2007,6,22,0,0
"28",23,2007,6,23,384,12
"29",23,2007,6,24,57,3
"30",23,2007,6,25,137,5
"31",23,2008,1,3,144,11
"32",23,2008,1,4,37,7
"33",23,2008,1,5,12,4
"34",23,2008,2,5,47,7
"35",23,2008,2,6,16,4
"36",23,2008,2,7,71,5
"37",23,2008,2,8,22,4
"38",23,2008,2,9,62,3
"39",23,2008,3,9,2,1
"40",23,2008,4,16,1,3
"41",23,2008,4,17,9,5
"42",23,2008,4,18,0,0
"43",23,2008,5,18,1,3
"44",23,2008,5,19,13,4
"45",23,2008,5,20,14,2
"46",23,2008,5,21,4,1
"47",23,2008,5,22,0,0
"48",23,2008,6,22,0,0
"49",23,2008,6,23,187,7
"50",23,2008,6,24,123,7
"51",23,2008,12,49,7,1
"52",23,2009,1,1,12,4
"53",23,2009,1,2,173,21
"54",23,2009,1,3,60,15
"55",23,2009,1,4,58,13
"56",23,2009,1,5,1,2
"57",23,2009,2,5,14,3
"58",23,2009,2,6,22,5
"59",23,2009,2,7,0,0
"60",23,2009,2,8,2,1
"61",23,2009,2,9,2,1
"62",23,2009,3,9,0,0
"63",23,2009,3,10,14,3
"64",23,2009,3,11,53,15
"65",23,2009,4,16,83,8
"66",23,2009,4,17,90,17
"67",23,2009,4,18,58,4
"68",23,2009,5,18,73,8
"69",23,2009,5,19,16,3
"70",23,2009,5,20,18,2
"71",23,2009,5,21,29,3
"72",23,2010,4,16,239,16
"73",23,2010,4,17,165,22
"74",23,2010,4,18,8,4
"75",23,2010,5,18,72,8
"76",23,2010,5,19,42,5
"77",23,2010,5,20,12,1
"78",23,2010,5,21,9,1
"79",23,2010,6,22,146,3
"80",23,2010,6,23,122,7
"81",23,2011,1,1,0,0
"82",23,2011,2,8,156,11
"83",23,2011,2,9,10,4
"84",23,2011,3,9,8,2
"85",23,2011,3,10,45,9
"86",23,2011,3,11,34,5
"87",23,2011,4,16,163,13
"88",23,2011,4,17,130,6
"89",23,2011,5,18,98,10
"90",23,2011,5,19,96,5
"91",23,2011,5,20,100,6
"92",23,2011,6,23,0,0
"93",23,2011,6,24,0,0
"94",23,2011,11,46,0,1
"95",23,2011,11,47,0,0
"96",23,2011,11,48,0,1
"97",23,2011,12,48,0,0
"98",23,2011,12,49,40,6
"99",23,2011,12,50,10,5
"100",23,2011,12,51,9,4
"101",23,2011,12,52,0,0
"102",23,2011,12,53,0,0
"103",23,2012,1,1,0,1
"104",23,2012,1,2,33,6
"105",23,2012,1,3,8,4
"106",23,2012,1,4,0,0
"107",23,2012,1,5,0,0
"108",23,2012,2,5,2,1
"109",23,2012,2,6,60,7
"110",23,2012,2,7,30,3
"111",23,2012,2,8,40,6
"112",23,2012,2,9,19,3
"113",23,2012,3,9,13,2
"114",23,2012,3,10,32,5
"115",23,2012,3,11,1,1
"116",23,2012,4,16,89,8
"117",23,2012,4,17,250,16
"118",23,2012,5,18,8,4
"119",23,2012,5,19,3,1
"120",23,2012,5,20,16,4
"121",23,2012,11,47,35,3
"122",23,2012,11,48,90,10
"123",23,2012,12,48,15,2
"124",23,2012,12,49,78,6
"125",23,2012,12,50,38,5
"126",23,2012,12,51,73,4
"127",23,2012,12,52,1,1
"128",23,2012,12,53,0,0
"129",23,2013,1,1,20,7
"130",23,2013,1,2,51,7
"131",23,2013,1,3,69,9
"132",23,2013,1,4,52,8
"133",23,2013,1,5,24,4
"134",23,2013,2,5,5,2
"135",23,2013,2,6,0,1
"136",23,2013,2,7,11,3
"137",23,2013,2,8,0,0
"138",23,2013,2,9,0,0
"139",23,2013,3,9,0,0
"140",23,2013,3,10,47,9
"141",23,2013,3,11,4,2
"142",23,2013,4,17,141,13
"143",23,2013,4,18,0,0
"144",23,2013,5,18,105,14
"145",23,2013,5,19,1,1
"146",23,2013,5,20,35,2
"147",23,2013,11,45,0,1
"148",23,2013,11,46,0,1
"149",23,2013,11,47,0,2
"150",23,2013,11,48,0,2
"151",23,2013,12,48,0,0
"152",23,2013,12,49,0,2
"153",23,2013,12,50,0,1
"154",23,2013,12,51,16,4
"155",23,2013,12,52,0,0
"156",23,2013,12,53,1,1
"157",23,2014,1,1,8,3
"158",23,2014,1,2,17,2
"159",23,2014,1,3,18,6
"160",23,2014,1,4,6,4
"161",23,2014,1,5,0,0
"162",23,2014,2,5,0,0
"163",23,2014,2,6,0,0
"164",23,2014,2,7,2,1
"165",23,2014,2,8,0,0
"166",23,2014,2,9,0,0
"167",23,2014,3,9,5,1
"168",23,2014,3,10,174,10
"169",23,2014,3,11,126,13
"170",23,2014,4,16,9,1
"171",23,2014,4,17,50,4
"172",23,2014,4,18,18,6
"173",23,2014,5,18,18,4
"174",23,2014,5,19,6,1
"175",23,2014,5,20,17,1
"176",23,2014,5,21,70,5
"177",23,2014,5,22,60,2
"178",23,2014,11,45,0,1
"179",23,2014,11,46,0,0
"180",23,2014,11,47,14,3
"181",23,2014,11,48,0,0
"182",23,2014,12,48,0,0
"183",23,2014,12,49,0,0
"184",23,2014,12,50,0,0
"185",23,2014,12,51,0,0
"186",23,2014,12,52,0,0
"187",23,2014,12,53,0,0
"188",23,2015,1,1,42,5
"189",23,2015,1,2,0,0
"190",23,2015,1,3,0,0
"191",23,2015,1,4,0,0
"192",23,2015,1,5,77,6
"193",23,2015,2,5,1,1
"194",23,2015,2,6,0,0
"195",23,2015,2,7,13,3
"196",23,2015,2,8,140,8
"197",23,2015,2,9,18,1
"198",23,2015,3,9,113,7
"199",23,2015,3,10,53,7
"200",23,2015,3,11,213,15
"201",23,2015,4,16,38,2
"202",23,2015,4,17,0,0
"203",23,2015,4,18,0,0
"204",23,2015,5,18,203,9
"205",23,2015,5,19,323,32
"206",23,2015,5,20,355,33
"207",23,2015,5,21,139,18
"208",23,2015,5,22,35,4
"209",23,2015,6,22,0,0
"210",23,2015,11,44,0,0
"211",23,2015,11,45,0,0
"212",23,2015,11,46,0,0
"213",23,2015,11,47,0,0
"214",23,2015,11,48,0,0
"215",23,2015,12,48,0,0
"216",23,2015,12,49,0,0
"217",23,2015,12,50,0,0
"218",23,2015,12,51,0,0
"219",23,2015,12,52,0,0
"220",23,2015,12,53,0,0
"221",24,2007,1,1,0,0
"222",24,2007,1,2,0,0
"223",24,2007,1,3,0,0
"224",24,2007,1,4,36,1
"225",24,2007,1,5,0,0
"226",24,2007,2,5,0,0
"227",24,2007,2,6,0,0
"228",24,2007,2,7,0,0
"229",24,2007,2,8,0,0
"230",24,2007,2,9,0,0
"231",24,2007,3,9,0,0
"232",24,2007,3,10,0,0
"233",24,2007,3,11,0,0
"234",24,2007,3,12,0,0
"235",24,2007,3,13,92,9
"236",24,2007,4,13,0,0
"237",24,2007,4,14,0,0
"238",24,2007,4,15,3,1
"239",24,2007,4,16,12,2
"240",24,2007,4,17,0,0
"241",24,2007,4,18,0,0
"242",24,2007,5,18,0,0
"243",24,2007,5,19,0,0
"244",24,2007,5,20,0,0
"245",24,2007,5,21,0,0
"246",24,2007,5,22,29,2
"247",24,2007,6,22,0,0
"248",24,2007,6,23,0,0
"249",24,2007,6,24,0,0
"250",24,2007,6,25,62,3
"251",24,2008,1,3,0,0
"252",24,2008,1,4,0,0
"253",24,2008,1,5,0,0
"254",24,2008,2,5,19,1
"255",24,2008,2,6,0,0
"256",24,2008,2,7,9,1
"257",24,2008,2,8,0,0
"258",24,2008,2,9,0,0
"259",24,2008,3,9,9,1
"260",24,2008,4,16,0,0
"261",24,2008,4,17,12,4
"262",24,2008,4,18,1,1
"263",24,2008,5,18,4,2
"264",24,2008,5,19,0,0
"265",24,2008,5,20,18,1
"266",24,2008,5,21,0,0
"267",24,2008,5,22,0,0
"268",24,2008,6,22,0,0
"269",24,2008,6,23,0,0
"270",24,2008,6,24,0,0
"271",24,2008,12,49,0,0
"272",24,2009,1,1,0,0
"273",24,2009,1,2,0,0
"274",24,2009,1,3,0,0
"275",24,2009,1,4,0,0
"276",24,2009,1,5,0,0
"277",24,2009,2,5,0,0
"278",24,2009,2,6,0,0
"279",24,2009,2,7,0,0
"280",24,2009,2,8,0,0
"281",24,2009,2,9,0,0
"282",24,2009,3,9,0,0
"283",24,2009,3,10,0,0
"284",24,2009,3,11,10,1
"285",24,2009,4,16,0,1
"286",24,2009,4,17,0,0
"287",24,2009,4,18,0,0
"288",24,2009,5,18,0,0
"289",24,2009,5,19,0,0
"290",24,2009,5,20,0,0
"291",24,2009,5,21,0,0
"292",24,2009,6,22,0,0
"293",24,2009,6,23,0,0
"294",24,2010,4,16,20,1
"295",24,2010,4,17,44,1
"296",24,2010,4,18,3,1
"297",24,2010,5,18,70,4
"298",24,2010,5,19,68,4
"299",24,2010,5,20,0,0
"300",24,2010,5,21,0,0
"301",24,2010,6,22,0,0
"302",24,2010,6,23,0,0
"303",24,2011,1,1,0,0
"304",24,2011,2,8,0,0
"305",24,2011,2,9,0,0
"306",24,2011,3,9,0,0
"307",24,2011,3,10,0,0
"308",24,2011,3,11,0,0
"309",24,2011,4,16,9,2
"310",24,2011,4,17,33,3
"311",24,2011,5,18,0,0
"312",24,2011,5,19,0,0
"313",24,2011,5,20,0,0
"314",24,2011,6,23,0,0
"315",24,2011,6,24,0,0
"316",24,2011,11,46,0,0
"317",24,2011,11,47,0,0
"318",24,2011,11,48,0,0
"319",24,2011,12,48,0,0
"320",24,2011,12,49,0,0
"321",24,2011,12,50,0,0
"322",24,2011,12,51,0,0
"323",24,2011,12,52,0,0
"324",24,2011,12,53,0,0
"325",24,2012,1,1,0,0
"326",24,2012,1,2,0,0
"327",24,2012,1,3,0,0
"328",24,2012,1,4,0,0
"329",24,2012,1,5,0,0
"330",24,2012,2,5,0,0
"331",24,2012,2,6,0,0
"332",24,2012,2,7,0,0
"333",24,2012,2,8,0,0
"334",24,2012,2,9,0,0
"335",24,2012,3,9,0,0
"336",24,2012,3,10,0,0
"337",24,2012,3,11,0,0
"338",24,2012,4,16,0,0
"339",24,2012,4,17,0,0
"340",24,2012,5,18,0,0
"341",24,2012,5,19,0,0
"342",24,2012,5,20,8,1
"343",24,2012,11,47,0,0
"344",24,2012,11,48,0,0
"345",24,2012,12,48,0,0
"346",24,2012,12,49,0,0
"347",24,2012,12,50,0,0
"348",24,2012,12,51,0,0
"349",24,2012,12,52,0,0
"350",24,2012,12,53,0,0
"351",24,2013,1,1,0,0
"352",24,2013,1,2,0,0
"353",24,2013,1,3,0,0
"354",24,2013,1,4,0,0
"355",24,2013,1,5,0,0
"356",24,2013,2,5,0,0
"357",24,2013,2,6,0,0
"358",24,2013,2,7,0,0
"359",24,2013,2,8,0,0
"360",24,2013,2,9,0,0
"361",24,2013,3,9,0,0
"362",24,2013,3,10,0,0
"363",24,2013,3,11,0,0
"364",24,2013,4,17,0,0
"365",24,2013,4,18,0,0
"366",24,2013,5,18,0,0
"367",24,2013,5,19,3,1
"368",24,2013,5,20,0,0
"369",24,2013,11,45,0,0
"370",24,2013,11,46,0,0
"371",24,2013,11,47,0,0
"372",24,2013,11,48,0,0
"373",24,2013,12,48,0,0
"374",24,2013,12,49,0,0
"375",24,2013,12,50,0,0
"376",24,2013,12,51,0,0
"377",24,2013,12,52,0,0
"378",24,2013,12,53,0,0
"379",24,2014,1,1,0,0
"380",24,2014,1,2,0,0
"381",24,2014,1,3,0,0
"382",24,2014,1,4,0,0
"383",24,2014,1,5,0,0
"384",24,2014,2,5,0,0
"385",24,2014,2,6,0,0
"386",24,2014,2,7,0,0
"387",24,2014,2,8,0,0
"388",24,2014,2,9,0,0
"389",24,2014,3,9,0,0
"390",24,2014,3,10,0,0
"391",24,2014,3,11,0,0
"392",24,2014,4,16,0,0
"393",24,2014,4,17,0,0
"394",24,2014,4,18,0,0
"395",24,2014,5,18,0,0
"396",24,2014,5,19,0,0
"397",24,2014,5,20,0,0
"398",24,2014,5,21,0,0
"399",24,2014,5,22,0,0
"400",24,2014,11,45,0,0
"401",24,2014,11,46,0,0
"402",24,2014,11,47,0,0
"403",24,2014,11,48,0,0
"404",24,2014,12,48,0,0
"405",24,2014,12,49,0,0
"406",24,2014,12,50,0,0
"407",24,2014,12,51,0,0
"408",24,2014,12,52,0,0
"409",24,2014,12,53,0,0
"410",24,2015,1,1,0,0
"411",24,2015,1,2,0,0
"412",24,2015,1,3,0,0
"413",24,2015,1,4,0,0
"414",24,2015,1,5,0,0
"415",24,2015,2,5,0,0
"416",24,2015,2,6,0,0
"417",24,2015,2,7,0,0
"418",24,2015,2,8,0,0
"419",24,2015,2,9,0,0
"420",24,2015,3,9,0,0
"421",24,2015,3,10,0,0
"422",24,2015,3,11,0,0
"423",24,2015,4,16,0,0
"424",24,2015,4,17,0,0
"425",24,2015,4,18,0,0
"426",24,2015,5,18,53,3
"427",24,2015,5,19,97,2
"428",24,2015,5,20,39,4
"429",24,2015,5,21,29,3
"430",24,2015,5,22,20,1
"431",24,2015,6,22,25,1
"432",24,2015,11,44,0,0
"433",24,2015,11,45,0,0
"434",24,2015,11,46,0,0
"435",24,2015,11,47,0,0
"436",24,2015,11,48,0,0
"437",24,2015,12,48,0,0
"438",24,2015,12,49,0,0
"439",24,2015,12,50,0,0
"440",24,2015,12,51,0,0
"441",24,2015,12,52,0,0
"442",24,2015,12,53,0,0
"443",25,2007,1,1,0,0
"444",25,2007,1,2,0,0
"445",25,2007,1,3,24,1
"446",25,2007,1,4,12,2
"447",25,2007,1,5,0,0
"448",25,2007,2,5,0,0
"449",25,2007,2,6,0,0
"450",25,2007,2,7,0,0
"451",25,2007,2,8,0,0
"452",25,2007,2,9,0,0
"453",25,2007,3,9,0,0
"454",25,2007,3,10,3,1
"455",25,2007,3,11,0,0
"456",25,2007,3,12,0,0
"457",25,2007,3,13,0,0
"458",25,2007,4,13,0,0
"459",25,2007,4,14,0,0
"460",25,2007,4,15,2,1
"461",25,2007,4,16,0,0
"462",25,2007,4,17,0,0
"463",25,2007,4,18,0,0
"464",25,2007,5,18,0,0
"465",25,2007,5,19,0,0
"466",25,2007,5,20,0,0
"467",25,2007,5,21,0,0
"468",25,2007,5,22,0,0
"469",25,2007,6,22,0,0
"470",25,2007,6,23,0,0
"471",25,2007,6,24,0,0
"472",25,2007,6,25,0,0
"473",25,2008,1,3,0,0
"474",25,2008,1,4,0,0
"475",25,2008,1,5,0,0
"476",25,2008,2,5,11,2
"477",25,2008,2,6,0,0
"478",25,2008,2,7,0,0
"479",25,2008,2,8,0,0
"480",25,2008,2,9,0,0
"481",25,2008,3,9,0,0
"482",25,2008,4,16,0,0
"483",25,2008,4,17,0,0
"484",25,2008,4,18,0,0
"485",25,2008,5,18,0,0
"486",25,2008,5,19,0,0
"487",25,2008,5,20,0,0
"488",25,2008,5,21,0,0
"489",25,2008,5,22,0,0
"490",25,2008,6,22,0,0
"491",25,2008,6,23,0,0
"492",25,2008,6,24,0,0
"493",25,2008,12,49,0,0
"494",25,2009,1,1,0,0
"495",25,2009,1,2,1,2
"496",25,2009,1,3,0,0
"497",25,2009,1,4,16,1
"498",25,2009,1,5,51,4
"499",25,2009,2,5,160,14
"500",25,2009,2,6,2,2
"501",25,2009,2,7,0,0
"502",25,2009,2,8,0,0
"503",25,2009,2,9,1,2
"504",25,2009,3,9,0,0
"505",25,2009,3,10,0,0
"506",25,2009,3,11,0,0
"507",25,2009,4,16,9,1
"508",25,2009,4,17,0,0
"509",25,2009,4,18,0,0
"510",25,2009,5,18,0,0
"511",25,2009,5,19,0,0
"512",25,2009,5,20,0,0
"513",25,2009,5,21,0,0
"514",25,2009,6,22,0,0
"515",25,2009,6,23,0,0
"516",25,2010,4,16,0,0
"517",25,2010,4,17,0,0
"518",25,2010,4,18,0,0
"519",25,2010,5,18,0,0
"520",25,2010,5,19,0,0
"521",25,2010,5,20,0,0
"522",25,2010,5,21,0,0
"523",25,2010,6,22,0,0
"524",25,2010,6,23,0,0
"525",25,2011,1,1,0,0
"526",25,2011,2,8,14,2
"527",25,2011,2,9,0,0
"528",25,2011,3,9,0,0
"529",25,2011,3,10,2,1
"530",25,2011,3,11,5,1
"531",25,2011,4,16,0,0
"532",25,2011,4,17,0,0
"533",25,2011,5,18,0,0
"534",25,2011,5,19,0,0
"535",25,2011,5,20,0,0
"536",25,2011,6,23,0,0
"537",25,2011,6,24,0,0
"538",25,2011,11,46,0,0
"539",25,2011,11,47,0,0
"540",25,2011,11,48,0,0
"541",25,2011,12,48,0,0
"542",25,2011,12,49,0,0
"543",25,2011,12,50,0,0
"544",25,2011,12,51,0,0
"545",25,2011,12,52,0,0
"546",25,2011,12,53,0,0
"547",25,2012,1,1,0,0
"548",25,2012,1,2,0,0
"549",25,2012,1,3,1,1
"550",25,2012,1,4,0,0
"551",25,2012,1,5,0,0
"552",25,2012,2,5,0,0
"553",25,2012,2,6,0,0
"554",25,2012,2,7,0,0
"555",25,2012,2,8,6,1
"556",25,2012,2,9,0,0
"557",25,2012,3,9,0,0
"558",25,2012,3,10,0,1
"559",25,2012,3,11,0,1
"560",25,2012,4,16,0,0
"561",25,2012,4,17,0,0
"562",25,2012,5,18,0,0
"563",25,2012,5,19,0,0
"564",25,2012,5,20,0,0
"565",25,2012,11,47,0,0
"566",25,2012,11,48,0,0
"567",25,2012,12,48,0,0
"568",25,2012,12,49,0,0
"569",25,2012,12,50,0,0
"570",25,2012,12,51,0,0
"571",25,2012,12,52,0,0
"572",25,2012,12,53,0,0
"573",25,2013,1,1,0,0
"574",25,2013,1,2,0,0
"575",25,2013,1,3,0,0
"576",25,2013,1,4,0,0
"577",25,2013,1,5,0,0
"578",25,2013,2,5,0,0
"579",25,2013,2,6,0,0
"580",25,2013,2,7,0,0
"581",25,2013,2,8,0,0
"582",25,2013,2,9,0,0
"583",25,2013,3,9,0,0
"584",25,2013,3,10,0,0
"585",25,2013,3,11,0,0
"586",25,2013,4,17,0,0
"587",25,2013,4,18,0,0
"588",25,2013,5,18,0,0
"589",25,2013,5,19,0,0
"590",25,2013,5,20,0,0
"591",25,2013,11,45,0,0
"592",25,2013,11,46,0,0
"593",25,2013,11,47,0,0
"594",25,2013,11,48,0,0
"595",25,2013,12,48,0,0
"596",25,2013,12,49,0,0
"597",25,2013,12,50,0,0
"598",25,2013,12,51,0,0
"599",25,2013,12,52,0,0
"600",25,2013,12,53,0,0
"601",25,2014,1,1,0,0
"602",25,2014,1,2,0,0
"603",25,2014,1,3,0,0
"604",25,2014,1,4,0,0
"605",25,2014,1,5,0,0
"606",25,2014,2,5,0,0
"607",25,2014,2,6,0,0
"608",25,2014,2,7,0,0
"609",25,2014,2,8,0,0
"610",25,2014,2,9,0,0
"611",25,2014,3,9,0,0
"612",25,2014,3,10,0,0
"613",25,2014,3,11,0,0
"614",25,2014,4,16,30,1
"615",25,2014,4,17,0,0
"616",25,2014,4,18,0,0
"617",25,2014,5,18,0,0
"618",25,2014,5,19,0,0
"619",25,2014,5,20,0,0
"620",25,2014,5,21,0,0
"621",25,2014,5,22,0,0
"622",25,2014,11,45,0,0
"623",25,2014,11,46,0,0
"624",25,2014,11,47,0,0
"625",25,2014,11,48,0,0
"626",25,2014,12,48,0,0
"627",25,2014,12,49,0,0
"628",25,2014,12,50,0,0
"629",25,2014,12,51,0,0
"630",25,2014,12,52,0,0
"631",25,2014,12,53,0,0
"632",25,2015,1,1,0,0
"633",25,2015,1,2,0,0
"634",25,2015,1,3,0,0
"635",25,2015,1,4,0,0
"636",25,2015,1,5,0,0
"637",25,2015,2,5,0,0
"638",25,2015,2,6,0,0
"639",25,2015,2,7,0,0
"640",25,2015,2,8,0,0
"641",25,2015,2,9,0,0
"642",25,2015,3,9,0,0
"643",25,2015,3,10,0,0
"644",25,2015,3,11,0,0
"645",25,2015,4,16,0,0
"646",25,2015,4,17,0,0
"647",25,2015,4,18,0,0
"648",25,2015,5,18,58,4
"649",25,2015,5,19,0,0
"650",25,2015,5,20,0,0
"651",25,2015,5,21,0,0
"652",25,2015,5,22,0,0
"653",25,2015,6,22,0,0
"654",25,2015,11,44,0,0
"655",25,2015,11,45,0,0
"656",25,2015,11,46,0,0
"657",25,2015,11,47,0,0
"658",25,2015,11,48,0,0
"659",25,2015,12,48,0,0
"660",25,2015,12,49,0,0
"661",25,2015,12,50,0,0
"662",25,2015,12,51,0,0
"663",25,2015,12,52,0,0
"664",25,2015,12,53,0,0
"665",26,2007,1,1,0,0
"666",26,2007,1,2,0,0
"667",26,2007,1,3,20,1
"668",26,2007,1,4,32,1
"669",26,2007,1,5,0,0
"670",26,2007,2,5,0,0
"671",26,2007,2,6,0,0
"672",26,2007,2,7,0,0
"673",26,2007,2,8,0,0
"674",26,2007,2,9,0,0
"675",26,2007,3,9,0,0
"676",26,2007,3,10,0,0
"677",26,2007,3,11,0,0
"678",26,2007,3,12,0,0
"679",26,2007,3,13,0,0
"680",26,2007,4,13,0,0
"681",26,2007,4,14,0,0
"682",26,2007,4,15,0,0
"683",26,2007,4,16,0,0
"684",26,2007,4,17,14,2
"685",26,2007,4,18,0,0
"686",26,2007,5,18,0,0
"687",26,2007,5,19,0,0
"688",26,2007,5,20,0,0
"689",26,2007,5,21,0,0
"690",26,2007,5,22,0,0
"691",26,2007,6,22,0,0
"692",26,2007,6,23,0,0
"693",26,2007,6,24,0,0
"694",26,2007,6,25,0,0
"695",26,2008,1,3,5,1
"696",26,2008,1,4,8,1
"697",26,2008,1,5,0,0
"698",26,2008,2,5,0,0
"699",26,2008,2,6,0,0
"700",26,2008,2,7,0,0
"701",26,2008,2,8,0,0
"702",26,2008,2,9,5,1
"703",26,2008,3,9,0,0
"704",26,2008,4,16,0,0
"705",26,2008,4,17,0,0
"706",26,2008,4,18,0,0
"707",26,2008,5,18,0,0
"708",26,2008,5,19,0,0
"709",26,2008,5,20,0,0
"710",26,2008,5,21,0,0
"711",26,2008,5,22,0,0
"712",26,2008,6,22,0,0
"713",26,2008,6,23,0,0
"714",26,2008,6,24,0,0
"715",26,2008,12,49,65,1
"716",26,2009,1,1,0,0
"717",26,2009,1,2,0,0
"718",26,2009,1,3,0,0
"719",26,2009,1,4,0,0
"720",26,2009,1,5,0,0
"721",26,2009,2,5,0,0
"722",26,2009,2,6,0,0
"723",26,2009,2,7,0,0
"724",26,2009,2,8,0,0
"725",26,2009,2,9,0,0
"726",26,2009,3,9,0,0
"727",26,2009,3,10,0,0
"728",26,2009,3,11,0,0
"729",26,2009,4,16,0,0
"730",26,2009,4,17,0,0
"731",26,2009,4,18,0,0
"732",26,2009,5,18,0,0
"733",26,2009,5,19,0,0
"734",26,2009,5,20,0,0
"735",26,2009,5,21,0,0
"736",26,2009,6,22,0,0
"737",26,2009,6,23,0,0
"738",26,2010,4,16,0,0
"739",26,2010,4,17,55,3
"740",26,2010,4,18,30,1
"741",26,2010,5,18,26,1
"742",26,2010,5,19,0,0
"743",26,2010,5,20,0,0
"744",26,2010,5,21,0,0
"745",26,2010,6,22,0,0
"746",26,2010,6,23,44,1
"747",26,2011,1,1,0,0
"748",26,2011,2,8,0,0
"749",26,2011,2,9,0,0
"750",26,2011,3,9,0,0
"751",26,2011,3,10,0,0
"752",26,2011,3,11,0,0
"753",26,2011,4,16,0,0
"754",26,2011,4,17,0,0
"755",26,2011,5,18,331,2
"756",26,2011,5,19,0,0
"757",26,2011,5,20,0,0
"758",26,2011,6,23,0,0
"759",26,2011,6,24,0,0
"760",26,2011,11,46,0,0
"761",26,2011,11,47,0,0
"762",26,2011,11,48,0,0
"763",26,2011,12,48,0,0
"764",26,2011,12,49,0,0
"765",26,2011,12,50,0,0
"766",26,2011,12,51,0,0
"767",26,2011,12,52,0,0
"768",26,2011,12,53,0,0
"769",26,2012,1,1,0,0
"770",26,2012,1,2,0,0
"771",26,2012,1,3,0,0
"772",26,2012,1,4,0,0
"773",26,2012,1,5,0,0
"774",26,2012,2,5,0,0
"775",26,2012,2,6,0,0
"776",26,2012,2,7,0,0
"777",26,2012,2,8,0,0
"778",26,2012,2,9,0,0
"779",26,2012,3,9,0,0
"780",26,2012,3,10,0,0
"781",26,2012,3,11,0,0
"782",26,2012,4,16,0,0
"783",26,2012,4,17,0,0
"784",26,2012,5,18,0,0
"785",26,2012,5,19,0,0
"786",26,2012,5,20,0,0
"787",26,2012,11,47,0,0
"788",26,2012,11,48,0,0
"789",26,2012,12,48,0,0
"790",26,2012,12,49,0,0
"791",26,2012,12,50,0,0
"792",26,2012,12,51,0,0
"793",26,2012,12,52,0,0
"794",26,2012,12,53,0,0
"795",26,2013,1,1,0,0
"796",26,2013,1,2,0,0
"797",26,2013,1,3,0,0
"798",26,2013,1,4,0,0
"799",26,2013,1,5,0,0
"800",26,2013,2,5,0,0
"801",26,2013,2,6,0,0
"802",26,2013,2,7,0,0
"803",26,2013,2,8,0,0
"804",26,2013,2,9,0,0
"805",26,2013,3,9,0,0
"806",26,2013,3,10,0,0
"807",26,2013,3,11,0,0
"808",26,2013,4,17,3,1
"809",26,2013,4,18,0,0
"810",26,2013,5,18,0,0
"811",26,2013,5,19,0,0
"812",26,2013,5,20,0,0
"813",26,2013,11,45,0,0
"814",26,2013,11,46,0,0
"815",26,2013,11,47,0,0
"816",26,2013,11,48,0,0
"817",26,2013,12,48,0,0
"818",26,2013,12,49,0,0
"819",26,2013,12,50,0,0
"820",26,2013,12,51,0,0
"821",26,2013,12,52,0,0
"822",26,2013,12,53,0,0
"823",26,2014,1,1,0,0
"824",26,2014,1,2,0,0
"825",26,2014,1,3,0,0
"826",26,2014,1,4,0,0
"827",26,2014,1,5,0,0
"828",26,2014,2,5,0,0
"829",26,2014,2,6,0,0
"830",26,2014,2,7,0,0
"831",26,2014,2,8,0,0
"832",26,2014,2,9,0,0
"833",26,2014,3,9,0,0
"834",26,2014,3,10,0,0
"835",26,2014,3,11,0,0
"836",26,2014,4,16,0,0
"837",26,2014,4,17,0,0
"838",26,2014,4,18,0,0
"839",26,2014,5,18,0,0
"840",26,2014,5,19,0,0
"841",26,2014,5,20,0,0
"842",26,2014,5,21,0,0
"843",26,2014,5,22,0,0
"844",26,2014,11,45,0,0
"845",26,2014,11,46,0,0
"846",26,2014,11,47,0,0
"847",26,2014,11,48,0,0
"848",26,2014,12,48,0,0
"849",26,2014,12,49,0,0
"850",26,2014,12,50,0,0
"851",26,2014,12,51,0,0
"852",26,2014,12,52,0,0
"853",26,2014,12,53,0,0
"854",26,2015,1,1,0,0
"855",26,2015,1,2,0,0
"856",26,2015,1,3,0,0
"857",26,2015,1,4,0,0
"858",26,2015,1,5,0,0
"859",26,2015,2,5,0,0
"860",26,2015,2,6,0,0
"861",26,2015,2,7,0,0
"862",26,2015,2,8,0,0
"863",26,2015,2,9,0,0
"864",26,2015,3,9,0,0
"865",26,2015,3,10,0,0
"866",26,2015,3,11,0,0
"867",26,2015,4,16,0,0
"868",26,2015,4,17,0,0
"869",26,2015,4,18,0,0
"870",26,2015,5,18,0,0
"871",26,2015,5,19,0,0
"872",26,2015,5,20,0,0
"873",26,2015,5,21,0,0
"874",26,2015,5,22,31,1
"875",26,2015,6,22,0,0
"876",26,2015,11,44,0,0
"877",26,2015,11,45,0,0
"878",26,2015,11,46,0,0
"879",26,2015,11,47,0,0
"880",26,2015,11,48,0,0
"881",26,2015,12,48,0,0
"882",26,2015,12,49,0,0
"883",26,2015,12,50,0,0
"884",26,2015,12,51,0,0
"885",26,2015,12,52,0,0
"886",26,2015,12,53,0,0
"887",27,2007,1,1,0,0
"888",27,2007,1,2,0,0
"889",27,2007,1,3,0,1
"890",27,2007,1,4,0,0
"891",27,2007,1,5,0,0
"892",27,2007,2,5,0,1
"893",27,2007,2,6,29,7
"894",27,2007,2,7,0,0
"895",27,2007,2,8,1,1
"896",27,2007,2,9,0,0
"897",27,2007,3,9,1,1
"898",27,2007,3,10,0,0
"899",27,2007,3,11,0,0
"900",27,2007,3,12,0,0
"901",27,2007,3,13,0,0
"902",27,2007,4,13,0,0
"903",27,2007,4,14,0,0
"904",27,2007,4,15,0,0
"905",27,2007,4,16,0,0
"906",27,2007,4,17,0,0
"907",27,2007,4,18,17,1
"908",27,2007,5,18,0,0
"909",27,2007,5,19,0,0
"910",27,2007,5,20,0,0
"911",27,2007,5,21,0,0
"912",27,2007,5,22,0,0
"913",27,2007,6,22,0,0
"914",27,2007,6,23,0,0
"915",27,2007,6,24,0,0
"916",27,2007,6,25,0,0
"917",27,2008,1,3,0,0
"918",27,2008,1,4,0,0
"919",27,2008,1,5,0,0
"920",27,2008,2,5,0,0
"921",27,2008,2,6,0,0
"922",27,2008,2,7,0,0
"923",27,2008,2,8,0,0
"924",27,2008,2,9,0,0
"925",27,2008,3,9,0,0
"926",27,2008,4,16,0,0
"927",27,2008,4,17,0,0
"928",27,2008,4,18,0,0
"929",27,2008,5,18,0,0
"930",27,2008,5,19,24,2
"931",27,2008,5,20,0,0
"932",27,2008,5,21,0,0
"933",27,2008,5,22,0,0
"934",27,2008,6,22,0,0
"935",27,2008,6,23,0,0
"936",27,2008,6,24,0,0
"937",27,2008,12,49,3,2
"938",27,2009,1,1,0,0
"939",27,2009,1,2,3,5
"940",27,2009,1,3,16,6
"941",27,2009,1,4,7,3
"942",27,2009,1,5,0,0
"943",27,2009,2,5,0,0
"944",27,2009,2,6,0,2
"945",27,2009,2,7,2,2
"946",27,2009,2,8,0,0
"947",27,2009,2,9,0,0
"948",27,2009,3,9,0,0
"949",27,2009,3,10,0,1
"950",27,2009,3,11,0,1
"951",27,2009,4,16,0,0
"952",27,2009,4,17,3,3
"953",27,2009,4,18,0,0
"954",27,2009,5,18,1,1
"955",27,2009,5,19,0,0
"956",27,2009,5,20,0,0
"957",27,2009,5,21,0,0
"958",27,2009,6,22,0,0
"959",27,2009,6,23,0,0
"960",27,2010,4,16,1,2
"961",27,2010,4,17,9,2
"962",27,2010,4,18,0,0
"963",27,2010,5,18,0,0
"964",27,2010,5,19,44,2
"965",27,2010,5,20,53,3
"966",27,2010,5,21,0,0
"967",27,2010,6,22,0,0
"968",27,2010,6,23,56,2
"969",27,2011,1,1,0,0
"970",27,2011,2,8,0,0
"971",27,2011,2,9,0,0
"972",27,2011,3,9,0,0
"973",27,2011,3,10,0,0
"974",27,2011,3,11,0,0
"975",27,2011,4,16,122,3
"976",27,2011,4,17,7,1
"977",27,2011,5,18,0,0
"978",27,2011,5,19,84,5
"979",27,2011,5,20,170,4
"980",27,2011,6,23,0,0
"981",27,2011,6,24,0,0
"982",27,2011,11,46,0,0
"983",27,2011,11,47,0,0
"984",27,2011,11,48,0,0
"985",27,2011,12,48,0,0
"986",27,2011,12,49,0,0
"987",27,2011,12,50,0,0
"988",27,2011,12,51,0,0
"989",27,2011,12,52,0,0
"990",27,2011,12,53,0,0
"991",27,2012,1,1,0,0
"992",27,2012,1,2,0,0
"993",27,2012,1,3,0,0
"994",27,2012,1,4,0,0
"995",27,2012,1,5,0,0
"996",27,2012,2,5,0,0
"997",27,2012,2,6,0,0
"998",27,2012,2,7,1,1
"999",27,2012,2,8,2,1
"1000",27,2012,2,9,0,0
"1001",27,2012,3,9,0,0
"1002",27,2012,3,10,0,0
"1003",27,2012,3,11,0,0
"1004",27,2012,4,16,0,0
"1005",27,2012,4,17,138,4
"1006",27,2012,5,18,148,4
"1007",27,2012,5,19,31,1
"1008",27,2012,5,20,0,0
"1009",27,2012,11,47,0,0
"1010",27,2012,11,48,0,0
"1011",27,2012,12,48,0,0
"1012",27,2012,12,49,0,0
"1013",27,2012,12,50,0,0
"1014",27,2012,12,51,2,1
"1015",27,2012,12,52,1,2
"1016",27,2012,12,53,0,0
"1017",27,2013,1,1,0,0
"1018",27,2013,1,2,0,0
"1019",27,2013,1,3,1,1
"1020",27,2013,1,4,0,0
"1021",27,2013,1,5,0,0
"1022",27,2013,2,5,0,0
"1023",27,2013,2,6,0,0
"1024",27,2013,2,7,0,0
"1025",27,2013,2,8,1,1
"1026",27,2013,2,9,0,0
"1027",27,2013,3,9,0,0
"1028",27,2013,3,10,0,0
"1029",27,2013,3,11,0,0
"1030",27,2013,4,17,7,2
"1031",27,2013,4,18,0,0
"1032",27,2013,5,18,8,1
"1033",27,2013,5,19,0,0
"1034",27,2013,5,20,0,0
"1035",27,2013,11,45,0,0
"1036",27,2013,11,46,0,0
"1037",27,2013,11,47,0,0
"1038",27,2013,11,48,0,0
"1039",27,2013,12,48,0,0
"1040",27,2013,12,49,0,0
"1041",27,2013,12,50,0,0
"1042",27,2013,12,51,0,0
"1043",27,2013,12,52,0,0
"1044",27,2013,12,53,0,0
"1045",27,2014,1,1,0,0
"1046",27,2014,1,2,0,0
"1047",27,2014,1,3,0,0
"1048",27,2014,1,4,0,0
"1049",27,2014,1,5,0,0
"1050",27,2014,2,5,0,0
"1051",27,2014,2,6,0,0
"1052",27,2014,2,7,0,0
"1053",27,2014,2,8,0,0
"1054",27,2014,2,9,0,0
"1055",27,2014,3,9,0,0
"1056",27,2014,3,10,0,0
"1057",27,2014,3,11,0,0
"1058",27,2014,4,16,0,0
"1059",27,2014,4,17,0,0
"1060",27,2014,4,18,0,0
"1061",27,2014,5,18,28,2
"1062",27,2014,5,19,53,2
"1063",27,2014,5,20,0,0
"1064",27,2014,5,21,0,0
"1065",27,2014,5,22,0,0
"1066",27,2014,11,45,0,0
"1067",27,2014,11,46,24,8
"1068",27,2014,11,47,0,0
"1069",27,2014,11,48,0,0
"1070",27,2014,12,48,0,0
"1071",27,2014,12,49,0,0
"1072",27,2014,12,50,0,0
"1073",27,2014,12,51,0,0
"1074",27,2014,12,52,0,0
"1075",27,2014,12,53,0,0
"1076",27,2015,1,1,0,0
"1077",27,2015,1,2,0,0
"1078",27,2015,1,3,0,0
"1079",27,2015,1,4,0,0
"1080",27,2015,1,5,0,0
"1081",27,2015,2,5,0,0
"1082",27,2015,2,6,0,0
"1083",27,2015,2,7,0,0
"1084",27,2015,2,8,1,1
"1085",27,2015,2,9,0,0
"1086",27,2015,3,9,0,0
"1087",27,2015,3,10,0,0
"1088",27,2015,3,11,0,0
"1089",27,2015,4,16,0,0
"1090",27,2015,4,17,65,3
"1091",27,2015,4,18,7,1
"1092",27,2015,5,18,35,4
"1093",27,2015,5,19,24,2
"1094",27,2015,5,20,0,0
"1095",27,2015,5,21,29,2
"1096",27,2015,5,22,36,2
"1097",27,2015,6,22,59,2
"1098",27,2015,11,44,0,2
"1099",27,2015,11,45,0,1
"1100",27,2015,11,46,0,0
"1101",27,2015,11,47,0,0
"1102",27,2015,11,48,0,0
"1103",27,2015,12,48,0,0
"1104",27,2015,12,49,0,0
"1105",27,2015,12,50,0,0
"1106",27,2015,12,51,0,0
"1107",27,2015,12,52,0,0
"1108",27,2015,12,53,0,0
"1109",123,2007,1,1,0,0
"1110",123,2007,1,2,9,2
"1111",123,2007,1,3,31,2
"1112",123,2007,1,4,4,1
"1113",123,2007,1,5,99,5
"1114",123,2007,2,5,131,10
"1115",123,2007,2,6,120,11
"1116",123,2007,2,7,22,2
"1117",123,2007,2,8,12,1
"1118",123,2007,2,9,12,2
"1119",123,2007,3,9,30,7
"1120",123,2007,3,10,50,4
"1121",123,2007,4,16,1379,106
"1122",123,2007,4,17,904,73
"1123",123,2007,4,18,258,18
"1124",123,2007,5,18,1699,106
"1125",123,2007,5,19,1689,105
"1126",123,2007,5,20,5267,195
"1127",123,2007,5,21,6442,182
"1128",123,2007,5,22,1948,75
"1129",123,2007,6,22,1354,74
"1130",123,2007,6,23,3746,116
"1131",123,2007,6,24,908,21
"1132",123,2007,6,25,3568,99
"1133",123,2007,9,38,4901,159
"1134",123,2007,10,42,758,26
"1135",123,2007,10,43,1302,41
"1136",123,2008,1,3,75,13
"1137",123,2008,1,4,96,10
"1138",123,2008,1,5,6,1
"1139",123,2008,2,5,55,3
"1140",123,2008,2,6,51,6
"1141",123,2008,2,7,199,16
"1142",123,2008,2,8,44,4
"1143",123,2008,2,9,24,4
"1144",123,2008,3,9,7,1
"1145",123,2008,5,19,990,56
"1146",123,2008,5,20,963,100
"1147",123,2008,5,21,1014,65
"1148",123,2008,5,22,2297,106
"1149",123,2008,6,22,998,51
"1150",123,2008,6,23,2320,94
"1151",123,2008,6,24,9376,230
"1152",123,2008,8,31,6486,93
"1153",123,2008,8,32,1939,46
"1154",123,2008,9,36,28437,358
"1155",123,2008,9,37,4530,78
"1156",123,2008,9,39,7903,131
"1157",123,2008,10,42,1229,30
"1158",123,2008,10,43,0,0
"1159",123,2008,11,45,14,3
"1160",123,2008,11,46,131,6
"1161",123,2008,11,47,33,1
"1162",123,2008,12,49,33,5
"1163",123,2009,1,1,0,0
"1164",123,2009,1,2,10,3
"1165",123,2009,1,3,50,7
"1166",123,2009,1,4,53,10
"1167",123,2009,1,5,0,0
"1168",123,2009,2,5,18,3
"1169",123,2009,2,6,66,14
"1170",123,2009,2,7,38,11
"1171",123,2009,2,8,37,8
"1172",123,2009,2,9,12,3
"1173",123,2009,3,9,0,0
"1174",123,2009,5,19,2794,131
"1175",123,2009,5,20,9625,239
"1176",123,2009,5,21,1784,68
"1177",123,2009,8,32,6182,106
"1178",123,2009,9,37,0,5
"1179",123,2010,5,19,3203,141
"1180",123,2010,5,20,7188,182
"1181",123,2010,5,21,2412,51
"1182",123,2010,6,22,4204,47
"1183",123,2010,6,23,9419,177
"1184",123,2010,8,31,7938,133
"1185",123,2010,9,36,0,4
"1186",123,2010,9,37,0,0
"1187",123,2010,9,39,1106,41
"1188",123,2010,10,40,483,18
"1189",123,2011,1,1,0,0
"1190",123,2011,2,8,1,5
"1191",123,2011,2,9,124,6
"1192",123,2011,3,9,4,1
"1193",123,2011,5,19,3817,102
"1194",123,2011,5,20,4789,134
"1195",123,2011,6,23,19003,264
"1196",123,2011,6,24,3450,42
"1197",123,2011,8,31,13013,131
"1198",123,2011,9,35,0,1
"1199",123,2011,9,36,0,3
"1200",123,2011,11,46,4,5
"1201",123,2011,11,47,0,1
"1202",123,2011,11,48,0,0
"1203",123,2011,12,48,0,0
"1204",123,2011,12,49,26,4
"1205",123,2011,12,50,8,2
"1206",123,2011,12,51,0,0
"1207",123,2011,12,52,0,0
"1208",123,2011,12,53,0,0
"1209",123,2012,1,1,0,0
"1210",123,2012,1,2,2,2
"1211",123,2012,1,3,2,1
"1212",123,2012,1,4,0,0
"1213",123,2012,1,5,0,0
"1214",123,2012,2,5,0,0
"1215",123,2012,2,6,51,4
"1216",123,2012,2,7,37,4
"1217",123,2012,2,8,0,0
"1218",123,2012,2,9,0,0
"1219",123,2012,3,9,0,0
"1220",123,2012,5,19,290,25
"1221",123,2012,5,20,1342,84
"1222",123,2012,8,32,3473,33
"1223",123,2012,9,36,0,3
"1224",123,2012,9,37,0,1
"1225",123,2012,9,38,5498,109
"1226",123,2012,9,39,5980,90
"1227",123,2012,9,40,977,11
"1228",123,2012,10,40,688,10
"1229",123,2012,10,41,3192,33
"1230",123,2012,11,47,0,0
"1231",123,2012,11,48,31,5
"1232",123,2012,12,48,0,0
"1233",123,2012,12,49,42,3
"1234",123,2012,12,50,20,4
"1235",123,2012,12,51,0,0
"1236",123,2012,12,52,0,0
"1237",123,2012,12,53,0,0
"1238",123,2013,1,1,0,0
"1239",123,2013,1,2,8,2
"1240",123,2013,1,3,17,4
"1241",123,2013,1,4,0,0
"1242",123,2013,1,5,0,0
"1243",123,2013,2,5,0,3
"1244",123,2013,2,6,6,3
"1245",123,2013,2,7,0,1
"1246",123,2013,2,8,0,0
"1247",123,2013,2,9,0,0
"1248",123,2013,3,9,0,0
"1249",123,2013,5,19,12522,220
"1250",123,2013,5,20,7997,92
"1251",123,2013,10,40,0,0
"1252",123,2013,10,41,2310,45
"1253",123,2013,11,45,5,2
"1254",123,2013,11,46,0,0
"1255",123,2013,11,47,23,5
"1256",123,2013,11,48,0,0
"1257",123,2013,12,48,0,0
"1258",123,2013,12,49,5,1
"1259",123,2013,12,50,0,0
"1260",123,2013,12,51,0,0
"1261",123,2013,12,52,0,0
"1262",123,2013,12,53,0,0
"1263",123,2014,1,1,0,0
"1264",123,2014,1,2,0,0
"1265",123,2014,1,3,0,0
"1266",123,2014,1,4,0,0
"1267",123,2014,1,5,0,0
"1268",123,2014,2,5,15,2
"1269",123,2014,2,6,36,2
"1270",123,2014,2,7,0,0
"1271",123,2014,2,8,33,2
"1272",123,2014,2,9,56,2
"1273",123,2014,3,9,17,1
"1274",123,2014,5,19,1041,66
"1275",123,2014,5,20,346,13
"1276",123,2014,5,21,779,24
"1277",123,2014,5,22,520,19
"1278",123,2014,8,31,389,27
"1279",123,2014,8,32,173,9
"1280",123,2014,9,37,1483,32
"1281",123,2014,9,38,8640,160
"1282",123,2014,9,39,1849,60
"1283",123,2014,10,40,346,34
"1284",123,2014,10,41,104,20
"1285",123,2014,10,42,0,0
"1286",123,2014,10,43,0,0
"1287",123,2014,10,44,0,0
"1288",123,2014,11,44,0,0
"1289",123,2014,11,45,0,0
"1290",123,2014,11,46,0,0
"1291",123,2014,11,47,18,2
"1292",123,2014,11,48,0,0
"1293",123,2014,12,48,0,0
"1294",123,2014,12,49,0,0
"1295",123,2014,12,50,0,0
"1296",123,2014,12,51,0,0
"1297",123,2014,12,52,0,0
"1298",123,2014,12,53,0,0
"1299",123,2015,1,1,0,0
"1300",123,2015,1,2,0,0
"1301",123,2015,1,3,0,0
"1302",123,2015,1,4,0,0
"1303",123,2015,1,5,0,0
"1304",123,2015,2,5,0,0
"1305",123,2015,2,6,28,3
"1306",123,2015,2,7,40,4
"1307",123,2015,2,8,98,3
"1308",123,2015,2,9,105,7
"1309",123,2015,3,9,25,2
"1310",123,2015,5,20,63,11
"1311",123,2015,5,21,410,32
"1312",123,2015,5,22,83,11
"1313",123,2015,6,22,2,1
"1314",123,2015,8,32,1401,28
"1315",123,2015,9,37,64,5
"1316",123,2015,9,38,1899,60
"1317",123,2015,9,39,3235,91
"1318",123,2015,10,40,1160,19
"1319",123,2015,11,44,0,0
"1320",123,2015,11,45,13,2
"1321",123,2015,11,46,0,0
"1322",123,2015,11,47,0,0
"1323",123,2015,11,48,0,0
"1324",123,2015,12,48,0,0
"1325",123,2015,12,49,0,0
"1326",123,2015,12,50,0,0
"1327",123,2015,12,51,0,0
"1328",123,2015,12,52,0,0
"1329",123,2015,12,53,0,0
"1330",124,2007,1,1,0,0
"1331",124,2007,1,2,10,1
"1332",124,2007,1,3,0,1
"1333",124,2007,1,4,55,4
"1334",124,2007,1,5,65,5
"1335",124,2007,2,5,56,4
"1336",124,2007,2,6,114,7
"1337",124,2007,2,7,20,2
"1338",124,2007,2,8,16,3
"1339",124,2007,2,9,0,0
"1340",124,2007,3,9,0,0
"1341",124,2007,3,10,171,4
"1342",124,2007,4,16,50,12
"1343",124,2007,4,17,0,0
"1344",124,2007,4,18,0,0
"1345",124,2007,5,18,11,2
"1346",124,2007,5,19,63,7
"1347",124,2007,5,20,111,12
"1348",124,2007,5,21,387,17
"1349",124,2007,5,22,878,44
"1350",124,2007,6,22,477,24
"1351",124,2007,6,23,1583,48
"1352",124,2007,6,24,278,9
"1353",124,2007,6,25,1176,48
"1354",124,2007,9,38,35,3
"1355",124,2007,10,42,5,2
"1356",124,2007,10,43,0,0
"1357",124,2008,1,3,5,2
"1358",124,2008,1,4,79,8
"1359",124,2008,1,5,5,1
"1360",124,2008,2,5,1,1
"1361",124,2008,2,6,56,2
"1362",124,2008,2,7,108,13
"1363",124,2008,2,8,37,4
"1364",124,2008,2,9,51,7
"1365",124,2008,3,9,6,1
"1366",124,2008,5,18,112,19
"1367",124,2008,5,19,136,21
"1368",124,2008,5,20,309,38
"1369",124,2008,5,21,761,42
"1370",124,2008,5,22,745,60
"1371",124,2008,6,22,380,25
"1372",124,2008,6,23,297,28
"1373",124,2008,6,24,57,4
"1374",124,2008,8,31,153,4
"1375",124,2008,8,32,12,1
"1376",124,2008,9,36,268,5
"1377",124,2008,9,37,16,1
"1378",124,2008,9,39,361,14
"1379",124,2008,10,42,36,3
"1380",124,2008,10,43,0,0
"1381",124,2008,11,45,6,1
"1382",124,2008,11,46,0,0
"1383",124,2008,11,47,0,0
"1384",124,2008,12,49,12,1
"1385",124,2009,1,1,8,1
"1386",124,2009,1,2,23,3
"1387",124,2009,1,3,2,2
"1388",124,2009,1,4,4,3
"1389",124,2009,1,5,0,0
"1390",124,2009,2,5,0,0
"1391",124,2009,2,6,4,3
"1392",124,2009,2,7,22,8
"1393",124,2009,2,8,0,0
"1394",124,2009,2,9,0,0
"1395",124,2009,3,9,0,0
"1396",124,2009,5,18,6,4
"1397",124,2009,5,19,42,8
"1398",124,2009,5,20,325,14
"1399",124,2009,5,21,340,17
"1400",124,2009,6,22,2826,52
"1401",124,2009,6,23,5466,280
"1402",124,2009,8,32,1250,31
"1403",124,2010,5,18,532,40
"1404",124,2010,5,19,336,26
"1405",124,2010,5,20,353,17
"1406",124,2010,5,21,211,9
"1407",124,2010,6,22,1346,15
"1408",124,2010,6,23,3488,65
"1409",124,2010,8,31,1130,20
"1410",124,2010,9,39,0,0
"1411",124,2010,10,40,99,2
"1412",124,2011,1,1,0,0
"1413",124,2011,2,8,82,10
"1414",124,2011,2,9,48,5
"1415",124,2011,3,9,14,2
"1416",124,2011,5,18,3644,142
"1417",124,2011,5,19,1039,45
"1418",124,2011,5,20,1739,67
"1419",124,2011,6,23,453,23
"1420",124,2011,6,24,200,7
"1421",124,2011,8,31,2200,39
"1422",124,2011,11,46,0,0
"1423",124,2011,11,47,0,0
"1424",124,2011,11,48,0,0
"1425",124,2011,12,48,0,0
"1426",124,2011,12,49,0,0
"1427",124,2011,12,50,0,0
"1428",124,2011,12,51,0,0
"1429",124,2011,12,52,0,0
"1430",124,2011,12,53,0,0
"1431",124,2012,1,1,0,0
"1432",124,2012,1,2,0,0
"1433",124,2012,1,3,0,0
"1434",124,2012,1,4,0,0
"1435",124,2012,1,5,0,0
"1436",124,2012,2,5,0,0
"1437",124,2012,2,6,0,0
"1438",124,2012,2,7,0,0
"1439",124,2012,2,8,0,0
"1440",124,2012,2,9,0,0
"1441",124,2012,3,9,0,0
"1442",124,2012,5,18,258,34
"1443",124,2012,5,19,46,9
"1444",124,2012,5,20,121,11
"1445",124,2012,8,32,20,2
"1446",124,2012,9,38,0,0
"1447",124,2012,9,39,0,0
"1448",124,2012,9,40,0,0
"1449",124,2012,10,40,0,0
"1450",124,2012,10,41,0,0
"1451",124,2012,11,47,0,0
"1452",124,2012,11,48,0,0
"1453",124,2012,12,48,0,0
"1454",124,2012,12,49,0,0
"1455",124,2012,12,50,0,0
"1456",124,2012,12,51,0,0
"1457",124,2012,12,52,0,0
"1458",124,2012,12,53,0,0
"1459",124,2013,1,1,0,0
"1460",124,2013,1,2,0,0
"1461",124,2013,1,3,0,0
"1462",124,2013,1,4,0,0
"1463",124,2013,1,5,0,0
"1464",124,2013,2,5,0,0
"1465",124,2013,2,6,0,0
"1466",124,2013,2,7,0,0
"1467",124,2013,2,8,0,0
"1468",124,2013,2,9,0,0
"1469",124,2013,3,9,0,0
"1470",124,2013,5,18,1065,106
"1471",124,2013,5,19,580,35
"1472",124,2013,5,20,638,19
"1473",124,2013,10,40,0,0
"1474",124,2013,10,41,48,2
"1475",124,2013,11,45,0,0
"1476",124,2013,11,46,0,0
"1477",124,2013,11,47,0,0
"1478",124,2013,11,48,0,0
"1479",124,2013,12,48,0,0
"1480",124,2013,12,49,2,2
"1481",124,2013,12,50,1,1
"1482",124,2013,12,51,0,0
"1483",124,2013,12,52,0,0
"1484",124,2013,12,53,0,0
"1485",124,2014,1,1,0,0
"1486",124,2014,1,2,0,0
"1487",124,2014,1,3,0,0
"1488",124,2014,1,4,0,0
"1489",124,2014,1,5,0,0
"1490",124,2014,2,5,0,0
"1491",124,2014,2,6,0,0
"1492",124,2014,2,7,0,0
"1493",124,2014,2,8,0,0
"1494",124,2014,2,9,0,0
"1495",124,2014,3,9,0,0
"1496",124,2014,5,18,15,7
"1497",124,2014,5,19,77,9
"1498",124,2014,5,20,76,4
"1499",124,2014,5,21,64,3
"1500",124,2014,5,22,29,3
"1501",124,2014,8,31,15,2
"1502",124,2014,8,32,54,4
"1503",124,2014,9,37,31,2
"1504",124,2014,9,38,36,2
"1505",124,2014,9,39,0,0
"1506",124,2014,10,40,0,0
"1507",124,2014,10,41,0,0
"1508",124,2014,10,42,0,0
"1509",124,2014,10,43,0,0
"1510",124,2014,10,44,0,0
"1511",124,2014,11,44,0,0
"1512",124,2014,11,45,0,0
"1513",124,2014,11,46,0,0
"1514",124,2014,11,47,0,0
"1515",124,2014,11,48,0,0
"1516",124,2014,12,48,0,0
"1517",124,2014,12,49,0,0
"1518",124,2014,12,50,0,0
"1519",124,2014,12,51,0,0
"1520",124,2014,12,52,0,0
"1521",124,2014,12,53,0,0
"1522",124,2015,1,1,0,0
"1523",124,2015,1,2,0,0
"1524",124,2015,1,3,0,0
"1525",124,2015,1,4,0,0
"1526",124,2015,1,5,0,0
"1527",124,2015,2,5,0,0
"1528",124,2015,2,6,0,0
"1529",124,2015,2,7,0,0
"1530",124,2015,2,8,0,0
"1531",124,2015,2,9,0,0
"1532",124,2015,3,9,0,0
"1533",124,2015,5,18,496,39
"1534",124,2015,5,19,896,69
"1535",124,2015,5,20,600,65
"1536",124,2015,5,21,797,53
"1537",124,2015,5,22,591,44
"1538",124,2015,6,22,127,12
"1539",124,2015,8,32,0,0
"1540",124,2015,9,37,0,1
"1541",124,2015,9,38,0,0
"1542",124,2015,9,39,0,0
"1543",124,2015,10,40,38,2
"1544",124,2015,10,41,0,0
"1545",124,2015,10,42,0,0
"1546",124,2015,10,43,0,0
"1547",124,2015,10,44,0,0
"1548",124,2015,11,44,0,0
"1549",124,2015,11,45,0,0
"1550",124,2015,11,46,0,0
"1551",124,2015,11,47,0,0
"1552",124,2015,11,48,0,0
"1553",124,2015,12,48,0,0
"1554",124,2015,12,49,0,0
"1555",124,2015,12,50,0,0
"1556",124,2015,12,51,0,0
"1557",124,2015,12,52,0,0
"1558",124,2015,12,53,0,0
"1559",125,2007,1,1,0,0
"1560",125,2007,1,2,0,0
"1561",125,2007,1,3,122,5
"1562",125,2007,1,4,29,4
"1563",125,2007,1,5,0,0
"1564",125,2007,2,5,0,0
"1565",125,2007,2,6,11,1
"1566",125,2007,2,7,3,1
"1567",125,2007,2,8,0,0
"1568",125,2007,2,9,0,0
"1569",125,2007,3,9,0,0
"1570",125,2007,3,10,17,2
"1571",125,2007,3,11,14,2
"1572",125,2007,3,12,33,3
"1573",125,2007,3,13,86,7
"1574",125,2007,4,13,5,1
"1575",125,2007,4,14,0,0
"1576",125,2007,4,15,2,1
"1577",125,2007,4,16,5,1
"1578",125,2007,4,17,6,3
"1579",125,2007,4,18,0,0
"1580",125,2007,5,18,2,1
"1581",125,2007,5,19,47,5
"1582",125,2007,5,20,0,0
"1583",125,2007,5,21,117,9
"1584",125,2007,5,22,195,9
"1585",125,2007,6,22,248,10
"1586",125,2007,6,23,757,31
"1587",125,2007,6,24,27,2
"1588",125,2007,6,25,3511,78
"1589",125,2007,9,38,71,10
"1590",125,2007,9,39,75,9
"1591",125,2007,10,42,33,4
"1592",125,2007,10,43,551,13
"1593",125,2008,1,3,73,10
"1594",125,2008,1,4,6,2
"1595",125,2008,1,5,17,2
"1596",125,2008,2,5,10,2
"1597",125,2008,2,6,3,1
"1598",125,2008,2,7,9,2
"1599",125,2008,2,8,0,0
"1600",125,2008,2,9,6,2
"1601",125,2008,3,9,0,0
"1602",125,2008,4,16,41,11
"1603",125,2008,4,17,194,36
"1604",125,2008,4,18,25,4
"1605",125,2008,5,18,17,6
"1606",125,2008,5,19,42,8
"1607",125,2008,5,20,33,7
"1608",125,2008,5,21,31,5
"1609",125,2008,5,22,20,3
"1610",125,2008,6,22,0,0
"1611",125,2008,6,23,0,0
"1612",125,2008,6,24,3,1
"1613",125,2008,8,31,51,2
"1614",125,2008,8,32,0,1
"1615",125,2008,9,36,104,5
"1616",125,2008,9,37,545,13
"1617",125,2008,9,39,7,1
"1618",125,2008,10,42,42,2
"1619",125,2008,10,43,0,0
"1620",125,2008,11,45,47,2
"1621",125,2008,11,46,0,0
"1622",125,2008,11,47,0,0
"1623",125,2008,12,49,22,1
"1624",125,2009,1,1,0,0
"1625",125,2009,1,2,17,4
"1626",125,2009,1,3,2,1
"1627",125,2009,1,4,0,0
"1628",125,2009,1,5,14,2
"1629",125,2009,2,5,23,4
"1630",125,2009,2,6,17,4
"1631",125,2009,2,7,37,5
"1632",125,2009,2,8,0,0
"1633",125,2009,2,9,8,3
"1634",125,2009,3,9,0,0
"1635",125,2009,3,10,2,2
"1636",125,2009,3,11,13,2
"1637",125,2009,4,16,1,1
"1638",125,2009,4,17,17,2
"1639",125,2009,4,18,0,0
"1640",125,2009,5,18,0,0
"1641",125,2009,5,19,69,5
"1642",125,2009,5,20,7,1
"1643",125,2009,5,21,0,0
"1644",125,2009,6,22,0,0
"1645",125,2009,6,23,44,3
"1646",125,2009,8,32,41,4
"1647",125,2010,4,16,101,6
"1648",125,2010,4,17,340,14
"1649",125,2010,4,18,87,1
"1650",125,2010,5,18,121,2
"1651",125,2010,5,19,617,14
"1652",125,2010,5,20,0,0
"1653",125,2010,5,21,0,0
"1654",125,2010,6,22,0,0
"1655",125,2010,6,23,0,0
"1656",125,2010,8,31,138,3
"1657",125,2010,9,39,0,0
"1658",125,2010,10,40,0,0
"1659",125,2011,1,1,0,0
"1660",125,2011,2,8,17,3
"1661",125,2011,2,9,3,1
"1662",125,2011,3,9,0,0
"1663",125,2011,3,10,18,3
"1664",125,2011,3,11,0,0
"1665",125,2011,4,16,418,10
"1666",125,2011,4,17,166,6
"1667",125,2011,5,18,91,1
"1668",125,2011,5,19,40,1
"1669",125,2011,5,20,3,1
"1670",125,2011,6,23,0,0
"1671",125,2011,6,24,0,0
"1672",125,2011,7,30,4240,113
"1673",125,2011,8,31,0,0
"1674",125,2011,11,46,0,2
"1675",125,2011,11,47,0,0
"1676",125,2011,11,48,0,0
"1677",125,2011,12,48,0,0
"1678",125,2011,12,49,0,0
"1679",125,2011,12,50,0,0
"1680",125,2011,12,51,0,0
"1681",125,2011,12,52,0,0
"1682",125,2011,12,53,0,0
"1683",125,2012,1,1,0,0
"1684",125,2012,1,2,0,0
"1685",125,2012,1,3,4,2
"1686",125,2012,1,4,0,0
"1687",125,2012,1,5,0,0
"1688",125,2012,2,5,0,0
"1689",125,2012,2,6,0,0
"1690",125,2012,2,7,0,0
"1691",125,2012,2,8,11,2
"1692",125,2012,2,9,0,0
"1693",125,2012,3,9,0,0
"1694",125,2012,3,10,0,0
"1695",125,2012,3,11,0,0
"1696",125,2012,4,16,30,1
"1697",125,2012,4,17,253,5
"1698",125,2012,5,18,265,12
"1699",125,2012,5,19,146,8
"1700",125,2012,5,20,168,5
"1701",125,2012,8,32,63,2
"1702",125,2012,9,38,0,0
"1703",125,2012,9,39,0,0
"1704",125,2012,9,40,0,0
"1705",125,2012,10,40,0,0
"1706",125,2012,10,41,0,0
"1707",125,2012,11,47,0,0
"1708",125,2012,11,48,0,0
"1709",125,2012,12,48,0,0
"1710",125,2012,12,49,0,0
"1711",125,2012,12,50,0,0
"1712",125,2012,12,51,0,0
"1713",125,2012,12,52,0,0
"1714",125,2012,12,53,0,0
"1715",125,2013,1,1,0,0
"1716",125,2013,1,2,94,2
"1717",125,2013,1,3,119,6
"1718",125,2013,1,4,0,0
"1719",125,2013,1,5,0,0
"1720",125,2013,2,5,0,0
"1721",125,2013,2,6,11,2
"1722",125,2013,2,7,0,0
"1723",125,2013,2,8,0,0
"1724",125,2013,2,9,0,0
"1725",125,2013,3,9,0,0
"1726",125,2013,3,10,11,1
"1727",125,2013,3,11,2,1
"1728",125,2013,4,17,28,8
"1729",125,2013,4,18,0,0
"1730",125,2013,5,18,24,2
"1731",125,2013,5,19,0,0
"1732",125,2013,5,20,0,0
"1733",125,2013,9,37,63,6
"1734",125,2013,9,38,104,9
"1735",125,2013,9,39,0,0
"1736",125,2013,10,40,0,0
"1737",125,2013,10,41,0,0
"1738",125,2013,11,45,0,0
"1739",125,2013,11,46,0,0
"1740",125,2013,11,47,0,0
"1741",125,2013,11,48,0,0
"1742",125,2013,12,48,0,0
"1743",125,2013,12,49,0,0
"1744",125,2013,12,50,0,0
"1745",125,2013,12,51,0,0
"1746",125,2013,12,52,0,0
"1747",125,2013,12,53,0,0
"1748",125,2014,1,1,0,0
"1749",125,2014,1,2,0,0
"1750",125,2014,1,3,0,0
"1751",125,2014,1,4,0,0
"1752",125,2014,1,5,0,0
"1753",125,2014,2,5,0,0
"1754",125,2014,2,6,0,0
"1755",125,2014,2,7,0,0
"1756",125,2014,2,8,0,0
"1757",125,2014,2,9,0,0
"1758",125,2014,3,9,0,0
"1759",125,2014,3,10,14,1
"1760",125,2014,3,11,0,0
"1761",125,2014,4,16,123,3
"1762",125,2014,4,17,290,15
"1763",125,2014,4,18,0,0
"1764",125,2014,5,18,118,10
"1765",125,2014,5,19,55,5
"1766",125,2014,5,20,742,19
"1767",125,2014,5,21,174,13
"1768",125,2014,5,22,0,0
"1769",125,2014,7,30,1170,15
"1770",125,2014,7,31,68,5
"1771",125,2014,8,31,63,5
"1772",125,2014,8,32,75,2
"1773",125,2014,9,36,21,5
"1774",125,2014,9,37,197,18
"1775",125,2014,9,38,14,4
"1776",125,2014,9,39,0,0
"1777",125,2014,10,40,0,0
"1778",125,2014,10,41,0,0
"1779",125,2014,10,42,0,0
"1780",125,2014,10,43,0,0
"1781",125,2014,10,44,0,0
"1782",125,2014,11,44,0,0
"1783",125,2014,11,45,0,0
"1784",125,2014,11,46,0,0
"1785",125,2014,11,47,0,0
"1786",125,2014,11,48,0,0
"1787",125,2014,12,48,0,0
"1788",125,2014,12,49,0,0
"1789",125,2014,12,50,0,0
"1790",125,2014,12,51,0,0
"1791",125,2014,12,52,0,0
"1792",125,2014,12,53,0,0
"1793",125,2015,1,1,0,0
"1794",125,2015,1,2,0,0
"1795",125,2015,1,3,0,0
"1796",125,2015,1,4,0,0
"1797",125,2015,1,5,0,0
"1798",125,2015,2,5,0,0
"1799",125,2015,2,6,0,0
"1800",125,2015,2,7,0,0
"1801",125,2015,2,8,0,0
"1802",125,2015,2,9,0,0
"1803",125,2015,3,9,0,1
"1804",125,2015,3,10,0,0
"1805",125,2015,3,11,0,0
"1806",125,2015,4,16,98,6
"1807",125,2015,4,17,205,14
"1808",125,2015,4,18,23,2
"1809",125,2015,5,18,164,12
"1810",125,2015,5,19,51,5
"1811",125,2015,5,20,0,0
"1812",125,2015,5,21,0,0
"1813",125,2015,5,22,0,0
"1814",125,2015,6,22,0,0
"1815",125,2015,8,32,2687,16
"1816",125,2015,9,37,2,1
"1817",125,2015,9,38,0,1
"1818",125,2015,9,39,0,0
"1819",125,2015,10,40,0,0
"1820",125,2015,10,41,0,0
"1821",125,2015,10,42,0,0
"1822",125,2015,10,43,0,0
"1823",125,2015,10,44,0,0
"1824",125,2015,11,44,0,0
"1825",125,2015,11,45,0,0
"1826",125,2015,11,46,0,0
"1827",125,2015,11,47,0,0
"1828",125,2015,11,48,0,0
"1829",125,2015,12,48,0,0
"1830",125,2015,12,49,0,0
"1831",125,2015,12,50,0,0
"1832",125,2015,12,51,0,0
"1833",125,2015,12,52,0,0
"1834",125,2015,12,53,0,0
"1835",126,2007,1,1,0,0
"1836",126,2007,1,2,1156,24
"1837",126,2007,1,3,967,60
"1838",126,2007,1,4,1072,39
"1839",126,2007,1,5,1009,50
"1840",126,2007,2,5,1018,52
"1841",126,2007,2,6,171,17
"1842",126,2007,2,7,23,3
"1843",126,2007,2,8,278,22
"1844",126,2007,2,9,134,11
"1845",126,2007,3,9,264,17
"1846",126,2007,3,10,8,1
"1847",126,2007,3,11,77,11
"1848",126,2007,3,12,256,22
"1849",126,2007,3,13,374,31
"1850",126,2007,4,13,18,2
"1851",126,2007,4,14,39,12
"1852",126,2007,4,15,234,51
"1853",126,2007,4,16,609,48
"1854",126,2007,4,17,162,29
"1855",126,2007,4,18,90,9
"1856",126,2007,5,18,161,31
"1857",126,2007,5,19,135,20
"1858",126,2007,5,20,123,22
"1859",126,2007,5,21,914,52
"1860",126,2007,5,22,727,39
"1861",126,2007,6,22,573,22
"1862",126,2007,6,23,1718,60
"1863",126,2007,6,24,28,3
"1864",126,2007,6,25,1095,27
"1865",126,2007,9,38,298,28
"1866",126,2007,9,39,287,19
"1867",126,2007,10,42,91,9
"1868",126,2007,10,43,386,11
"1869",126,2008,1,3,388,44
"1870",126,2008,1,4,500,41
"1871",126,2008,1,5,109,13
"1872",126,2008,2,5,154,21
"1873",126,2008,2,6,82,13
"1874",126,2008,2,7,332,28
"1875",126,2008,2,8,370,43
"1876",126,2008,2,9,127,13
"1877",126,2008,3,9,0,0
"1878",126,2008,4,16,111,19
"1879",126,2008,4,17,909,91
"1880",126,2008,4,18,178,18
"1881",126,2008,5,18,207,39
"1882",126,2008,5,19,268,43
"1883",126,2008,5,20,247,38
"1884",126,2008,5,21,421,30
"1885",126,2008,5,22,665,58
"1886",126,2008,6,22,347,21
"1887",126,2008,6,23,387,37
"1888",126,2008,6,24,141,22
"1889",126,2008,8,31,80,4
"1890",126,2008,8,32,77,2
"1891",126,2008,9,36,1134,35
"1892",126,2008,9,37,150,14
"1893",126,2008,9,39,471,16
"1894",126,2008,10,42,362,15
"1895",126,2008,10,43,213,4
"1896",126,2008,11,45,76,2
"1897",126,2008,11,46,721,9
"1898",126,2008,11,47,181,3
"1899",126,2008,12,49,950,13
"1900",126,2009,1,1,5,2
"1901",126,2009,1,2,884,34
"1902",126,2009,1,3,1236,96
"1903",126,2009,1,4,493,51
"1904",126,2009,1,5,101,11
"1905",126,2009,2,5,49,9
"1906",126,2009,2,6,223,31
"1907",126,2009,2,7,234,47
"1908",126,2009,2,8,245,36
"1909",126,2009,2,9,35,8
"1910",126,2009,3,9,1,1
"1911",126,2009,3,10,279,46
"1912",126,2009,3,11,182,32
"1913",126,2009,4,16,277,25
"1914",126,2009,4,17,1726,136
"1915",126,2009,4,18,469,22
"1916",126,2009,5,18,392,39
"1917",126,2009,5,19,1247,111
"1918",126,2009,5,20,491,46
"1919",126,2009,5,21,442,40
"1920",126,2009,6,22,160,11
"1921",126,2009,6,23,528,29
"1922",126,2009,8,32,326,17
"1923",126,2010,4,16,745,33
"1924",126,2010,4,17,2904,80
"1925",126,2010,4,18,1456,25
"1926",126,2010,5,18,3596,96
"1927",126,2010,5,19,1062,50
"1928",126,2010,5,20,427,12
"1929",126,2010,5,21,121,6
"1930",126,2010,6,22,343,10
"1931",126,2010,6,23,809,22
"1932",126,2010,8,31,742,16
"1933",126,2010,9,39,796,15
"1934",126,2010,10,40,588,8
"1935",126,2011,1,1,0,0
"1936",126,2011,2,8,619,27
"1937",126,2011,2,9,697,27
"1938",126,2011,3,9,89,7
"1939",126,2011,3,10,663,34
"1940",126,2011,3,11,51,2
"1941",126,2011,4,16,2576,73
"1942",126,2011,4,17,1567,53
"1943",126,2011,5,18,8885,106
"1944",126,2011,5,19,5415,123
"1945",126,2011,5,20,2142,67
"1946",126,2011,6,23,2370,43
"1947",126,2011,6,24,615,6
"1948",126,2011,7,30,3644,87
"1949",126,2011,8,31,1500,23
"1950",126,2011,11,46,18,2
"1951",126,2011,11,47,22,2
"1952",126,2011,11,48,0,0
"1953",126,2011,12,48,24,2
"1954",126,2011,12,49,45,6
"1955",126,2011,12,50,39,3
"1956",126,2011,12,51,0,0
"1957",126,2011,12,52,0,0
"1958",126,2011,12,53,0,0
"1959",126,2012,1,1,0,0
"1960",126,2012,1,2,23,2
"1961",126,2012,1,3,56,2
"1962",126,2012,1,4,0,0
"1963",126,2012,1,5,0,0
"1964",126,2012,2,5,0,0
"1965",126,2012,2,6,21,1
"1966",126,2012,2,7,196,7
"1967",126,2012,2,8,48,2
"1968",126,2012,2,9,0,0
"1969",126,2012,3,9,43,6
"1970",126,2012,3,10,113,14
"1971",126,2012,3,11,28,1
"1972",126,2012,4,16,581,20
"1973",126,2012,4,17,7047,150
"1974",126,2012,5,18,6524,200
"1975",126,2012,5,19,959,38
"1976",126,2012,5,20,4011,102
"1977",126,2012,8,32,198,7
"1978",126,2012,9,38,171,12
"1979",126,2012,9,39,28,2
"1980",126,2012,9,40,0,0
"1981",126,2012,10,40,0,0
"1982",126,2012,10,41,24,1
"1983",126,2012,11,47,59,2
"1984",126,2012,11,48,0,0
"1985",126,2012,12,48,0,0
"1986",126,2012,12,49,30,3
"1987",126,2012,12,50,27,3
"1988",126,2012,12,51,0,0
"1989",126,2012,12,52,0,0
"1990",126,2012,12,53,0,0
"1991",126,2013,1,1,0,0
"1992",126,2013,1,2,69,7
"1993",126,2013,1,3,327,21
"1994",126,2013,1,4,32,5
"1995",126,2013,1,5,76,2
"1996",126,2013,2,5,123,4
"1997",126,2013,2,6,54,6
"1998",126,2013,2,7,44,4
"1999",126,2013,2,8,89,9
"2000",126,2013,2,9,0,0
"2001",126,2013,3,9,33,3
"2002",126,2013,3,10,317,36
"2003",126,2013,3,11,37,5
"2004",126,2013,4,17,440,78
"2005",126,2013,4,18,0,3
"2006",126,2013,5,18,795,64
"2007",126,2013,5,19,686,46
"2008",126,2013,5,20,415,10
"2009",126,2013,9,37,401,14
"2010",126,2013,9,38,647,31
"2011",126,2013,9,39,29,7
"2012",126,2013,10,40,0,0
"2013",126,2013,10,41,0,0
"2014",126,2013,11,45,0,0
"2015",126,2013,11,46,0,0
"2016",126,2013,11,47,0,0
"2017",126,2013,11,48,0,0
"2018",126,2013,12,48,0,0
"2019",126,2013,12,49,0,0
"2020",126,2013,12,50,0,0
"2021",126,2013,12,51,0,0
"2022",126,2013,12,52,0,0
"2023",126,2013,12,53,0,0
"2024",126,2014,1,1,0,0
"2025",126,2014,1,2,0,0
"2026",126,2014,1,3,0,0
"2027",126,2014,1,4,0,0
"2028",126,2014,1,5,0,0
"2029",126,2014,2,5,0,0
"2030",126,2014,2,6,107,3
"2031",126,2014,2,7,0,0
"2032",126,2014,2,8,81,1
"2033",126,2014,2,9,109,2
"2034",126,2014,3,9,498,14
"2035",126,2014,3,10,330,15
"2036",126,2014,3,11,405,10
"2037",126,2014,4,16,2154,27
"2038",126,2014,4,17,7588,217
"2039",126,2014,4,18,252,6
"2040",126,2014,5,18,4851,202
"2041",126,2014,5,19,2131,111
"2042",126,2014,5,20,8119,180
"2043",126,2014,5,21,6970,252
"2044",126,2014,5,22,2188,72
"2045",126,2014,7,30,16566,188
"2046",126,2014,7,31,2611,74
"2047",126,2014,8,31,3215,81
"2048",126,2014,8,32,6809,82
"2049",126,2014,9,36,458,51
"2050",126,2014,9,37,1280,75
"2051",126,2014,9,38,135,16
"2052",126,2014,9,39,0,0
"2053",126,2014,10,40,0,0
"2054",126,2014,10,41,0,0
"2055",126,2014,10,42,0,0
"2056",126,2014,10,43,0,0
"2057",126,2014,10,44,0,0
"2058",126,2014,11,44,0,0
"2059",126,2014,11,45,0,0
"2060",126,2014,11,46,0,0
"2061",126,2014,11,47,0,0
"2062",126,2014,11,48,0,0
"2063",126,2014,12,48,0,0
"2064",126,2014,12,49,0,0
"2065",126,2014,12,50,0,0
"2066",126,2014,12,51,0,0
"2067",126,2014,12,52,0,0
"2068",126,2014,12,53,0,0
"2069",126,2015,1,1,0,0
"2070",126,2015,1,2,24,2
"2071",126,2015,1,3,13,3
"2072",126,2015,1,4,6,1
"2073",126,2015,1,5,22,3
"2074",126,2015,2,5,2,1
"2075",126,2015,2,6,0,0
"2076",126,2015,2,7,18,4
"2077",126,2015,2,8,13,2
"2078",126,2015,2,9,21,2
"2079",126,2015,3,9,91,7
"2080",126,2015,3,10,336,23
"2081",126,2015,3,11,0,0
"2082",126,2015,4,16,1325,79
"2083",126,2015,4,17,883,78
"2084",126,2015,4,18,125,5
"2085",126,2015,5,18,579,59
"2086",126,2015,5,19,323,32
"2087",126,2015,5,20,636,34
"2088",126,2015,5,21,730,26
"2089",126,2015,5,22,869,22
"2090",126,2015,6,22,316,6
"2091",126,2015,8,32,9295,44
"2092",126,2015,9,38,0,2
"2093",126,2015,9,39,0,0
"2094",126,2015,10,40,10,1
"2095",126,2015,10,41,0,0
"2096",126,2015,10,42,24,4
"2097",126,2015,10,43,0,0
"2098",126,2015,10,44,0,0
"2099",126,2015,11,44,0,0
"2100",126,2015,11,45,0,0
"2101",126,2015,11,46,0,0
"2102",126,2015,11,47,0,0
"2103",126,2015,11,48,0,0
"2104",126,2015,12,48,0,0
"2105",126,2015,12,49,0,0
"2106",126,2015,12,50,0,0
"2107",126,2015,12,51,0,0
"2108",126,2015,12,52,0,0
"2109",126,2015,12,53,0,0
"2110",127,2007,1,1,0,0
"2111",127,2007,1,2,0,0
"2112",127,2007,1,3,0,0
"2113",127,2007,1,4,5,1
"2114",127,2007,1,5,28,5
"2115",127,2007,2,5,11,3
"2116",127,2007,2,6,0,0
"2117",127,2007,2,7,0,0
"2118",127,2007,2,8,0,0
"2119",127,2007,2,9,9,1
"2120",127,2007,3,9,0,0
"2121",127,2007,3,10,0,0
"2122",127,2007,3,11,0,0
"2123",127,2007,3,12,11,2
"2124",127,2007,3,13,6,1
"2125",127,2007,4,13,0,0
"2126",127,2007,4,14,0,0
"2127",127,2007,4,15,33,8
"2128",127,2007,4,16,384,26
"2129",127,2007,4,17,147,17
"2130",127,2007,4,18,105,12
"2131",127,2007,5,18,225,35
"2132",127,2007,5,19,562,63
"2133",127,2007,5,20,395,50
"2134",127,2007,5,21,553,70
"2135",127,2007,5,22,619,39
"2136",127,2007,6,22,676,27
"2137",127,2007,6,23,2230,85
"2138",127,2007,6,24,8,2
"2139",127,2007,6,25,2267,78
"2140",127,2007,9,38,215,25
"2141",127,2007,9,39,100,5
"2142",127,2007,10,42,11,2
"2143",127,2007,10,43,0,0
"2144",127,2008,1,3,0,0
"2145",127,2008,1,4,0,3
"2146",127,2008,1,5,13,2
"2147",127,2008,2,5,0,0
"2148",127,2008,2,6,0,0
"2149",127,2008,2,7,0,0
"2150",127,2008,2,8,0,0
"2151",127,2008,2,9,0,0
"2152",127,2008,3,9,0,0
"2153",127,2008,4,16,0,0
"2154",127,2008,4,17,118,28
"2155",127,2008,4,18,19,5
"2156",127,2008,5,18,27,12
"2157",127,2008,5,19,169,34
"2158",127,2008,5,20,265,45
"2159",127,2008,5,21,263,29
"2160",127,2008,5,22,479,52
"2161",127,2008,6,22,491,33
"2162",127,2008,6,23,878,64
"2163",127,2008,6,24,1032,85
"2164",127,2008,8,31,218,11
"2165",127,2008,8,32,83,6
"2166",127,2008,9,36,704,48
"2167",127,2008,9,37,418,49
"2168",127,2008,9,39,109,15
"2169",127,2008,10,42,0,0
"2170",127,2008,10,43,0,0
"2171",127,2008,11,45,0,0
"2172",127,2008,11,46,0,0
"2173",127,2008,11,47,0,0
"2174",127,2008,12,49,15,2
"2175",127,2009,1,1,0,0
"2176",127,2009,1,2,0,0
"2177",127,2009,1,3,5,1
"2178",127,2009,1,4,5,1
"2179",127,2009,1,5,0,0
"2180",127,2009,2,5,0,0
"2181",127,2009,2,6,15,4
"2182",127,2009,2,7,81,10
"2183",127,2009,2,8,172,19
"2184",127,2009,2,9,83,12
"2185",127,2009,3,9,2,2
"2186",127,2009,3,10,20,15
"2187",127,2009,3,11,10,5
"2188",127,2009,4,16,37,10
"2189",127,2009,4,17,252,40
"2190",127,2009,4,18,97,10
"2191",127,2009,5,18,202,26
"2192",127,2009,5,19,150,46
"2193",127,2009,5,20,316,42
"2194",127,2009,5,21,190,36
"2195",127,2009,6,22,315,13
"2196",127,2009,6,23,2826,100
"2197",127,2009,8,32,1831,50
"2198",127,2010,4,16,157,12
"2199",127,2010,4,17,391,19
"2200",127,2010,4,18,220,9
"2201",127,2010,5,18,1350,41
"2202",127,2010,5,19,4743,139
"2203",127,2010,5,20,5257,134
"2204",127,2010,5,21,949,55
"2205",127,2010,6,22,809,28
"2206",127,2010,6,23,2866,87
"2207",127,2010,8,31,1694,43
"2208",127,2010,9,39,612,15
"2209",127,2010,10,40,296,4
"2210",127,2011,1,1,0,0
"2211",127,2011,2,8,15,7
"2212",127,2011,2,9,0,0
"2213",127,2011,3,9,0,0
"2214",127,2011,3,10,5,5
"2215",127,2011,3,11,0,0
"2216",127,2011,4,16,2555,47
"2217",127,2011,4,17,939,34
"2218",127,2011,5,18,1217,47
"2219",127,2011,5,19,1376,39
"2220",127,2011,5,20,5617,92
"2221",127,2011,6,23,6989,100
"2222",127,2011,6,24,1315,17
"2223",127,2011,7,30,7736,100
"2224",127,2011,8,31,4570,72
"2225",127,2011,11,46,0,0
"2226",127,2011,11,47,0,0
"2227",127,2011,11,48,0,0
"2228",127,2011,12,48,0,0
"2229",127,2011,12,49,0,0
"2230",127,2011,12,50,0,0
"2231",127,2011,12,51,0,0
"2232",127,2011,12,52,0,0
"2233",127,2011,12,53,0,0
"2234",127,2012,1,1,0,0
"2235",127,2012,1,2,0,0
"2236",127,2012,1,3,0,0
"2237",127,2012,1,4,0,0
"2238",127,2012,1,5,0,0
"2239",127,2012,2,5,0,0
"2240",127,2012,2,6,0,1
"2241",127,2012,2,7,1,2
"2242",127,2012,2,8,0,0
"2243",127,2012,2,9,0,0
"2244",127,2012,3,9,15,3
"2245",127,2012,3,10,15,3
"2246",127,2012,3,11,0,1
"2247",127,2012,4,16,380,11
"2248",127,2012,4,17,1725,62
"2249",127,2012,5,18,2071,65
"2250",127,2012,5,19,666,32
"2251",127,2012,5,20,5253,117
"2252",127,2012,8,32,526,8
"2253",127,2012,9,38,1879,54
"2254",127,2012,9,39,1690,39
"2255",127,2012,9,40,224,4
"2256",127,2012,10,40,129,4
"2257",127,2012,10,41,128,5
"2258",127,2012,11,47,0,0
"2259",127,2012,11,48,0,0
"2260",127,2012,12,48,0,0
"2261",127,2012,12,49,0,0
"2262",127,2012,12,50,0,0
"2263",127,2012,12,51,0,0
"2264",127,2012,12,52,0,0
"2265",127,2012,12,53,0,0
"2266",127,2013,1,1,0,0
"2267",127,2013,1,2,22,2
"2268",127,2013,1,3,6,1
"2269",127,2013,1,4,0,0
"2270",127,2013,1,5,0,0
"2271",127,2013,2,5,0,0
"2272",127,2013,2,6,28,4
"2273",127,2013,2,7,0,0
"2274",127,2013,2,8,17,2
"2275",127,2013,2,9,0,0
"2276",127,2013,3,9,0,0
"2277",127,2013,3,10,37,5
"2278",127,2013,3,11,15,2
"2279",127,2013,4,17,382,49
"2280",127,2013,4,18,12,3
"2281",127,2013,5,18,489,60
"2282",127,2013,5,19,437,58
"2283",127,2013,5,20,57,7
"2284",127,2013,9,37,284,9
"2285",127,2013,9,38,643,19
"2286",127,2013,9,39,360,23
"2287",127,2013,10,40,0,0
"2288",127,2013,10,41,0,0
"2289",127,2013,11,45,0,0
"2290",127,2013,11,46,0,0
"2291",127,2013,11,47,0,0
"2292",127,2013,11,48,0,0
"2293",127,2013,12,48,0,0
"2294",127,2013,12,49,0,0
"2295",127,2013,12,50,0,0
"2296",127,2013,12,51,0,0
"2297",127,2013,12,52,0,0
"2298",127,2013,12,53,0,0
"2299",127,2014,1,1,0,0
"2300",127,2014,1,2,0,0
"2301",127,2014,1,3,0,0
"2302",127,2014,1,4,0,0
"2303",127,2014,1,5,0,0
"2304",127,2014,2,5,0,0
"2305",127,2014,2,6,0,0
"2306",127,2014,2,7,0,0
"2307",127,2014,2,8,0,0
"2308",127,2014,2,9,0,0
"2309",127,2014,3,9,0,0
"2310",127,2014,3,10,0,0
"2311",127,2014,3,11,0,0
"2312",127,2014,4,16,240,12
"2313",127,2014,4,17,986,61
"2314",127,2014,4,18,0,0
"2315",127,2014,5,18,2016,82
"2316",127,2014,5,19,4755,148
"2317",127,2014,5,20,3348,156
"2318",127,2014,5,21,2497,99
"2319",127,2014,5,22,778,52
"2320",127,2014,7,30,4568,80
"2321",127,2014,7,31,289,17
"2322",127,2014,8,31,221,20
"2323",127,2014,8,32,210,10
"2324",127,2014,9,36,79,16
"2325",127,2014,9,37,386,41
"2326",127,2014,9,38,298,37
"2327",127,2014,9,39,4,1
"2328",127,2014,10,40,3,1
"2329",127,2014,10,41,0,0
"2330",127,2014,10,42,0,0
"2331",127,2014,10,43,0,0
"2332",127,2014,10,44,0,0
"2333",127,2014,11,44,0,0
"2334",127,2014,11,45,0,0
"2335",127,2014,11,46,0,0
"2336",127,2014,11,47,0,0
"2337",127,2014,11,48,0,0
"2338",127,2014,12,48,0,0
"2339",127,2014,12,49,0,0
"2340",127,2014,12,50,0,0
"2341",127,2014,12,51,0,0
"2342",127,2014,12,52,0,0
"2343",127,2014,12,53,0,0
"2344",127,2015,1,1,1,1
"2345",127,2015,1,2,0,0
"2346",127,2015,1,3,0,0
"2347",127,2015,1,4,0,0
"2348",127,2015,1,5,0,0
"2349",127,2015,2,5,0,0
"2350",127,2015,2,6,0,0
"2351",127,2015,2,7,2,3
"2352",127,2015,2,8,0,0
"2353",127,2015,2,9,0,0
"2354",127,2015,3,9,5,2
"2355",127,2015,3,10,9,2
"2356",127,2015,3,11,0,0
"2357",127,2015,4,16,308,18
"2358",127,2015,4,17,498,46
"2359",127,2015,4,18,0,0
"2360",127,2015,5,18,1885,101
"2361",127,2015,5,19,3690,184
"2362",127,2015,5,20,5045,220
"2363",127,2015,5,21,3866,213
"2364",127,2015,5,22,3081,118
"2365",127,2015,6,22,781,27
"2366",127,2015,8,32,570,10
"2367",127,2015,9,37,122,12
"2368",127,2015,9,38,212,28
"2369",127,2015,9,39,542,28
"2370",127,2015,10,40,211,16
"2371",127,2015,10,41,0,0
"2372",127,2015,10,42,0,0
"2373",127,2015,10,43,0,0
"2374",127,2015,10,44,0,0
"2375",127,2015,11,44,0,0
"2376",127,2015,11,45,0,0
"2377",127,2015,11,46,0,0
"2378",127,2015,11,47,0,0
"2379",127,2015,11,48,0,0
"2380",127,2015,12,48,0,0
"2381",127,2015,12,49,0,0
"2382",127,2015,12,50,0,0
"2383",127,2015,12,51,0,0
"2384",127,2015,12,52,0,0
"2385",127,2015,12,53,0,0
