"TRIP_YEAR","EVENT_DATE","START_LATITUDE","START_LONGITUDE","SPECIES_CODE","LENGTH","LENGTH_TYPE","LENGTH_UNITS"
2017,7/8/2017 6:07:00,51.02,-127.99,"124",548.00,1,2
2017,7/8/2017 6:07:00,51.02,-127.99,"124",190.00,1,2
2017,7/8/2017 10:41:00,51.21,-127.83,"124",473.00,1,2
2017,7/8/2017 10:41:00,51.21,-127.83,"124",308.00,1,2
2017,7/9/2017 10:29:00,50.90,-128.70,"124",419.00,1,2
2017,7/10/2017 23:00:00,51.13,-128.92,"124",232.00,1,2
2017,7/13/2017 17:44:00,50.83,-128.75,"124",388.00,1,2
2017,7/15/2017 16:20:00,50.26,-128.13,"124",283.00,1,2
2017,7/15/2017 19:35:00,50.16,-127.93,"124",327.00,1,2
2017,7/15/2017 19:35:00,50.16,-127.93,"124",365.00,1,2
2017,7/15/2017 19:35:00,50.16,-127.93,"124",498.00,1,2
2017,7/15/2017 19:35:00,50.16,-127.93,"124",602.00,1,2
2017,7/15/2017 22:33:00,50.16,-127.94,"124",766.00,1,2
2017,7/16/2017 15:46:00,50.02,-127.61,"124",253.00,1,2
2017,7/16/2017 15:46:00,50.02,-127.61,"124",279.00,1,2
2017,7/16/2017 15:46:00,50.02,-127.61,"124",279.00,1,2
2017,7/16/2017 15:46:00,50.02,-127.61,"124",310.00,1,2
2017,7/16/2017 15:46:00,50.02,-127.61,"124",327.00,1,2
2017,7/16/2017 17:20:00,49.98,-127.56,"124",530.00,1,2
2017,7/16/2017 17:20:00,49.98,-127.56,"124",585.00,1,2
2017,7/16/2017 22:05:00,49.92,-127.56,"124",219.00,1,2
2017,7/16/2017 22:05:00,49.92,-127.56,"124",201.00,1,2
2017,7/16/2017 22:05:00,49.92,-127.56,"124",201.00,1,2
2017,7/17/2017 15:52:00,49.70,-127.30,"124",399.00,1,2
2017,7/17/2017 15:52:00,49.70,-127.30,"124",407.00,1,2
2017,7/17/2017 15:52:00,49.70,-127.30,"124",205.00,1,2
2017,7/17/2017 22:08:00,49.86,-127.30,"124",398.00,1,2
2017,7/25/2017 15:32:00,48.70,-125.31,"124",368.00,1,2
2017,7/25/2017 15:32:00,48.70,-125.31,"124",364.00,1,2
2017,7/25/2017 15:32:00,48.70,-125.31,"124",360.00,1,2
2017,7/25/2017 15:32:00,48.70,-125.31,"124",398.00,1,2
2017,7/25/2017 15:32:00,48.70,-125.31,"124",341.00,1,2
2017,7/25/2017 15:32:00,48.70,-125.31,"124",525.00,1,2
2017,7/25/2017 15:32:00,48.70,-125.31,"124",335.00,1,2
2017,7/25/2017 15:32:00,48.70,-125.31,"124",303.00,1,2
2017,7/25/2017 15:32:00,48.70,-125.31,"124",344.00,1,2
2017,7/25/2017 15:32:00,48.70,-125.31,"124",331.00,1,2
2017,7/25/2017 15:32:00,48.70,-125.31,"124",267.00,1,2
2017,7/25/2017 15:32:00,48.70,-125.31,"124",286.00,1,2
2017,7/25/2017 15:32:00,48.70,-125.31,"124",304.00,1,2
2017,7/25/2017 15:32:00,48.70,-125.31,"124",253.00,1,2
2017,7/25/2017 18:31:00,48.63,-125.48,"124",215.00,1,2
2017,7/25/2017 18:31:00,48.63,-125.48,"124",350.00,1,2
2017,7/25/2017 18:31:00,48.63,-125.48,"124",339.00,1,2
2017,7/25/2017 18:31:00,48.63,-125.48,"124",394.00,1,2
2017,7/25/2017 20:43:00,48.61,-125.54,"124",646.00,1,2
2017,7/25/2017 20:43:00,48.61,-125.54,"124",350.00,1,2
2017,7/25/2017 20:43:00,48.61,-125.54,"124",361.00,1,2
2017,7/25/2017 20:43:00,48.61,-125.54,"124",359.00,1,2
2017,7/25/2017 20:43:00,48.61,-125.54,"124",372.00,1,2
2017,7/25/2017 20:43:00,48.61,-125.54,"124",399.00,1,2
2017,7/25/2017 20:43:00,48.61,-125.54,"124",345.00,1,2
2017,7/25/2017 20:43:00,48.61,-125.54,"124",348.00,1,2
2017,7/25/2017 20:43:00,48.61,-125.54,"124",356.00,1,2
2017,7/25/2017 20:43:00,48.61,-125.54,"124",327.00,1,2
2017,7/25/2017 20:43:00,48.61,-125.54,"124",307.00,1,2
2017,7/25/2017 20:43:00,48.61,-125.54,"124",398.00,1,2
2017,7/25/2017 20:43:00,48.61,-125.54,"124",358.00,1,2
2017,7/25/2017 20:43:00,48.61,-125.54,"124",322.00,1,2
2017,7/25/2017 20:43:00,48.61,-125.54,"124",361.00,1,2
2017,7/25/2017 20:43:00,48.61,-125.54,"124",365.00,1,2
2017,7/25/2017 20:43:00,48.61,-125.54,"124",422.00,1,2
2017,7/25/2017 20:43:00,48.61,-125.54,"124",433.00,1,2
2017,7/25/2017 20:43:00,48.61,-125.54,"124",340.00,1,2
2017,7/25/2017 20:43:00,48.61,-125.54,"124",376.00,1,2
2017,7/25/2017 20:43:00,48.61,-125.54,"124",325.00,1,2
2017,7/25/2017 20:43:00,48.61,-125.54,"124",354.00,1,2
2017,7/25/2017 20:43:00,48.61,-125.54,"124",340.00,1,2
2017,7/25/2017 20:43:00,48.61,-125.54,"124",349.00,1,2
2017,7/25/2017 20:43:00,48.61,-125.54,"124",351.00,1,2
2017,7/25/2017 20:43:00,48.61,-125.54,"124",349.00,1,2
2017,7/25/2017 20:43:00,48.61,-125.54,"124",388.00,1,2
2017,7/25/2017 20:43:00,48.61,-125.54,"124",381.00,1,2
2017,7/25/2017 20:43:00,48.61,-125.54,"124",393.00,1,2
2017,7/25/2017 20:43:00,48.61,-125.54,"124",318.00,1,2
2017,7/25/2017 20:43:00,48.61,-125.54,"124",330.00,1,2
2017,7/25/2017 20:43:00,48.61,-125.54,"124",352.00,1,2
2017,7/25/2017 20:43:00,48.61,-125.54,"124",345.00,1,2
2017,7/25/2017 20:43:00,48.61,-125.54,"124",336.00,1,2
2017,7/25/2017 20:43:00,48.61,-125.54,"124",262.00,1,2
2017,7/25/2017 20:43:00,48.61,-125.54,"124",209.00,1,2
2017,7/26/2017 19:20:00,48.73,-125.80,"124",378.00,1,2
2017,7/26/2017 19:20:00,48.73,-125.80,"124",404.00,1,2
2017,7/26/2017 19:20:00,48.73,-125.80,"124",400.00,1,2
2017,7/26/2017 19:20:00,48.73,-125.80,"124",421.00,1,2
2017,7/26/2017 19:20:00,48.73,-125.80,"124",399.00,1,2
2017,7/26/2017 19:20:00,48.73,-125.80,"124",412.00,1,2
2017,7/26/2017 19:20:00,48.73,-125.80,"124",445.00,1,2
2017,7/26/2017 19:20:00,48.73,-125.80,"124",382.00,1,2
2017,7/26/2017 19:20:00,48.73,-125.80,"124",352.00,1,2
2017,7/26/2017 19:20:00,48.73,-125.80,"124",372.00,1,2
2017,7/26/2017 19:20:00,48.73,-125.80,"124",382.00,1,2
2017,7/26/2017 19:20:00,48.73,-125.80,"124",570.00,1,2
2017,7/26/2017 21:58:00,48.73,-125.81,"124",458.00,1,2
2017,7/26/2017 21:58:00,48.73,-125.81,"124",594.00,1,2
2017,7/27/2017 0:53:00,48.80,-125.91,"124",396.00,1,2
2017,7/27/2017 0:53:00,48.80,-125.91,"124",687.00,1,2
2017,7/27/2017 14:57:00,48.43,-125.71,"124",364.00,1,2
2017,7/27/2017 14:57:00,48.43,-125.71,"124",386.00,1,2
2017,7/27/2017 14:57:00,48.43,-125.71,"124",363.00,1,2
2017,7/27/2017 19:46:00,48.49,-125.21,"124",382.00,1,2
2017,7/27/2017 19:46:00,48.49,-125.21,"124",357.00,1,2
2017,7/28/2017 0:17:00,48.53,-125.47,"124",368.00,1,2
2017,7/28/2017 0:17:00,48.53,-125.47,"124",365.00,1,2
2017,7/28/2017 0:17:00,48.53,-125.47,"124",388.00,1,2
2017,7/28/2017 0:17:00,48.53,-125.47,"124",434.00,1,2
2017,7/28/2017 0:17:00,48.53,-125.47,"124",515.00,1,2
2017,7/28/2017 0:17:00,48.53,-125.47,"124",376.00,1,2
2017,7/28/2017 0:17:00,48.53,-125.47,"124",423.00,1,2
2017,7/28/2017 0:17:00,48.53,-125.47,"124",407.00,1,2
2017,7/28/2017 0:17:00,48.53,-125.47,"124",366.00,1,2
2017,7/28/2017 0:17:00,48.53,-125.47,"124",460.00,1,2
2017,7/28/2017 0:17:00,48.53,-125.47,"124",505.00,1,2
2017,7/29/2017 23:31:00,49.28,-126.55,"124",261.00,1,2
2017,7/30/2017 1:02:00,49.15,-126.58,"124",711.00,1,2
2017,7/31/2017 15:24:00,48.54,-125.66,"124",393.00,1,2
2017,7/31/2017 15:24:00,48.54,-125.66,"124",378.00,1,2
2017,7/31/2017 15:24:00,48.54,-125.66,"124",373.00,1,2
2017,7/31/2017 15:24:00,48.54,-125.66,"124",376.00,1,2
2017,7/31/2017 15:24:00,48.54,-125.66,"124",280.00,1,2
2017,7/31/2017 18:22:00,48.55,-125.92,"124",656.00,1,2
2017,7/31/2017 23:56:00,48.54,-125.67,"124",606.00,1,2
2017,7/31/2017 23:56:00,48.54,-125.67,"124",395.00,1,2
2017,7/31/2017 23:56:00,48.54,-125.67,"124",365.00,1,2
2017,8/1/2017 2:21:00,48.61,-125.53,"124",278.00,1,2
2017,8/1/2017 2:21:00,48.61,-125.53,"124",286.00,1,2
2017,8/1/2017 2:21:00,48.61,-125.53,"124",238.00,1,2
2017,8/1/2017 2:21:00,48.61,-125.53,"124",255.00,1,2
2017,8/1/2017 2:21:00,48.61,-125.53,"124",550.00,1,2
2017,8/1/2017 2:21:00,48.61,-125.53,"124",432.00,1,2
2017,8/1/2017 2:21:00,48.61,-125.53,"124",422.00,1,2
2017,8/1/2017 2:21:00,48.61,-125.53,"124",523.00,1,2
2017,8/1/2017 2:21:00,48.61,-125.53,"124",438.00,1,2
2017,8/1/2017 2:21:00,48.61,-125.53,"124",420.00,1,2
2017,8/1/2017 2:21:00,48.61,-125.53,"124",539.00,1,2
2017,8/1/2017 2:21:00,48.61,-125.53,"124",402.00,1,2
2017,8/1/2017 2:21:00,48.61,-125.53,"124",334.00,1,2
2017,8/1/2017 2:21:00,48.61,-125.53,"124",381.00,1,2
2017,8/1/2017 2:21:00,48.61,-125.53,"124",383.00,1,2
2017,8/1/2017 2:21:00,48.61,-125.53,"124",451.00,1,2
2017,8/1/2017 2:21:00,48.61,-125.53,"124",341.00,1,2
2017,8/1/2017 2:21:00,48.61,-125.53,"124",493.00,1,2
2017,8/1/2017 2:21:00,48.61,-125.53,"124",360.00,1,2
2018,7/6/2018 17:26:00,51.17,-128.24,"124",280.00,1,2
2018,7/6/2018 17:26:00,51.17,-128.24,"124",341.00,1,2
2018,7/6/2018 22:20:00,51.19,-128.26,"124",248.00,1,2
2018,7/7/2018 15:47:00,51.02,-127.84,"124",341.00,1,2
2018,7/7/2018 17:10:00,51.09,-127.95,"124",387.00,1,2
2018,7/7/2018 18:27:00,51.12,-127.87,"124",313.00,1,2
2018,7/7/2018 22:02:00,51.15,-127.84,"124",334.00,1,2
2018,7/7/2018 22:02:00,51.15,-127.84,"124",348.00,1,2
2018,7/7/2018 22:02:00,51.15,-127.84,"124",346.00,1,2
2018,7/7/2018 22:02:00,51.15,-127.84,"124",380.00,1,2
2018,7/7/2018 22:02:00,51.15,-127.84,"124",339.00,1,2
2018,7/8/2018 17:44:00,51.06,-129.13,"124",275.00,1,2
2018,7/9/2018 15:51:00,50.85,-128.65,"124",306.00,1,2
2018,7/9/2018 22:07:00,50.90,-128.34,"124",562.00,1,2
2018,7/11/2018 16:14:00,50.47,-128.23,"124",246.00,1,2
2018,7/11/2018 19:52:00,50.24,-127.89,"124",140.00,1,2
2018,7/11/2018 22:00:00,50.25,-127.89,"124",720.00,1,2
2018,7/11/2018 22:00:00,50.25,-127.89,"124",734.00,1,2
2018,7/11/2018 22:00:00,50.25,-127.89,"124",648.00,1,2
2018,7/11/2018 22:00:00,50.25,-127.89,"124",749.00,1,2
2018,7/11/2018 22:00:00,50.25,-127.89,"124",796.00,1,2
2018,7/11/2018 22:00:00,50.25,-127.89,"124",563.00,1,2
2018,7/11/2018 22:00:00,50.25,-127.89,"124",594.00,1,2
2018,7/11/2018 22:00:00,50.25,-127.89,"124",740.00,1,2
2018,7/12/2018 15:48:00,50.48,-127.84,"124",99.00,1,2
2018,7/12/2018 18:34:00,50.49,-127.75,"124",462.00,1,2
2018,7/12/2018 18:34:00,50.49,-127.75,"124",326.00,1,2
2018,7/12/2018 18:34:00,50.49,-127.75,"124",393.00,1,2
2018,7/12/2018 18:34:00,50.49,-127.75,"124",338.00,1,2
2018,7/12/2018 18:34:00,50.49,-127.75,"124",361.00,1,2
2018,7/12/2018 18:34:00,50.49,-127.75,"124",318.00,1,2
2018,7/12/2018 18:34:00,50.49,-127.75,"124",294.00,1,2
2018,7/12/2018 18:34:00,50.49,-127.75,"124",348.00,1,2
2018,7/12/2018 18:34:00,50.49,-127.75,"124",379.00,1,2
2018,7/12/2018 18:34:00,50.49,-127.75,"124",335.00,1,2
2018,7/12/2018 18:34:00,50.49,-127.75,"124",148.00,1,2
2018,7/12/2018 20:20:00,50.48,-127.56,"124",315.00,1,2
2018,7/12/2018 22:41:00,50.49,-127.69,"124",387.00,1,2
2018,7/12/2018 22:41:00,50.49,-127.69,"124",396.00,1,2
2018,7/12/2018 22:41:00,50.49,-127.69,"124",352.00,1,2
2018,7/12/2018 22:41:00,50.49,-127.69,"124",263.00,1,2
2018,7/14/2018 15:59:00,49.03,-126.06,"124",361.00,1,2
2018,7/14/2018 15:59:00,49.03,-126.06,"124",354.00,1,2
2018,7/14/2018 17:34:00,48.96,-125.95,"124",364.00,1,2
2018,7/14/2018 17:34:00,48.96,-125.95,"124",383.00,1,2
2018,7/14/2018 21:57:00,48.88,-125.75,"124",608.00,1,2
2018,7/14/2018 21:57:00,48.88,-125.75,"124",307.00,1,2
2018,7/14/2018 21:57:00,48.88,-125.75,"124",391.00,1,2
2018,7/14/2018 23:29:00,48.93,-125.92,"124",424.00,1,2
2018,7/14/2018 23:29:00,48.93,-125.92,"124",277.00,1,2
2018,7/15/2018 1:04:00,49.00,-126.02,"124",393.00,1,2
2018,7/15/2018 1:04:00,49.00,-126.02,"124",370.00,1,2
2018,7/15/2018 1:04:00,49.00,-126.02,"124",343.00,1,2
2018,7/15/2018 1:04:00,49.00,-126.02,"124",330.00,1,2
2018,7/15/2018 1:04:00,49.00,-126.02,"124",369.00,1,2
2018,7/15/2018 1:04:00,49.00,-126.02,"124",434.00,1,2
2018,7/15/2018 1:04:00,49.00,-126.02,"124",614.00,1,2
2018,7/15/2018 1:04:00,49.00,-126.02,"124",199.00,1,2
2018,7/15/2018 1:04:00,49.00,-126.02,"124",195.00,1,2
2018,7/15/2018 20:11:00,49.18,-126.33,"124",221.00,1,2
2018,7/15/2018 20:11:00,49.18,-126.33,"124",295.00,1,2
2018,7/15/2018 20:11:00,49.18,-126.33,"124",252.00,1,2
2018,7/15/2018 22:11:00,49.18,-126.32,"124",377.00,1,2
2018,7/15/2018 22:11:00,49.18,-126.32,"124",594.00,1,2
2018,7/15/2018 22:11:00,49.18,-126.32,"124",350.00,1,2
2018,7/15/2018 22:11:00,49.18,-126.32,"124",247.00,1,2
2018,7/15/2018 22:11:00,49.18,-126.32,"124",212.00,1,2
2018,7/15/2018 22:11:00,49.18,-126.32,"124",196.00,1,2
2018,7/15/2018 22:11:00,49.18,-126.32,"124",206.00,1,2
2018,7/15/2018 22:11:00,49.18,-126.32,"124",213.00,1,2
2018,7/15/2018 22:11:00,49.18,-126.32,"124",315.00,1,2
2018,7/15/2018 22:11:00,49.18,-126.32,"124",246.00,1,2
2018,7/15/2018 22:11:00,49.18,-126.32,"124",190.00,1,2
2018,7/15/2018 22:11:00,49.18,-126.32,"124",197.00,1,2
2018,7/16/2018 17:21:00,48.30,-125.72,"124",348.00,1,2
2018,7/16/2018 17:21:00,48.30,-125.72,"124",339.00,1,2
2018,7/16/2018 23:52:00,48.27,-125.69,"124",507.00,1,2
2018,7/17/2018 2:20:00,48.34,-125.78,"124",389.00,1,2
2018,7/21/2018 17:23:00,48.47,-125.09,"124",363.00,1,2
2018,7/21/2018 17:23:00,48.47,-125.09,"124",244.00,1,2
2018,7/21/2018 19:37:00,48.50,-125.13,"124",350.00,1,2
2018,7/21/2018 19:37:00,48.50,-125.13,"124",356.00,1,2
2018,7/21/2018 19:37:00,48.50,-125.13,"124",408.00,1,2
2018,7/21/2018 19:37:00,48.50,-125.13,"124",429.00,1,2
2018,7/21/2018 21:54:00,48.50,-125.13,"124",399.00,1,2
2018,7/21/2018 21:54:00,48.50,-125.13,"124",516.00,1,2
2018,7/21/2018 21:54:00,48.50,-125.13,"124",477.00,1,2
2018,7/21/2018 21:54:00,48.50,-125.13,"124",427.00,1,2
2018,7/21/2018 21:54:00,48.50,-125.13,"124",643.00,1,2
2018,7/21/2018 21:54:00,48.50,-125.13,"124",393.00,1,2
2018,7/21/2018 21:54:00,48.50,-125.13,"124",492.00,1,2
2018,7/21/2018 21:54:00,48.50,-125.13,"124",481.00,1,2
2018,7/21/2018 21:54:00,48.50,-125.13,"124",534.00,1,2
2018,7/21/2018 21:54:00,48.50,-125.13,"124",422.00,1,2
2018,7/21/2018 21:54:00,48.50,-125.13,"124",426.00,1,2
2018,7/21/2018 21:54:00,48.50,-125.13,"124",418.00,1,2
2018,7/21/2018 21:54:00,48.50,-125.13,"124",533.00,1,2
2018,7/21/2018 21:54:00,48.50,-125.13,"124",483.00,1,2
2018,7/21/2018 21:54:00,48.50,-125.13,"124",424.00,1,2
2018,7/21/2018 21:54:00,48.50,-125.13,"124",495.00,1,2
2018,7/21/2018 21:54:00,48.50,-125.13,"124",378.00,1,2
2018,7/21/2018 21:54:00,48.50,-125.13,"124",550.00,1,2
2018,7/21/2018 21:54:00,48.50,-125.13,"124",388.00,1,2
2018,7/21/2018 21:54:00,48.50,-125.13,"124",499.00,1,2
2018,7/21/2018 21:54:00,48.50,-125.13,"124",395.00,1,2
2018,7/21/2018 21:54:00,48.50,-125.13,"124",549.00,1,2
2018,7/21/2018 21:54:00,48.50,-125.13,"124",405.00,1,2
2018,7/21/2018 21:54:00,48.50,-125.13,"124",527.00,1,2
2018,7/21/2018 21:54:00,48.50,-125.13,"124",468.00,1,2
2018,7/21/2018 21:54:00,48.50,-125.13,"124",449.00,1,2
2018,7/21/2018 21:54:00,48.50,-125.13,"124",422.00,1,2
2018,7/21/2018 21:54:00,48.50,-125.13,"124",389.00,1,2
2018,7/21/2018 21:54:00,48.50,-125.13,"124",449.00,1,2
2018,7/21/2018 21:54:00,48.50,-125.13,"124",431.00,1,2
2018,7/21/2018 23:29:00,48.49,-125.11,"124",391.00,1,2
2018,7/21/2018 23:29:00,48.49,-125.11,"124",536.00,1,2
2018,7/22/2018 1:02:00,48.55,-125.08,"124",353.00,1,2
2018,7/22/2018 1:02:00,48.55,-125.08,"124",646.00,1,2
2018,7/22/2018 17:26:00,49.41,-126.97,"124",324.00,1,2
2018,7/22/2018 22:01:00,49.40,-126.80,"124",575.00,1,2
2018,7/22/2018 22:01:00,49.40,-126.80,"124",212.00,1,2
2018,7/23/2018 19:32:00,49.67,-127.08,"124",719.00,1,2
2018,7/23/2018 19:32:00,49.67,-127.08,"124",275.00,1,2
2018,7/23/2018 19:32:00,49.67,-127.08,"124",209.00,1,2
2018,7/23/2018 21:55:00,49.67,-127.07,"124",223.00,1,2
2018,7/23/2018 23:40:00,49.67,-127.20,"124",450.00,1,2
2018,7/24/2018 17:04:00,48.96,-126.17,"124",282.00,1,2
2018,7/24/2018 18:50:00,48.89,-126.06,"124",344.00,1,2
2018,7/24/2018 23:26:00,48.93,-126.13,"124",616.00,1,2
2018,7/25/2018 17:06:00,48.70,-126.02,"124",427.00,1,2
2018,7/25/2018 17:06:00,48.70,-126.02,"124",436.00,1,2
2018,7/25/2018 17:06:00,48.70,-126.02,"124",585.00,1,2
2018,7/25/2018 17:06:00,48.70,-126.02,"124",384.00,1,2
2018,7/25/2018 17:06:00,48.70,-126.02,"124",390.00,1,2
2018,7/25/2018 17:06:00,48.70,-126.02,"124",365.00,1,2
2018,7/25/2018 17:06:00,48.70,-126.02,"124",216.00,1,2
2018,7/25/2018 19:14:00,48.59,-126.03,"124",408.00,1,2
2018,7/27/2018 19:06:00,48.63,-125.61,"124",637.00,1,2
2018,7/25/2018 23:40:00,48.68,-125.99,"124",588.00,1,2
2018,7/25/2018 23:40:00,48.68,-125.99,"124",323.00,1,2
2018,7/25/2018 23:40:00,48.68,-125.99,"124",365.00,1,2
2018,7/26/2018 21:43:00,48.56,-125.62,"124",707.00,1,2
2018,7/26/2018 21:43:00,48.56,-125.62,"124",447.00,1,2
2018,7/26/2018 21:43:00,48.56,-125.62,"124",607.00,1,2
2018,7/26/2018 21:43:00,48.56,-125.62,"124",785.00,1,2
2018,7/26/2018 21:43:00,48.56,-125.62,"124",688.00,1,2
2018,7/27/2018 21:43:00,48.66,-125.64,"124",431.00,1,2
2018,7/27/2018 21:43:00,48.66,-125.64,"124",600.00,1,2
2018,7/27/2018 21:43:00,48.66,-125.64,"124",394.00,1,2
2018,7/27/2018 21:43:00,48.66,-125.64,"124",360.00,1,2
2018,7/27/2018 21:43:00,48.66,-125.64,"124",383.00,1,2
2018,7/27/2018 21:43:00,48.66,-125.64,"124",358.00,1,2
2018,7/27/2018 21:43:00,48.66,-125.64,"124",530.00,1,2
2018,7/27/2018 21:43:00,48.66,-125.64,"124",344.00,1,2
2018,7/27/2018 21:43:00,48.66,-125.64,"124",342.00,1,2
2018,7/27/2018 21:43:00,48.66,-125.64,"124",346.00,1,2
2018,7/27/2018 21:43:00,48.66,-125.64,"124",318.00,1,2
2018,7/27/2018 21:43:00,48.66,-125.64,"124",396.00,1,2
2018,7/27/2018 21:43:00,48.66,-125.64,"124",837.00,1,2
2018,7/27/2018 22:22:00,48.63,-125.60,"124",464.00,1,2
2018,7/27/2018 22:22:00,48.63,-125.60,"124",399.00,1,2
2018,7/28/2018 0:01:00,48.69,-125.48,"124",396.00,1,2
2018,7/28/2018 0:01:00,48.69,-125.48,"124",480.00,1,2
2018,7/28/2018 0:01:00,48.69,-125.48,"124",412.00,1,2
2018,7/28/2018 0:01:00,48.69,-125.48,"124",348.00,1,2
2019,6/17/2019 7:23:00,50.37,-125.63,"124",108.00,1,2
2019,6/17/2019 9:42:00,50.37,-125.77,"124",107.00,1,2
2019,6/17/2019 10:24:00,50.42,-125.98,"124",154.00,1,2
2019,6/17/2019 10:24:00,50.42,-125.98,"124",117.00,1,2
2019,6/17/2019 17:02:00,50.51,-126.59,"124",166.00,1,2
2019,6/18/2019 7:52:00,50.67,-126.80,"124",328.00,1,2
2019,6/18/2019 12:24:00,50.83,-127.35,"124",346.00,1,2
2019,6/18/2019 12:24:00,50.83,-127.35,"124",299.00,1,2
2019,6/18/2019 12:24:00,50.83,-127.35,"124",197.00,1,2
2019,6/18/2019 12:24:00,50.83,-127.35,"124",179.00,1,2
2019,6/18/2019 16:03:00,50.99,-127.60,"124",316.00,1,2
2019,6/18/2019 16:03:00,50.99,-127.60,"124",410.00,1,2
2019,6/18/2019 16:03:00,50.99,-127.60,"124",294.00,1,2
2019,6/18/2019 16:03:00,50.99,-127.60,"124",327.00,1,2
2019,6/18/2019 16:03:00,50.99,-127.60,"124",157.00,1,2
2019,6/18/2019 16:03:00,50.99,-127.60,"124",178.00,1,2
2019,6/18/2019 16:03:00,50.99,-127.60,"124",155.00,1,2
2019,6/18/2019 17:47:00,50.94,-127.69,"124",345.00,1,2
2019,6/18/2019 17:47:00,50.94,-127.69,"124",286.00,1,2
2019,6/18/2019 17:47:00,50.94,-127.69,"124",318.00,1,2
2019,6/18/2019 17:47:00,50.94,-127.69,"124",340.00,1,2
2019,6/19/2019 16:09:00,50.98,-128.18,"124",330.00,1,2
2019,6/19/2019 16:09:00,50.98,-128.18,"124",378.00,1,2
2019,6/19/2019 16:09:00,50.98,-128.18,"124",422.00,1,2
2019,6/19/2019 20:31:00,51.04,-127.89,"124",519.00,1,2
2019,6/19/2019 20:31:00,51.04,-127.89,"124",733.00,1,2
2019,6/19/2019 20:31:00,51.04,-127.89,"124",155.00,1,2
2019,6/19/2019 23:01:00,50.98,-128.17,"124",305.00,1,2
2019,6/19/2019 23:01:00,50.98,-128.17,"124",156.00,1,2
2019,6/21/2019 17:07:00,51.01,-128.45,"124",377.00,1,2
2019,6/21/2019 18:31:00,51.16,-128.39,"124",740.00,1,2
2019,6/22/2019 0:30:00,50.97,-128.46,"124",899.00,1,2
2019,6/22/2019 22:55:00,51.12,-128.96,"124",199.00,1,2
2019,6/23/2019 1:50:00,51.15,-129.09,"124",833.00,1,2
2019,6/23/2019 19:23:00,50.98,-129.08,"124",195.00,1,2
2019,6/24/2019 16:52:00,50.87,-129.25,"124",843.00,1,2
2019,6/24/2019 17:41:00,50.91,-129.31,"124",197.00,1,2
2019,6/24/2019 23:16:00,50.90,-129.31,"124",190.00,1,2
2019,6/24/2019 23:16:00,50.90,-129.31,"124",202.00,1,2
2019,6/25/2019 0:31:00,50.84,-129.25,"124",183.00,1,2
2019,6/25/2019 0:31:00,50.84,-129.25,"124",193.00,1,2
2019,6/25/2019 15:48:00,50.69,-128.85,"124",174.00,1,2
2019,6/25/2019 15:48:00,50.69,-128.85,"124",180.00,1,2
2019,6/25/2019 17:56:00,50.72,-128.68,"124",349.00,1,2
2019,6/25/2019 20:22:00,50.91,-128.74,"124",220.00,1,2
2019,6/25/2019 20:22:00,50.91,-128.74,"124",246.00,1,2
2019,6/26/2019 15:29:00,50.36,-128.18,"124",209.00,1,2
2019,6/26/2019 15:29:00,50.36,-128.18,"124",189.00,1,2
2019,6/26/2019 15:29:00,50.36,-128.18,"124",197.00,1,2
2019,6/26/2019 15:29:00,50.36,-128.18,"124",170.00,1,2
2019,6/26/2019 15:29:00,50.36,-128.18,"124",201.00,1,2
2019,6/26/2019 16:14:00,50.40,-128.16,"124",540.00,1,2
2019,6/26/2019 16:14:00,50.40,-128.16,"124",733.00,1,2
2019,6/26/2019 16:14:00,50.40,-128.16,"124",650.00,1,2
2019,6/26/2019 17:48:00,50.51,-128.35,"124",751.00,1,2
2019,6/26/2019 17:48:00,50.51,-128.35,"124",181.00,1,2
2019,6/27/2019 15:35:00,50.24,-127.90,"124",900.00,1,2
2019,6/27/2019 15:35:00,50.24,-127.90,"124",703.00,1,2
2019,6/27/2019 15:35:00,50.24,-127.90,"124",210.00,1,2
2019,6/27/2019 16:46:00,50.26,-128.13,"124",378.00,1,2
2019,6/27/2019 19:32:00,50.33,-128.24,"124",341.00,1,2
2019,6/27/2019 19:32:00,50.33,-128.24,"124",308.00,1,2
2019,6/27/2019 22:46:00,50.29,-128.18,"124",615.00,1,2
2019,6/28/2019 1:29:00,50.24,-127.90,"124",734.00,1,2
2019,6/28/2019 1:29:00,50.24,-127.90,"124",718.00,1,2
2019,6/28/2019 1:29:00,50.24,-127.90,"124",728.00,1,2
2019,6/28/2019 1:29:00,50.24,-127.90,"124",715.00,1,2
2019,6/28/2019 1:29:00,50.24,-127.90,"124",319.00,1,2
2019,6/28/2019 1:29:00,50.24,-127.90,"124",332.00,1,2
2019,6/28/2019 1:29:00,50.24,-127.90,"124",340.00,1,2
2019,6/28/2019 1:29:00,50.24,-127.90,"124",291.00,1,2
2019,6/28/2019 15:31:00,50.00,-127.63,"124",382.00,1,2
2019,6/28/2019 15:31:00,50.00,-127.63,"124",373.00,1,2
2019,6/28/2019 15:31:00,50.00,-127.63,"124",385.00,1,2
2019,6/28/2019 15:31:00,50.00,-127.63,"124",344.00,1,2
2019,6/28/2019 15:31:00,50.00,-127.63,"124",359.00,1,2
2019,6/28/2019 15:31:00,50.00,-127.63,"124",394.00,1,2
2019,6/28/2019 15:31:00,50.00,-127.63,"124",322.00,1,2
2019,6/28/2019 15:31:00,50.00,-127.63,"124",343.00,1,2
2019,6/28/2019 15:31:00,50.00,-127.63,"124",322.00,1,2
2019,6/28/2019 15:31:00,50.00,-127.63,"124",186.00,1,2
2019,6/28/2019 15:31:00,50.00,-127.63,"124",177.00,1,2
2019,6/28/2019 15:31:00,50.00,-127.63,"124",190.00,1,2
2019,6/28/2019 15:31:00,50.00,-127.63,"124",176.00,1,2
2019,6/28/2019 15:31:00,50.00,-127.63,"124",190.00,1,2
2019,6/28/2019 15:31:00,50.00,-127.63,"124",167.00,1,2
2019,6/28/2019 15:31:00,50.00,-127.63,"124",216.00,1,2
2019,6/28/2019 15:31:00,50.00,-127.63,"124",285.00,1,2
2019,6/28/2019 17:17:00,50.04,-127.63,"124",311.00,1,2
2019,6/28/2019 19:00:00,50.08,-127.97,"124",572.00,1,2
2019,6/28/2019 19:00:00,50.08,-127.97,"124",743.00,1,2
2019,6/28/2019 19:00:00,50.08,-127.97,"124",329.00,1,2
2019,6/28/2019 19:00:00,50.08,-127.97,"124",379.00,1,2
2019,6/28/2019 19:00:00,50.08,-127.97,"124",296.00,1,2
2019,6/28/2019 19:00:00,50.08,-127.97,"124",166.00,1,2
2019,6/28/2019 19:00:00,50.08,-127.97,"124",173.00,1,2
2019,6/28/2019 19:00:00,50.08,-127.97,"124",167.00,1,2
2019,6/28/2019 20:01:00,50.11,-128.02,"124",378.00,1,2
2019,6/28/2019 20:01:00,50.11,-128.02,"124",357.00,1,2
2019,6/28/2019 20:01:00,50.11,-128.02,"124",347.00,1,2
2019,6/28/2019 20:01:00,50.11,-128.02,"124",456.00,1,2
2019,6/28/2019 20:01:00,50.11,-128.02,"124",563.00,1,2
2019,6/29/2019 0:00:00,50.04,-127.68,"124",295.00,1,2
2019,6/29/2019 0:00:00,50.04,-127.68,"124",236.00,1,2
2019,6/29/2019 0:00:00,50.04,-127.68,"124",162.00,1,2
2019,6/29/2019 0:54:00,50.00,-127.63,"124",356.00,1,2
2019,6/29/2019 0:54:00,50.00,-127.63,"124",401.00,1,2
2019,6/29/2019 0:54:00,50.00,-127.63,"124",342.00,1,2
2019,6/29/2019 0:54:00,50.00,-127.63,"124",244.00,1,2
2019,6/29/2019 0:54:00,50.00,-127.63,"124",188.00,1,2
2019,6/29/2019 0:54:00,50.00,-127.63,"124",184.00,1,2
2019,6/29/2019 0:54:00,50.00,-127.63,"124",179.00,1,2
2019,6/29/2019 0:54:00,50.00,-127.63,"124",178.00,1,2
2019,6/29/2019 0:54:00,50.00,-127.63,"124",199.00,1,2
2019,6/29/2019 19:16:00,49.08,-126.34,"124",355.00,1,2
2019,7/1/2019 15:23:00,49.10,-126.12,"124",605.00,1,2
2019,7/1/2019 15:23:00,49.10,-126.12,"124",575.00,1,2
2019,7/1/2019 15:23:00,49.10,-126.12,"124",347.00,1,2
2019,7/1/2019 15:23:00,49.10,-126.12,"124",157.00,1,2
2019,7/1/2019 15:23:00,49.10,-126.12,"124",191.00,1,2
2019,7/1/2019 15:23:00,49.10,-126.12,"124",220.00,1,2
2019,7/1/2019 15:23:00,49.10,-126.12,"124",228.00,1,2
2019,7/1/2019 15:23:00,49.10,-126.12,"124",196.00,1,2
2019,7/1/2019 18:44:00,48.96,-126.11,"124",326.00,1,2
2019,7/1/2019 18:44:00,48.96,-126.11,"124",382.00,1,2
2019,7/1/2019 18:44:00,48.96,-126.11,"124",372.00,1,2
2019,7/1/2019 18:44:00,48.96,-126.11,"124",372.00,1,2
2019,7/1/2019 18:44:00,48.96,-126.11,"124",359.00,1,2
2019,7/1/2019 18:44:00,48.96,-126.11,"124",322.00,1,2
2019,7/1/2019 18:44:00,48.96,-126.11,"124",321.00,1,2
2019,7/1/2019 18:44:00,48.96,-126.11,"124",343.00,1,2
2019,7/1/2019 18:44:00,48.96,-126.11,"124",479.00,1,2
2019,7/1/2019 18:44:00,48.96,-126.11,"124",314.00,1,2
2019,7/1/2019 18:44:00,48.96,-126.11,"124",391.00,1,2
2019,7/1/2019 18:44:00,48.96,-126.11,"124",319.00,1,2
2019,7/1/2019 18:44:00,48.96,-126.11,"124",359.00,1,2
2019,7/1/2019 18:44:00,48.96,-126.11,"124",347.00,1,2
2019,7/1/2019 18:44:00,48.96,-126.11,"124",328.00,1,2
2019,7/1/2019 18:44:00,48.96,-126.11,"124",308.00,1,2
2019,7/1/2019 18:44:00,48.96,-126.11,"124",316.00,1,2
2019,7/1/2019 22:21:00,48.96,-126.11,"124",765.00,1,2
2019,7/1/2019 22:21:00,48.96,-126.11,"124",367.00,1,2
2019,7/1/2019 22:21:00,48.96,-126.11,"124",519.00,1,2
2019,7/1/2019 22:21:00,48.96,-126.11,"124",454.00,1,2
2019,7/1/2019 22:21:00,48.96,-126.11,"124",462.00,1,2
2019,7/1/2019 22:21:00,48.96,-126.11,"124",618.00,1,2
2019,7/1/2019 22:21:00,48.96,-126.11,"124",610.00,1,2
2019,7/1/2019 22:21:00,48.96,-126.11,"124",505.00,1,2
2019,7/1/2019 22:21:00,48.96,-126.11,"124",368.00,1,2
2019,7/1/2019 22:21:00,48.96,-126.11,"124",359.00,1,2
2019,7/1/2019 22:21:00,48.96,-126.11,"124",319.00,1,2
2019,7/1/2019 22:21:00,48.96,-126.11,"124",355.00,1,2
2019,7/1/2019 22:21:00,48.96,-126.11,"124",340.00,1,2
2019,7/1/2019 22:21:00,48.96,-126.11,"124",337.00,1,2
2019,7/1/2019 22:21:00,48.96,-126.11,"124",373.00,1,2
2019,7/1/2019 22:21:00,48.96,-126.11,"124",364.00,1,2
2019,7/2/2019 0:38:00,49.10,-126.12,"124",574.00,1,2
2019,7/2/2019 0:38:00,49.10,-126.12,"124",193.00,1,2
2019,7/2/2019 22:04:00,49.89,-127.63,"124",335.00,1,2
2019,7/3/2019 15:26:00,49.63,-127.10,"124",344.00,1,2
2019,7/3/2019 15:26:00,49.63,-127.10,"124",398.00,1,2
2019,7/3/2019 17:49:00,49.82,-127.30,"124",175.00,1,2
2019,7/3/2019 17:49:00,49.82,-127.30,"124",180.00,1,2
2019,7/3/2019 19:32:00,49.85,-127.49,"124",329.00,1,2
2019,7/3/2019 19:32:00,49.85,-127.49,"124",199.00,1,2
2019,7/3/2019 19:32:00,49.85,-127.49,"124",232.00,1,2
2019,7/4/2019 1:23:00,49.67,-127.14,"124",343.00,1,2
2019,7/4/2019 19:22:00,49.49,-126.93,"124",368.00,1,2
2019,7/4/2019 19:22:00,49.49,-126.93,"124",384.00,1,2
2019,7/4/2019 19:22:00,49.49,-126.93,"124",396.00,1,2
2019,7/4/2019 19:22:00,49.49,-126.93,"124",355.00,1,2
2019,7/4/2019 19:22:00,49.49,-126.93,"124",377.00,1,2
2019,7/4/2019 19:22:00,49.49,-126.93,"124",331.00,1,2
2019,7/4/2019 19:22:00,49.49,-126.93,"124",173.00,1,2
2019,7/4/2019 22:05:00,49.52,-126.90,"124",621.00,1,2
2019,7/6/2019 15:18:00,48.92,-125.96,"124",338.00,1,2
2019,7/6/2019 15:18:00,48.92,-125.96,"124",191.00,1,2
2019,7/6/2019 21:56:00,48.76,-125.97,"124",811.00,1,2
2019,7/7/2019 0:18:00,48.89,-125.97,"124",812.00,1,2
2019,7/8/2019 19:22:00,48.91,-125.59,"124",212.00,1,2
2019,7/8/2019 19:22:00,48.91,-125.59,"124",204.00,1,2
2019,7/8/2019 22:05:00,48.91,-125.58,"124",529.00,1,2
2019,7/8/2019 22:05:00,48.91,-125.58,"124",576.00,1,2
2019,7/8/2019 22:05:00,48.91,-125.58,"124",403.00,1,2
2019,7/8/2019 22:05:00,48.91,-125.58,"124",536.00,1,2
2019,7/8/2019 22:06:00,48.78,-125.81,"124",311.00,1,2
2019,7/9/2019 16:59:00,48.59,-125.23,"124",345.00,1,2
2019,7/9/2019 16:59:00,48.59,-125.23,"124",329.00,1,2
2019,7/9/2019 16:59:00,48.59,-125.23,"124",329.00,1,2
2019,7/9/2019 17:56:00,48.65,-125.16,"124",457.00,1,2
2019,7/9/2019 17:56:00,48.65,-125.16,"124",360.00,1,2
2019,7/9/2019 17:56:00,48.65,-125.16,"124",358.00,1,2
2019,7/9/2019 17:56:00,48.65,-125.16,"124",383.00,1,2
2019,7/9/2019 17:56:00,48.65,-125.16,"124",504.00,1,2
2019,7/9/2019 17:56:00,48.65,-125.16,"124",312.00,1,2
2019,7/9/2019 17:56:00,48.65,-125.16,"124",297.00,1,2
2019,7/9/2019 17:56:00,48.65,-125.16,"124",237.00,1,2
2019,7/9/2019 17:56:00,48.65,-125.16,"124",251.00,1,2
2019,7/9/2019 17:56:00,48.65,-125.16,"124",219.00,1,2
2019,7/9/2019 17:56:00,48.65,-125.16,"124",186.00,1,2
2019,7/9/2019 17:56:00,48.65,-125.16,"124",196.00,1,2
2019,7/9/2019 17:56:00,48.65,-125.16,"124",141.00,1,2
2019,7/9/2019 17:56:00,48.65,-125.16,"124",155.00,1,2
2019,7/9/2019 23:10:00,48.59,-125.22,"124",357.00,1,2
2019,7/9/2019 23:10:00,48.59,-125.22,"124",498.00,1,2
2019,7/10/2019 15:31:00,48.45,-125.65,"124",355.00,1,2
2019,7/10/2019 23:46:00,48.48,-125.65,"124",808.00,1,2
2019,7/10/2019 23:46:00,48.48,-125.65,"124",704.00,1,2
2019,7/12/2019 0:57:00,48.48,-125.72,"124",732.00,1,2
2019,7/12/2019 23:30:00,48.38,-125.81,"124",686.00,1,2
2019,7/13/2019 15:22:00,48.56,-125.12,"124",807.00,1,2
2019,7/13/2019 17:32:00,48.57,-124.90,"124",343.00,1,2
2019,7/13/2019 17:32:00,48.57,-124.90,"124",281.00,1,2
2019,7/13/2019 18:38:00,48.56,-124.85,"124",742.00,1,2
2019,7/13/2019 18:38:00,48.56,-124.85,"124",314.00,1,2
2019,7/13/2019 18:38:00,48.56,-124.85,"124",493.00,1,2
2019,7/13/2019 18:38:00,48.56,-124.85,"124",383.00,1,2
2019,7/13/2019 18:38:00,48.56,-124.85,"124",614.00,1,2
2019,7/13/2019 18:38:00,48.56,-124.85,"124",309.00,1,2
2019,7/13/2019 18:38:00,48.56,-124.85,"124",344.00,1,2
2019,7/13/2019 18:38:00,48.56,-124.85,"124",373.00,1,2
2019,7/13/2019 18:38:00,48.56,-124.85,"124",328.00,1,2
2019,7/13/2019 18:38:00,48.56,-124.85,"124",324.00,1,2
2019,7/13/2019 18:38:00,48.56,-124.85,"124",346.00,1,2
2019,7/13/2019 18:38:00,48.56,-124.85,"124",322.00,1,2
2019,7/13/2019 21:37:00,48.56,-125.12,"124",658.00,1,2
2019,7/13/2019 21:37:00,48.56,-125.12,"124",364.00,1,2
2019,7/13/2019 21:37:00,48.56,-125.12,"124",531.00,1,2
2019,7/13/2019 21:37:00,48.56,-125.12,"124",397.00,1,2
2019,7/13/2019 21:37:00,48.56,-125.12,"124",509.00,1,2
2019,7/13/2019 21:37:00,48.56,-125.12,"124",342.00,1,2
2019,7/13/2019 21:37:00,48.56,-125.12,"124",629.00,1,2
2019,7/13/2019 21:37:00,48.56,-125.12,"124",425.00,1,2
2019,7/13/2019 21:37:00,48.56,-125.12,"124",400.00,1,2
2019,7/13/2019 21:37:00,48.56,-125.12,"124",411.00,1,2
2019,7/13/2019 21:37:00,48.56,-125.12,"124",324.00,1,2
2019,7/13/2019 21:37:00,48.56,-125.12,"124",425.00,1,2
